"videoId","replyId","parentCommentId","parentAuthor","parentAuthorChannelId","replyAuthor","replyAuthorChannelId","replyText","likeCount","publishedAt","publishedTime","category","videoTitle","creator"
"ArCjNDHyn80","UgxIVaNtEv0hwn8Tf5J4AaABAg.Ab4hNTX6rEIAb7iyxKG1xm","UgxIVaNtEv0hwn8Tf5J4AaABAg","@RetroChiZ","UCwTs86SYB89cFMRLBtnzRlw","@kasoniakisangani","UCzaLG7ZVOAt8BXfgOuoanSg","This channel has a separate video about gameplay",0,"2026-09-24T06:16:31Z",2026-09-24 06:16:31,"Review","EA Sports FC 27 Review - The Final Verdict","GamingBolt"
"ArCjNDHyn80","Ugz15vMTD7X2biSrRoN4AaABAg.Ab4U0wizkQUAb7j2aBBmTj","Ugz15vMTD7X2biSrRoN4AaABAg","@dripsonice413","UCE6ZDRe0utVkQlAm44YbnTg","@kasoniakisangani","UCzaLG7ZVOAt8BXfgOuoanSg","Which mode, or modes, do you usually play?",0,"2026-09-24T06:17:09Z",2026-09-24 06:17:09,"Review","EA Sports FC 27 Review - The Final Verdict","GamingBolt"
"ArCjNDHyn80","Ugz15vMTD7X2biSrRoN4AaABAg.Ab4U0wizkQUAb8bjJSutbo","Ugz15vMTD7X2biSrRoN4AaABAg","@dripsonice413","UCE6ZDRe0utVkQlAm44YbnTg","@phantasma9391","UCpGRKTCx2skaj-6hQdZikYg","Kwasia,I do",0,"2026-09-24T14:32:27Z",2026-09-24 14:32:27,"Review","EA Sports FC 27 Review - The Final Verdict","GamingBolt"
"ArCjNDHyn80","Ugw3s-t2eV0h2mR8a994AaABAg.Ab4FmHPMBsVAb8boTQRBIq","Ugw3s-t2eV0h2mR8a994AaABAg","@clockworkslave0180","UCv_TFCaNcwFwsUgUQblbaEA","@phantasma9391","UCpGRKTCx2skaj-6hQdZikYg","ok",0,"2026-09-24T14:33:10Z",2026-09-24 14:33:10,"Review","EA Sports FC 27 Review - The Final Verdict","GamingBolt"
"ArCjNDHyn80","UgxIwqxsI7TOcuhcXkZ4AaABAg.Ab3rRAcQu_UAb4DQa7lfkk","UgxIwqxsI7TOcuhcXkZ4AaABAg","@D3stroyer369","UCNfv-I7oY-AnAupFATn1t4w","@B96.","UC-MJPMee5NPIIkIHC5Ebzmg","Best decision! I did It after Fifa 17 and never came Back.",8,"2026-09-22T21:34:21Z",2026-09-22 21:34:21,"Review","EA Sports FC 27 Review - The Final Verdict","GamingBolt"
"ArCjNDHyn80","UgxIwqxsI7TOcuhcXkZ4AaABAg.Ab3rRAcQu_UAb4yTO8CtFa","UgxIwqxsI7TOcuhcXkZ4AaABAg","@D3stroyer369","UCNfv-I7oY-AnAupFATn1t4w","@LoneWolf20201","UC_pw40_QKfEjJzao4fbCrCg","Bro I played it today started career mode and played online , online was cool but career mode felt slow I couldn’t score and I’m good at the game",2,"2026-09-23T04:34:09Z",2026-09-23 04:34:09,"Review","EA Sports FC 27 Review - The Final Verdict","GamingBolt"
"ArCjNDHyn80","UgxIwqxsI7TOcuhcXkZ4AaABAg.Ab3rRAcQu_UAb6-cn_C1z2","UgxIwqxsI7TOcuhcXkZ4AaABAg","@D3stroyer369","UCNfv-I7oY-AnAupFATn1t4w","@ManCalledD","UC2y7HAgdPeFZ4IX_W3Rw-Nw","They broke the difficulty a few games ago it is so annoying. It is either far too easy or far too hard now, so unenjoyable.",4,"2026-09-23T14:12:18Z",2026-09-23 14:12:18,"Review","EA Sports FC 27 Review - The Final Verdict","GamingBolt"
"ArCjNDHyn80","UgxIwqxsI7TOcuhcXkZ4AaABAg.Ab3rRAcQu_UAb6y1l1ZWLi","UgxIwqxsI7TOcuhcXkZ4AaABAg","@D3stroyer369","UCNfv-I7oY-AnAupFATn1t4w","@Chris-ee5bg","UCPJtF7FZrBtNlXpIVcyDlHA","Bullshit.",0,"2026-09-23T23:08:52Z",2026-09-23 23:08:52,"Review","EA Sports FC 27 Review - The Final Verdict","GamingBolt"
"ArCjNDHyn80","UgzaIDcRK8_oQyEFwgd4AaABAg.Ab3jlYFF4ExAb4hfHh7Pz2","UgzaIDcRK8_oQyEFwgd4AaABAg","@edoardofedrighi2102","UCR2e9EKvc8W8qZbog958HQw","@RetroChiZ","UCwTs86SYB89cFMRLBtnzRlw","You're missing out not playing 16 bro, it's widely regarded as the best fifa",0,"2026-09-23T02:07:22Z",2026-09-23 02:07:22,"Review","EA Sports FC 27 Review - The Final Verdict","GamingBolt"
"ArCjNDHyn80","UgxIuG91n3OhVaafkKJ4AaABAg.Ab3d0nkvdy4Ab3d86oKH0K","UgxIuG91n3OhVaafkKJ4AaABAg","@gezblair","UCkf4rrIHl7KZQmIaldJ5_oA","@gezblair","UCkf4rrIHl7KZQmIaldJ5_oA","Still, glad they’ve drooped that bloody cafe scene",0,"2026-09-22T16:08:31Z",2026-09-22 16:08:31,"Review","EA Sports FC 27 Review - The Final Verdict","GamingBolt"
"ArCjNDHyn80","UgxIuG91n3OhVaafkKJ4AaABAg.Ab3d0nkvdy4Ab3nPUS_dVK","UgxIuG91n3OhVaafkKJ4AaABAg","@gezblair","UCkf4rrIHl7KZQmIaldJ5_oA","@vladab8216","UCe2kz3SPRufIk_sLzVLtu8w","No I just change my mind about the timing. Was buying it in Septrmber - now around Christmass",1,"2026-09-22T17:38:16Z",2026-09-22 17:38:16,"Review","EA Sports FC 27 Review - The Final Verdict","GamingBolt"
"ArCjNDHyn80","UgwzklhiMyR1_IOR-314AaABAg.Ab3WFXPzPeEAb3wlBXbTtf","UgwzklhiMyR1_IOR-314AaABAg","@enowmessi2844","UCzkExunK4SkD-gXjJ7RX6mQ","@scoop7672","UCKy1Qi2v6kB4fXjMBOTaKoQ","Interesting. I didnt like 23,24 or 25. Didn't bother with 26. Last Fifa I really enjoyed was 17. Would I like 27?",1,"2026-09-22T19:00:00Z",2026-09-22 19:00:00,"Review","EA Sports FC 27 Review - The Final Verdict","GamingBolt"
"ArCjNDHyn80","UgwzklhiMyR1_IOR-314AaABAg.Ab3WFXPzPeEAb4ETgrY8tS","UgwzklhiMyR1_IOR-314AaABAg","@enowmessi2844","UCzkExunK4SkD-gXjJ7RX6mQ","@enowmessi2844","UCzkExunK4SkD-gXjJ7RX6mQ","​@scoop7672yes you will especially since you skipped last years game just like i did. Its not fifa 17 level but its better than fifa 20 to 25 in my opinion",0,"2026-09-22T21:43:30Z",2026-09-22 21:43:30,"Review","EA Sports FC 27 Review - The Final Verdict","GamingBolt"
"ArCjNDHyn80","Ugy8qvSxmog-erX6Qy94AaABAg.Ab3WD3fvIOSAb3obgtoyZX","Ugy8qvSxmog-erX6Qy94AaABAg","@enowmessi2844","UCzkExunK4SkD-gXjJ7RX6mQ","@sgood1995","UCc-Fvu8kjYKZTcW-KhY3fxA","Stop lying I played the game and deleted immediately its dog shit. I know your standards are very low but come on now",0,"2026-09-22T17:48:49Z",2026-09-22 17:48:49,"Review","EA Sports FC 27 Review - The Final Verdict","GamingBolt"
"ArCjNDHyn80","Ugy8qvSxmog-erX6Qy94AaABAg.Ab3WD3fvIOSAb49H0ShlM1","Ugy8qvSxmog-erX6Qy94AaABAg","@enowmessi2844","UCzkExunK4SkD-gXjJ7RX6mQ","@Engleberta","UC1Q9amSFNnvnhrDs5bKd41g","So much better but it ain’t a football game",1,"2026-09-22T20:58:05Z",2026-09-22 20:58:05,"Review","EA Sports FC 27 Review - The Final Verdict","GamingBolt"
"ArCjNDHyn80","Ugy8qvSxmog-erX6Qy94AaABAg.Ab3WD3fvIOSAb4BYWo84OU","Ugy8qvSxmog-erX6Qy94AaABAg","@enowmessi2844","UCzkExunK4SkD-gXjJ7RX6mQ","@enowmessi2844","UCzkExunK4SkD-gXjJ7RX6mQ","​​@Englebertathe authentic mode is a football simulation though",0,"2026-09-22T21:17:57Z",2026-09-22 21:17:57,"Review","EA Sports FC 27 Review - The Final Verdict","GamingBolt"
"ArCjNDHyn80","Ugy8qvSxmog-erX6Qy94AaABAg.Ab3WD3fvIOSAb4_28ciPf5","Ugy8qvSxmog-erX6Qy94AaABAg","@enowmessi2844","UCzkExunK4SkD-gXjJ7RX6mQ","@MiguelVidess","UCBb9HCTIbO0paLIzUA6bAbw","@e@enowmessi2844 compared to other $70 games, it’s not worth it at all",0,"2026-09-23T00:51:59Z",2026-09-23 00:51:59,"Review","EA Sports FC 27 Review - The Final Verdict","GamingBolt"
"ArCjNDHyn80","UgzhiSxQUbQf5Ug76DR4AaABAg.Ab3NtX7-s1hAb40ki_IHbZ","UgzhiSxQUbQf5Ug76DR4AaABAg","@pekvek","UCLJsI8VQf7ll1K-niJLtfCA","@7Anakin7","UCbYK48XvlVU7VnwDAoBX2gg","Might be an easier difficulty. I mean, there should be some differences between beginner and legendary...",0,"2026-09-22T19:43:38Z",2026-09-22 19:43:38,"Review","EA Sports FC 27 Review - The Final Verdict","GamingBolt"
"ArCjNDHyn80","Ugy-U1zbxVwbHaAqzLd4AaABAg.Ab3MIg3WqnHAb4AsAgvN6R","Ugy-U1zbxVwbHaAqzLd4AaABAg","@jerrydandrige2506","UC4BPy7-jN5TKuuctAVV1rig","@genX_gamers","UC31bDKCWZBuh9Pw37gi_WIA","And fifa 23",3,"2026-09-22T21:12:02Z",2026-09-22 21:12:02,"Review","EA Sports FC 27 Review - The Final Verdict","GamingBolt"
"ArCjNDHyn80","UgwF1oFYH6mUfyXimB14AaABAg.Ab3DRlnLMVvAb3MdUX55wW","UgwF1oFYH6mUfyXimB14AaABAg","@EH_1995","UCoh6fLMPAMN2BJMl7vAEwEw","@sgood1995","UCc-Fvu8kjYKZTcW-KhY3fxA","Bro just download fifa 18 or 17 your wasting your time playing this shitty game",0,"2026-09-22T13:35:39Z",2026-09-22 13:35:39,"Review","EA Sports FC 27 Review - The Final Verdict","GamingBolt"
"ArCjNDHyn80","UgwF1oFYH6mUfyXimB14AaABAg.Ab3DRlnLMVvAb3OWkQFUuC","UgwF1oFYH6mUfyXimB14AaABAg","@EH_1995","UCoh6fLMPAMN2BJMl7vAEwEw","@EH_1995","UCoh6fLMPAMN2BJMl7vAEwEw","@sgood1995 I used to buy Fifa every year so have those lol, stopped in 22 but I do miss career mode now after a few years off. Will still wait on a sale though",1,"2026-09-22T13:52:04Z",2026-09-22 13:52:04,"Review","EA Sports FC 27 Review - The Final Verdict","GamingBolt"
"ArCjNDHyn80","Ugz0c6E4jqRXp8VfPAx4AaABAg.Ab3BhxF4uSUAb8zQ31gnu0","Ugz0c6E4jqRXp8VfPAx4AaABAg","@davidpinto1195","UCedYOHfvgTVTeoJ5PnC3C6g","@andremagalhaes8839","UC_FqK_l8JDwbInlyQdq-IzQ","Yeah, I want know that too.",1,"2026-09-24T17:59:24Z",2026-09-24 17:59:24,"Review","EA Sports FC 27 Review - The Final Verdict","GamingBolt"
"ArCjNDHyn80","Ugz0c6E4jqRXp8VfPAx4AaABAg.Ab3BhxF4uSUAb9kM52V5C8","Ugz0c6E4jqRXp8VfPAx4AaABAg","@davidpinto1195","UCedYOHfvgTVTeoJ5PnC3C6g","@floridaman8723","UCAatCS3SbhoJLCZIkoB7wOw","Yep, zero credibility. This guy is a clown. Dude is an embarrassment.",4,"2026-09-25T01:07:02Z",2026-09-25 01:07:02,"Review","EA Sports FC 27 Review - The Final Verdict","GamingBolt"
"ArCjNDHyn80","Ugwsrsc5x_5rSWhIzxp4AaABAg.Ab36BXFQSraAb37EhqXCUc","Ugwsrsc5x_5rSWhIzxp4AaABAg","@TarekTamo","UCaO-op_lQHvRrCJlXugcA7A","@tiga8032","UCW7BKndUqlOjJHr7PBYH8hw","Di Baila",5,"2026-09-22T11:21:03Z",2026-09-22 11:21:03,"Review","EA Sports FC 27 Review - The Final Verdict","GamingBolt"
"ArCjNDHyn80","Ugwsrsc5x_5rSWhIzxp4AaABAg.Ab36BXFQSraAb3jMA9hwml","Ugwsrsc5x_5rSWhIzxp4AaABAg","@TarekTamo","UCaO-op_lQHvRrCJlXugcA7A","@doxhorizonAR","UCZ8hgwRimfFP9RhIFC7gHNw","​@tiga8032😂😂😂😂",0,"2026-09-22T17:02:52Z",2026-09-22 17:02:52,"Review","EA Sports FC 27 Review - The Final Verdict","GamingBolt"
"ArCjNDHyn80","Ugwsrsc5x_5rSWhIzxp4AaABAg.Ab36BXFQSraAb4A92YB6L7","Ugwsrsc5x_5rSWhIzxp4AaABAg","@TarekTamo","UCaO-op_lQHvRrCJlXugcA7A","@CLM26","UChsg7UsD2fr4dM93BgzHRmg","😂😂😂😂",0,"2026-09-22T21:05:44Z",2026-09-22 21:05:44,"Review","EA Sports FC 27 Review - The Final Verdict","GamingBolt"
"ArCjNDHyn80","Ugwsrsc5x_5rSWhIzxp4AaABAg.Ab36BXFQSraAb5VmL0coD5","Ugwsrsc5x_5rSWhIzxp4AaABAg","@TarekTamo","UCaO-op_lQHvRrCJlXugcA7A","@obiwanted2kenobi","UCv2KckFzHeSkU8SUeq87N0A","Seriously doesn't this imply the guy hasn't watched a single match of football in his life?? Like how can you possibly get Dybala wrong??",0,"2026-09-23T09:33:59Z",2026-09-23 09:33:59,"Review","EA Sports FC 27 Review - The Final Verdict","GamingBolt"
"ArCjNDHyn80","Ugxf5WXuYkYwHaFgdS94AaABAg.Ab34KCV6OO1Ab3CmQHsQnA","Ugxf5WXuYkYwHaFgdS94AaABAg","@lewist379","UCqtAeVjvm_IEpeCxJU_FjUA","@deepakrao5553","UCMfsZPK9pCxd6mryK8YHEJQ","Exactly 😅",3,"2026-09-22T12:09:29Z",2026-09-22 12:09:29,"Review","EA Sports FC 27 Review - The Final Verdict","GamingBolt"
"ArCjNDHyn80","Ugxf5WXuYkYwHaFgdS94AaABAg.Ab34KCV6OO1Ab4TYX5bIC6","Ugxf5WXuYkYwHaFgdS94AaABAg","@lewist379","UCqtAeVjvm_IEpeCxJU_FjUA","@isthatjjorbrody","UC8Ke9GhBYtW8M3e-UAcYQPQ","hey hey hey not too much on the Red Devils",1,"2026-09-22T23:55:14Z",2026-09-22 23:55:14,"Review","EA Sports FC 27 Review - The Final Verdict","GamingBolt"
"ArCjNDHyn80","Ugxf5WXuYkYwHaFgdS94AaABAg.Ab34KCV6OO1Ab6UNyG-9J1","Ugxf5WXuYkYwHaFgdS94AaABAg","@lewist379","UCqtAeVjvm_IEpeCxJU_FjUA","@howlingmadwarbot","UCQEm9e7MT31uyfvXE23mm4w","It's great 🤷",0,"2026-09-23T18:41:01Z",2026-09-23 18:41:01,"Review","EA Sports FC 27 Review - The Final Verdict","GamingBolt"
"ArCjNDHyn80","Ugwgg_aKj8NNA5NfHdt4AaABAg.Ab30n5XQpbVAb316QB1Q_A","Ugwgg_aKj8NNA5NfHdt4AaABAg","@dylanlee4674","UC2_CtGr4CpJKBb-Sf7hOl5g","@RhythmicSlinger","UCPXAe_p9VbsOcUomXEc4fzA","Gaming Bolt gives a good score to almost all games.",0,"2026-09-22T10:27:30Z",2026-09-22 10:27:30,"Review","EA Sports FC 27 Review - The Final Verdict","GamingBolt"
"ArCjNDHyn80","Ugwgg_aKj8NNA5NfHdt4AaABAg.Ab30n5XQpbVAb3AXKZltrc","Ugwgg_aKj8NNA5NfHdt4AaABAg","@dylanlee4674","UC2_CtGr4CpJKBb-Sf7hOl5g","@Measureonce_cut_twice","UCspmIVa_USkazpIZ4QXMGJg","Probably bought out by private equity",0,"2026-09-22T11:49:49Z",2026-09-22 11:49:49,"Review","EA Sports FC 27 Review - The Final Verdict","GamingBolt"
"ArCjNDHyn80","UgwjXg2PQL47qrjjmP14AaABAg.Ab30kwlB6roAb34E9O6BKh","UgwjXg2PQL47qrjjmP14AaABAg","@PizzaMozzarellaGR11","UCc16WfzDVMuS_tuOe85IweA","@sergiogutietrez5769","UCIwY_q9CHsbPmKkdX5tFAUQ","I agree",5,"2026-09-22T10:54:46Z",2026-09-22 10:54:46,"Review","EA Sports FC 27 Review - The Final Verdict","GamingBolt"
"ArCjNDHyn80","UgwjXg2PQL47qrjjmP14AaABAg.Ab30kwlB6roAb3DGhQIEGP","UgwjXg2PQL47qrjjmP14AaABAg","@PizzaMozzarellaGR11","UCc16WfzDVMuS_tuOe85IweA","@TheRealEclipse1","UC1BvFp2BmHcBEEDIHBA0Q8Q","Well, when a game is based a sport that doesn't change much, the games that try to replicate them, probably won't change much either. Not sure why you people get the urge to repeat the same phrase with every yearly release of a sports title. Maybe next year they'll make the ball the shape of a triangle so you can get excited.",25,"2026-09-22T12:13:45Z",2026-09-22 12:13:45,"Review","EA Sports FC 27 Review - The Final Verdict","GamingBolt"
"ArCjNDHyn80","UgwjXg2PQL47qrjjmP14AaABAg.Ab30kwlB6roAb3DSWKztwW","UgwjXg2PQL47qrjjmP14AaABAg","@PizzaMozzarellaGR11","UCc16WfzDVMuS_tuOe85IweA","@Markus_Woody","UC-WYUIDbZYyjiZhl1CAnivA","@TheRealEclipse1 Perfectly put",1,"2026-09-22T12:15:22Z",2026-09-22 12:15:22,"Review","EA Sports FC 27 Review - The Final Verdict","GamingBolt"
"ArCjNDHyn80","UgwjXg2PQL47qrjjmP14AaABAg.Ab30kwlB6roAb3EovKQBwF","UgwjXg2PQL47qrjjmP14AaABAg","@PizzaMozzarellaGR11","UCc16WfzDVMuS_tuOe85IweA","@PizzaMozzarellaGR11","UCc16WfzDVMuS_tuOe85IweA","​@TheRealEclipse1It's okay not being able to advance your game further as a Dev when it comes to its gameplay. The policy behind that is where I have a problem with. They charge full price for 2-3 changes that could be in an update most of the time.
Other than that, if you're happy to be one of the sheep who buys it every year and your expectations are the bare minimum, be my guest.",4,"2026-09-22T12:27:18Z",2026-09-22 12:27:18,"Review","EA Sports FC 27 Review - The Final Verdict","GamingBolt"
"ArCjNDHyn80","UgwjXg2PQL47qrjjmP14AaABAg.Ab30kwlB6roAb3PIHzOSOK","UgwjXg2PQL47qrjjmP14AaABAg","@PizzaMozzarellaGR11","UCc16WfzDVMuS_tuOe85IweA","@blesner","UCKNVJ7HWDJtRVvExJGVtxBw","Not really though.",8,"2026-09-22T13:58:50Z",2026-09-22 13:58:50,"Review","EA Sports FC 27 Review - The Final Verdict","GamingBolt"
"ArCjNDHyn80","UgwjXg2PQL47qrjjmP14AaABAg.Ab30kwlB6roAb3QQBQKa0m","UgwjXg2PQL47qrjjmP14AaABAg","@PizzaMozzarellaGR11","UCc16WfzDVMuS_tuOe85IweA","@avash2009","UC-02S18W3cLabvnXY-e3SLg","just like yourself 😂",4,"2026-09-22T14:08:39Z",2026-09-22 14:08:39,"Review","EA Sports FC 27 Review - The Final Verdict","GamingBolt"
"ArCjNDHyn80","UgwjXg2PQL47qrjjmP14AaABAg.Ab30kwlB6roAb3R8Zd7Sie","UgwjXg2PQL47qrjjmP14AaABAg","@PizzaMozzarellaGR11","UCc16WfzDVMuS_tuOe85IweA","@blesner","UCKNVJ7HWDJtRVvExJGVtxBw","​@Markus_Woody😂😂",0,"2026-09-22T14:14:59Z",2026-09-22 14:14:59,"Review","EA Sports FC 27 Review - The Final Verdict","GamingBolt"
"ArCjNDHyn80","UgwjXg2PQL47qrjjmP14AaABAg.Ab30kwlB6roAb3RlgjWFH0","UgwjXg2PQL47qrjjmP14AaABAg","@PizzaMozzarellaGR11","UCc16WfzDVMuS_tuOe85IweA","@PizzaMozzarellaGR11","UCc16WfzDVMuS_tuOe85IweA","​@blesner

*disagrees* 

*Refuses to elaborate*",4,"2026-09-22T14:20:27Z",2026-09-22 14:20:27,"Review","EA Sports FC 27 Review - The Final Verdict","GamingBolt"
"ArCjNDHyn80","UgwjXg2PQL47qrjjmP14AaABAg.Ab30kwlB6roAb3VLFgy3v_","UgwjXg2PQL47qrjjmP14AaABAg","@PizzaMozzarellaGR11","UCc16WfzDVMuS_tuOe85IweA","@blesner","UCKNVJ7HWDJtRVvExJGVtxBw","​@PizzaMozzarellaGR11 I dont need to. The changes to career mode and the new game mode are all over the internet. Educate yourself about it rather than getting butt hurt. Tx",5,"2026-09-22T14:51:40Z",2026-09-22 14:51:40,"Review","EA Sports FC 27 Review - The Final Verdict","GamingBolt"
"ArCjNDHyn80","UgwjXg2PQL47qrjjmP14AaABAg.Ab30kwlB6roAb3VzmuUP16","UgwjXg2PQL47qrjjmP14AaABAg","@PizzaMozzarellaGR11","UCc16WfzDVMuS_tuOe85IweA","@jason.waterfalls33","UCxfEpZpdhTVT5B9yV0DzVRw","​@PizzaMozzarellaGR11just because they charge full price, doesn't mean you have to pay full price. I've been playing since 2004 and have NEVER paid full price and that's considering that I get the game every few years or through EA play.",0,"2026-09-22T14:57:20Z",2026-09-22 14:57:20,"Review","EA Sports FC 27 Review - The Final Verdict","GamingBolt"
"ArCjNDHyn80","UgwjXg2PQL47qrjjmP14AaABAg.Ab30kwlB6roAb3WUa5j4vV","UgwjXg2PQL47qrjjmP14AaABAg","@PizzaMozzarellaGR11","UCc16WfzDVMuS_tuOe85IweA","@JDHCreations","UC6T-G4788_N0O3kjebTpFMA","​@TheRealEclipse1 if you camt make a game any different and its pretty much the same, keep the game out and just update it every year, but no they literally just reskin everything, use the same engine and call it a brand new game all to get more $. 
Thats the problem.",2,"2026-09-22T15:01:41Z",2026-09-22 15:01:41,"Review","EA Sports FC 27 Review - The Final Verdict","GamingBolt"
"ArCjNDHyn80","UgwjXg2PQL47qrjjmP14AaABAg.Ab30kwlB6roAb3XjTyKR2_","UgwjXg2PQL47qrjjmP14AaABAg","@PizzaMozzarellaGR11","UCc16WfzDVMuS_tuOe85IweA","@arcade_mysterio","UCSIln31yJMK19-9N0qC_M4w","​@TheRealEclipse1 Then maybe focus on fixing existing issues instead of ignoring them?",0,"2026-09-22T15:12:35Z",2026-09-22 15:12:35,"Review","EA Sports FC 27 Review - The Final Verdict","GamingBolt"
"ArCjNDHyn80","UgwjXg2PQL47qrjjmP14AaABAg.Ab30kwlB6roAb4-lRJTOG7","UgwjXg2PQL47qrjjmP14AaABAg","@PizzaMozzarellaGR11","UCc16WfzDVMuS_tuOe85IweA","@elgatosamurai9517","UCDcTcHgYZCKrhyrbOaFqLnw","Same comment 
Different bot 🤖",1,"2026-09-22T19:35:00Z",2026-09-22 19:35:00,"Review","EA Sports FC 27 Review - The Final Verdict","GamingBolt"
"ArCjNDHyn80","UgwjXg2PQL47qrjjmP14AaABAg.Ab30kwlB6roAb4AwImuwAJ","UgwjXg2PQL47qrjjmP14AaABAg","@PizzaMozzarellaGR11","UCc16WfzDVMuS_tuOe85IweA","@LowTempDabr","UCPSyiOm4U65Yu-_iyejytyw","nu uhh....theres an open world thing this time 😤",0,"2026-09-22T21:12:36Z",2026-09-22 21:12:36,"Review","EA Sports FC 27 Review - The Final Verdict","GamingBolt"
"ArCjNDHyn80","UgwjXg2PQL47qrjjmP14AaABAg.Ab30kwlB6roAb4muEdLAIS","UgwjXg2PQL47qrjjmP14AaABAg","@PizzaMozzarellaGR11","UCc16WfzDVMuS_tuOe85IweA","@SticksAandstonesBozo","UCeWXQ4tss0nN7VzW_0jB0LQ","So when they do massive updates you still whine. God I hate Gen Z fake gamers.",0,"2026-09-23T02:53:06Z",2026-09-23 02:53:06,"Review","EA Sports FC 27 Review - The Final Verdict","GamingBolt"
"ArCjNDHyn80","UgwjXg2PQL47qrjjmP14AaABAg.Ab30kwlB6roAb5IE9a42ch","UgwjXg2PQL47qrjjmP14AaABAg","@PizzaMozzarellaGR11","UCc16WfzDVMuS_tuOe85IweA","@kronikakuma8","UCNc5icAQi5wCJgNMdObRP0g","💯",0,"2026-09-23T07:35:35Z",2026-09-23 07:35:35,"Review","EA Sports FC 27 Review - The Final Verdict","GamingBolt"
"ArCjNDHyn80","UgwjXg2PQL47qrjjmP14AaABAg.Ab30kwlB6roAb6BYdYgWWn","UgwjXg2PQL47qrjjmP14AaABAg","@PizzaMozzarellaGR11","UCc16WfzDVMuS_tuOe85IweA","@nnytm4255","UCKBCwUhm9-z_pA32bgBN9WQ","@blesner dlc update",0,"2026-09-23T15:56:27Z",2026-09-23 15:56:27,"Review","EA Sports FC 27 Review - The Final Verdict","GamingBolt"
"ArCjNDHyn80","UgwjXg2PQL47qrjjmP14AaABAg.Ab30kwlB6roAb6C-UAVAV-","UgwjXg2PQL47qrjjmP14AaABAg","@PizzaMozzarellaGR11","UCc16WfzDVMuS_tuOe85IweA","@blesner","UCKNVJ7HWDJtRVvExJGVtxBw","​@nnytm4255DLC costs money too.",0,"2026-09-23T16:00:23Z",2026-09-23 16:00:23,"Review","EA Sports FC 27 Review - The Final Verdict","GamingBolt"
"ArCjNDHyn80","UgwjXg2PQL47qrjjmP14AaABAg.Ab30kwlB6roAb6UM-2ZdCQ","UgwjXg2PQL47qrjjmP14AaABAg","@PizzaMozzarellaGR11","UCc16WfzDVMuS_tuOe85IweA","@howlingmadwarbot","UCQEm9e7MT31uyfvXE23mm4w","It's much better",1,"2026-09-23T18:40:45Z",2026-09-23 18:40:45,"Review","EA Sports FC 27 Review - The Final Verdict","GamingBolt"
"ArCjNDHyn80","UgwjXg2PQL47qrjjmP14AaABAg.Ab30kwlB6roAb8KA2YEZIp","UgwjXg2PQL47qrjjmP14AaABAg","@PizzaMozzarellaGR11","UCc16WfzDVMuS_tuOe85IweA","@peterrogers7800","UCjOvKk4bGXETd-pBd0Ji_gQ","@elgatosamurai9517the bot ain’t wrong though 😂",2,"2026-09-24T11:50:13Z",2026-09-24 11:50:13,"Review","EA Sports FC 27 Review - The Final Verdict","GamingBolt"
"ArCjNDHyn80","UgwjXg2PQL47qrjjmP14AaABAg.Ab30kwlB6roAb9kHZZszM1","UgwjXg2PQL47qrjjmP14AaABAg","@PizzaMozzarellaGR11","UCc16WfzDVMuS_tuOe85IweA","@floridaman8723","UCAatCS3SbhoJLCZIkoB7wOw","Same dogshit, new coat of paint. What a joke of a company. I pray Andrew Wilson gets got.",0,"2026-09-25T01:06:25Z",2026-09-25 01:06:25,"Review","EA Sports FC 27 Review - The Final Verdict","GamingBolt"
"ArCjNDHyn80","UgwjXg2PQL47qrjjmP14AaABAg.Ab30kwlB6roAbAJsrEqCdt","UgwjXg2PQL47qrjjmP14AaABAg","@PizzaMozzarellaGR11","UCc16WfzDVMuS_tuOe85IweA","@longhornmanley850","UCzORJrUJlM6UWXXLtdDDNMQ","exactly",1,"2026-09-25T06:26:13Z",2026-09-25 06:26:13,"Review","EA Sports FC 27 Review - The Final Verdict","GamingBolt"
"ArCjNDHyn80","Ugxd3ADqwccHNE-nTCp4AaABAg.Ab2zuVmk_PcAb309e4a1Dw","Ugxd3ADqwccHNE-nTCp4AaABAg","@MuhammadImran93","UC-fIdvjQeJFUegEYBrOQQRw","@will4417","UCoaIQUoQZzDwW5wyMw-oPdg","The fact that they've been doing it for so long proves that consumers are willing to part ways with money way too easily, so why sell it as a DLC for $19 when you can pretend it's a brand new game for $60?",11,"2026-09-22T10:19:12Z",2026-09-22 10:19:12,"Review","EA Sports FC 27 Review - The Final Verdict","GamingBolt"
"ArCjNDHyn80","Ugxd3ADqwccHNE-nTCp4AaABAg.Ab2zuVmk_PcAb39_4DB6NC","Ugxd3ADqwccHNE-nTCp4AaABAg","@MuhammadImran93","UC-fIdvjQeJFUegEYBrOQQRw","@sgood1995","UCc-Fvu8kjYKZTcW-KhY3fxA","thing I’ve noticed is a lot of people are starting to regret buying the game

I’ve seen people already angry at themselves for getting it, which mean the tide is slowly but surely turning

People are starting to see through there and you can’t keep this up infinitely",2,"2026-09-22T11:41:27Z",2026-09-22 11:41:27,"Review","EA Sports FC 27 Review - The Final Verdict","GamingBolt"
"ArCjNDHyn80","Ugxd3ADqwccHNE-nTCp4AaABAg.Ab2zuVmk_PcAb39ap_uZrL","Ugxd3ADqwccHNE-nTCp4AaABAg","@MuhammadImran93","UC-fIdvjQeJFUegEYBrOQQRw","@Hellsing7747","UC9tNMUUv00fxuC8B-5dds3w","I kind of agree. They should do it every other years . Instead they should just release update in the meantime.",2,"2026-09-22T11:41:41Z",2026-09-22 11:41:41,"Review","EA Sports FC 27 Review - The Final Verdict","GamingBolt"
"ArCjNDHyn80","Ugxd3ADqwccHNE-nTCp4AaABAg.Ab2zuVmk_PcAb3SZVPMjfB","Ugxd3ADqwccHNE-nTCp4AaABAg","@MuhammadImran93","UC-fIdvjQeJFUegEYBrOQQRw","@sanggnas2329","UCuTlN_IuGLIxTFDNAIWNO3Q","Their choice. U have the option to not buy.",3,"2026-09-22T14:27:24Z",2026-09-22 14:27:24,"Review","EA Sports FC 27 Review - The Final Verdict","GamingBolt"
"ArCjNDHyn80","Ugxd3ADqwccHNE-nTCp4AaABAg.Ab2zuVmk_PcAb3b_hUne0z","Ugxd3ADqwccHNE-nTCp4AaABAg","@MuhammadImran93","UC-fIdvjQeJFUegEYBrOQQRw","@kylejones4904","UC2nb7ua8A8nwudcm8rvUZsw","@will4417 I’m so mad I bought this shit. This is UFL for 90$",0,"2026-09-22T15:54:57Z",2026-09-22 15:54:57,"Review","EA Sports FC 27 Review - The Final Verdict","GamingBolt"
"ArCjNDHyn80","Ugxd3ADqwccHNE-nTCp4AaABAg.Ab2zuVmk_PcAb3ywQrQp64","Ugxd3ADqwccHNE-nTCp4AaABAg","@MuhammadImran93","UC-fIdvjQeJFUegEYBrOQQRw","@OmarPinto-w4y","UCnXAtsVvgpBp0bANMbBoqZA","Exactly!!! They need to do it like Street fighter 6 and release yearly season passes for 20 bucks instead of paying 80 each year for the same product",0,"2026-09-22T19:19:01Z",2026-09-22 19:19:01,"Review","EA Sports FC 27 Review - The Final Verdict","GamingBolt"
"ArCjNDHyn80","Ugxd3ADqwccHNE-nTCp4AaABAg.Ab2zuVmk_PcAb4o8Ifabu9","Ugxd3ADqwccHNE-nTCp4AaABAg","@MuhammadImran93","UC-fIdvjQeJFUegEYBrOQQRw","@stalfros25","UCOUJaX5WmwFU1B-_dM7vqyg","Each year is a new season in the sports world, so as much as it sucks it does make sense to do them yearly. Or maybe just a yearly dlc update",2,"2026-09-23T03:03:54Z",2026-09-23 03:03:54,"Review","EA Sports FC 27 Review - The Final Verdict","GamingBolt"
"ArCjNDHyn80","Ugxd3ADqwccHNE-nTCp4AaABAg.Ab2zuVmk_PcAb6Iw0Zja_t","Ugxd3ADqwccHNE-nTCp4AaABAg","@MuhammadImran93","UC-fIdvjQeJFUegEYBrOQQRw","@SmokingBirds","UCETXmEGlsHUfadRpOyHGYVg","@sgood1995 people have been saying this 10 years ago as well.",0,"2026-09-23T17:00:57Z",2026-09-23 17:00:57,"Review","EA Sports FC 27 Review - The Final Verdict","GamingBolt"
"ArCjNDHyn80","Ugxd3ADqwccHNE-nTCp4AaABAg.Ab2zuVmk_PcAb8ZWV5HJh_","Ugxd3ADqwccHNE-nTCp4AaABAg","@MuhammadImran93","UC-fIdvjQeJFUegEYBrOQQRw","@lonewolf-b1u","UCszEsUQLu5D551S8w5MxQZg","@sanggnas2329 yea their choice is affecting the rest of us. Making those greedy companies greedier.",0,"2026-09-24T14:04:21Z",2026-09-24 14:04:21,"Review","EA Sports FC 27 Review - The Final Verdict","GamingBolt"
"ArCjNDHyn80","Ugxd3ADqwccHNE-nTCp4AaABAg.Ab2zuVmk_PcAb8hG1K5A_w","Ugxd3ADqwccHNE-nTCp4AaABAg","@MuhammadImran93","UC-fIdvjQeJFUegEYBrOQQRw","@raymondtendau2749","UCvO0MDF_FuWpIVb3mIxNHQA","Ive been saying this for years. The yearly release must stop immediately. 2 years will be fine.",2,"2026-09-24T15:20:45Z",2026-09-24 15:20:45,"Review","EA Sports FC 27 Review - The Final Verdict","GamingBolt"
"ArCjNDHyn80","Ugxd3ADqwccHNE-nTCp4AaABAg.Ab2zuVmk_PcAb8uAQBnAKd","Ugxd3ADqwccHNE-nTCp4AaABAg","@MuhammadImran93","UC-fIdvjQeJFUegEYBrOQQRw","@sanggnas2329","UCuTlN_IuGLIxTFDNAIWNO3Q","​@lonewolf-b1u just dont buy it.",0,"2026-09-24T17:13:35Z",2026-09-24 17:13:35,"Review","EA Sports FC 27 Review - The Final Verdict","GamingBolt"
"ArCjNDHyn80","Ugxd3ADqwccHNE-nTCp4AaABAg.Ab2zuVmk_PcAb95Pzf2LbP","Ugxd3ADqwccHNE-nTCp4AaABAg","@MuhammadImran93","UC-fIdvjQeJFUegEYBrOQQRw","@lonewolf-b1u","UCszEsUQLu5D551S8w5MxQZg","@sanggnas2329 I don’t plan to. But i love football in comparison to other developers they make better games. I just hope they return making fifa/fc like they used to but people splashing money everywhere for garbage like this is not helping.",0,"2026-09-24T19:00:34Z",2026-09-24 19:00:34,"Review","EA Sports FC 27 Review - The Final Verdict","GamingBolt"
"ArCjNDHyn80","UgzIyhxXWOXkM0la6El4AaABAg.Ab2zSa1DDALAb6UV-jzz1v","UgzIyhxXWOXkM0la6El4AaABAg","@sgood1995","UCc-Fvu8kjYKZTcW-KhY3fxA","@howlingmadwarbot","UCQEm9e7MT31uyfvXE23mm4w","That's not true",0,"2026-09-23T18:41:59Z",2026-09-23 18:41:59,"Review","EA Sports FC 27 Review - The Final Verdict","GamingBolt"
"ArCjNDHyn80","UgzIyhxXWOXkM0la6El4AaABAg.Ab2zSa1DDALAb8KLdhLDDW","UgzIyhxXWOXkM0la6El4AaABAg","@sgood1995","UCc-Fvu8kjYKZTcW-KhY3fxA","@peterrogers7800","UCjOvKk4bGXETd-pBd0Ji_gQ","@howlingmadwarbotwhat’s not?",0,"2026-09-24T11:51:48Z",2026-09-24 11:51:48,"Review","EA Sports FC 27 Review - The Final Verdict","GamingBolt"
"PSDe1xhBpfU","Ugxz_7VFJC2XRSpvV6V4AaABAg.Aaz6heBWN6CAazAHh51tj2","Ugxz_7VFJC2XRSpvV6V4AaABAg","@King_Shavers","UCctHZXnzcedVZsqpCXGO73A","@MikeInniss","UC6PSSKQGTOOa7TbJlzlym1g","No little bro. No",0,"2026-09-20T13:11:28Z",2026-09-20 13:11:28,"Review","My Initial Thoughts on The FC 27 Gameplay!","Inception FC"
"PSDe1xhBpfU","UgyQJpBgMpHu2Rvvs-J4AaABAg.Aaz-LXE_1QTAaz88vf3Spq","UgyQJpBgMpHu2Rvvs-J4AaABAg","@jamesb17uk","UCr82ijx8SGtUqAVCejnN-xA","@mbob07","UCsW2dWj7R_SJOoK2OMdKEeQ","A little green screen goes a long way…",0,"2026-09-20T12:52:48Z",2026-09-20 12:52:48,"Review","My Initial Thoughts on The FC 27 Gameplay!","Inception FC"
"PSDe1xhBpfU","UgzW9g-rRyoomQ1cMAR4AaABAg.AayHNmLwWITAayV2Pos0Ff","UgzW9g-rRyoomQ1cMAR4AaABAg","@cappagamingTTV","UCPdUfimyLH-tiqQ0bIBeTlg","@InceptionFC","UCyYB8K8DLFvF2oFyhHDygsQ","Yeah it’ll be up maybe like 5 or so hours from now. One is the boring meta, then one I used for actual ai movements sometimes. Unfortunately even with the fun one, you’ll still so,times score the meta goals, but you;re buildup will be a little more fun.",1,"2026-09-20T06:53:39Z",2026-09-20 06:53:39,"Review","My Initial Thoughts on The FC 27 Gameplay!","Inception FC"
"PSDe1xhBpfU","UgzScJKo9DdmKv09jJ14AaABAg.AayF_2OU4NnAb-FXNFeOmi","UgzScJKo9DdmKv09jJ14AaABAg","@JC_973","UCSvIOVQBgtU4tH6cn1kFAkA","@oreilliobossman4969","UCA198WHITQX_9b4LVYL0HKg","Word brother.",1,"2026-09-20T23:16:33Z",2026-09-20 23:16:33,"Review","My Initial Thoughts on The FC 27 Gameplay!","Inception FC"
"PSDe1xhBpfU","Ugy6oWxmn_7xuEQz0lt4AaABAg.AaxsaQw2w_QAayvOmKF3Np","Ugy6oWxmn_7xuEQz0lt4AaABAg","@CGKIL","UC3AEg-VTm0kWb-IUB4UYcLg","@KristaVaq","UCKfnFZcS2sq9-dN3VGQsViw","😂😂😂😂😂",0,"2026-09-20T10:52:38Z",2026-09-20 10:52:38,"Review","My Initial Thoughts on The FC 27 Gameplay!","Inception FC"
"PSDe1xhBpfU","Ugy6oWxmn_7xuEQz0lt4AaABAg.AaxsaQw2w_QAazI-9HCdKw","Ugy6oWxmn_7xuEQz0lt4AaABAg","@CGKIL","UC3AEg-VTm0kWb-IUB4UYcLg","@Bruuunovi","UCHZ6AZXd4nniutvo6MpE8IQ","Lmao",0,"2026-09-20T14:18:51Z",2026-09-20 14:18:51,"Review","My Initial Thoughts on The FC 27 Gameplay!","Inception FC"
"PSDe1xhBpfU","UgzMr8o7mgckQ7pzayd4AaABAg.AaxlgtyrifMAb1Tzem116H","UgzMr8o7mgckQ7pzayd4AaABAg","@stanners21","UCi7pzFfMouqDx796pxf_1ZQ","@lestwins8114","UCOobIIggyU-FeMMtTpw4EIw","At this point it's mental health issues",0,"2026-09-21T20:01:22Z",2026-09-21 20:01:22,"Review","My Initial Thoughts on The FC 27 Gameplay!","Inception FC"
"PSDe1xhBpfU","UgxXlybyLjI-nLwylLF4AaABAg.AaxMMoTYIw7AayYbdmTkUS","UgxXlybyLjI-nLwylLF4AaABAg","@privatepile64sir","UCa4Uromr6Jl2hOU_GZ8yOgw","@andreichetan4694","UCpoHo4MjYyjeKqaA1-GVXcQ","Yes the main problem of efotball are server connection and blatant DDA. But playstyles are cool and every playstyle has its roles",0,"2026-09-20T07:24:49Z",2026-09-20 07:24:49,"Review","My Initial Thoughts on The FC 27 Gameplay!","Inception FC"
"PSDe1xhBpfU","Ugzn2LyYji62t8EGUfB4AaABAg.AaxFNm2oaBfAayXjWHsmAo","Ugzn2LyYji62t8EGUfB4AaABAg","@beboasu","UCRDEYryatPAOm_YjrDEG-yQ","@andreichetan4694","UCpoHo4MjYyjeKqaA1-GVXcQ","Not worth it",0,"2026-09-20T07:17:09Z",2026-09-20 07:17:09,"Review","My Initial Thoughts on The FC 27 Gameplay!","Inception FC"
"PSDe1xhBpfU","Ugw_lafAIiPljgMxb954AaABAg.AaxEuE5jyFjAaxZgxJ6n23","Ugw_lafAIiPljgMxb954AaABAg","@soul-878","UCKK_5jxkRDfTuFXNCOAmZNg","@HaxbyHaxby","UCF5-N2Ocyvh67qsQt0hcbNw","Same 😂😂😂😂 its just a update everyone has paid for and the next update will be free 😂",6,"2026-09-19T22:15:02Z",2026-09-19 22:15:02,"Review","My Initial Thoughts on The FC 27 Gameplay!","Inception FC"
"PSDe1xhBpfU","Ugw_lafAIiPljgMxb954AaABAg.AaxEuE5jyFjAaxhYL3dm-0","Ugw_lafAIiPljgMxb954AaABAg","@soul-878","UCKK_5jxkRDfTuFXNCOAmZNg","@Skiskit1","UCijfzthDC15XhuSHXs4Vtsw","Ea don’t care about your payments. You are both bums",0,"2026-09-19T23:32:22Z",2026-09-19 23:32:22,"Review","My Initial Thoughts on The FC 27 Gameplay!","Inception FC"
"PSDe1xhBpfU","Ugw_lafAIiPljgMxb954AaABAg.AaxEuE5jyFjAazHf2RJnqJ","Ugw_lafAIiPljgMxb954AaABAg","@soul-878","UCKK_5jxkRDfTuFXNCOAmZNg","@arcanemethod1708","UCWfTbMO58lVZahhPc91TxJg","I'm 4 years clean (from FIFA)  this year, I'll never stop watching nick and inception",1,"2026-09-20T14:15:58Z",2026-09-20 14:15:58,"Review","My Initial Thoughts on The FC 27 Gameplay!","Inception FC"
"PSDe1xhBpfU","UgzhDaHoMx7jHmF5K994AaABAg.AaxA_FECu44Ab0Uf6e1JR9","UgzhDaHoMx7jHmF5K994AaABAg","@tolusaba","UCtNtCEDzxidsBxS1sJ34YqA","@doji-san","UCCQfLfdP8E8716XPnNpyCcg","lol... ""next year"" everytime :D",0,"2026-09-21T10:48:03Z",2026-09-21 10:48:03,"Review","My Initial Thoughts on The FC 27 Gameplay!","Inception FC"
"PSDe1xhBpfU","UgyNoOb-zF_xlpimUmh4AaABAg.Aax9l0uvFsbAaxEEdfW-lx","UgyNoOb-zF_xlpimUmh4AaABAg","@Gymaddict91","UCDfqiXPGWdlrmMH1FmEaopw","@MathRockManiac","UCeGEadE8xyr_8aBI8fINmMg","Actual football. Even the ball physics are more realistic which makes the gameplay more realistic.",7,"2026-09-19T19:07:32Z",2026-09-19 19:07:32,"Review","My Initial Thoughts on The FC 27 Gameplay!","Inception FC"
"PSDe1xhBpfU","UgyNoOb-zF_xlpimUmh4AaABAg.Aax9l0uvFsbAaxGjApjuIm","UgyNoOb-zF_xlpimUmh4AaABAg","@Gymaddict91","UCDfqiXPGWdlrmMH1FmEaopw","@burakcul2719","UCtx85Au7pfgaiqGxV8y-w2g","Went back to eFootball",8,"2026-09-19T19:29:19Z",2026-09-19 19:29:19,"Review","My Initial Thoughts on The FC 27 Gameplay!","Inception FC"
"PSDe1xhBpfU","UgyNoOb-zF_xlpimUmh4AaABAg.Aax9l0uvFsbAaxKFgGN9V6","UgyNoOb-zF_xlpimUmh4AaABAg","@Gymaddict91","UCDfqiXPGWdlrmMH1FmEaopw","@privatepile64sir","UCa4Uromr6Jl2hOU_GZ8yOgw","Its always been better gameplay, always......content is lacking though",2,"2026-09-19T20:00:06Z",2026-09-19 20:00:06,"Review","My Initial Thoughts on The FC 27 Gameplay!","Inception FC"
"PSDe1xhBpfU","UgyNoOb-zF_xlpimUmh4AaABAg.Aax9l0uvFsbAaxX6sy09YK","UgyNoOb-zF_xlpimUmh4AaABAg","@Gymaddict91","UCDfqiXPGWdlrmMH1FmEaopw","@Testing12382","UCqOaYxwE45gcXHKh_56GOYw","@MathRockManiac Yeah people playing LBC and just spamming through balls is so realistic.",0,"2026-09-19T21:52:30Z",2026-09-19 21:52:30,"Review","My Initial Thoughts on The FC 27 Gameplay!","Inception FC"
"PSDe1xhBpfU","UgyNoOb-zF_xlpimUmh4AaABAg.Aax9l0uvFsbAaxf1BtX6aW","UgyNoOb-zF_xlpimUmh4AaABAg","@Gymaddict91","UCDfqiXPGWdlrmMH1FmEaopw","@Itachivsnn","UCvJZ-5orN_Sx47ZSsYrtmOA","@Testing12382 thats how football was played in the serie a in the 90s and early 2000s btw",1,"2026-09-19T23:10:22Z",2026-09-19 23:10:22,"Review","My Initial Thoughts on The FC 27 Gameplay!","Inception FC"
"PSDe1xhBpfU","UgyJzoP-szfrB_ABHlV4AaABAg.Aax7YvFFGp1AaxGa-AOjSF","UgyJzoP-szfrB_ABHlV4AaABAg","@Adi20054","UCtDZEuRgmqVSAZ2pN_w1kkg","@HEXAGON11","UCEl3XwLWiMlyubJa7AsyMQQ","Atp He literally can fix any football game, I hope he somehow get a studio and create his football game",0,"2026-09-19T19:28:03Z",2026-09-19 19:28:03,"Review","My Initial Thoughts on The FC 27 Gameplay!","Inception FC"
"PSDe1xhBpfU","UgyJzoP-szfrB_ABHlV4AaABAg.Aax7YvFFGp1AayeTmCN2pS","UgyJzoP-szfrB_ABHlV4AaABAg","@Adi20054","UCtDZEuRgmqVSAZ2pN_w1kkg","@General_Mbappe_67","UCurBHq85k36BPFLrSU8EN3Q","They only hire people who dont play real football.",4,"2026-09-20T08:24:46Z",2026-09-20 08:24:46,"Review","My Initial Thoughts on The FC 27 Gameplay!","Inception FC"
"PSDe1xhBpfU","UgyJzoP-szfrB_ABHlV4AaABAg.Aax7YvFFGp1Aaz0Iu2ISRe","UgyJzoP-szfrB_ABHlV4AaABAg","@Adi20054","UCtDZEuRgmqVSAZ2pN_w1kkg","@Knights7n","UC4Uu6aQz3SHCAXPpdqR9c4g","He's gonna be fired cause their not gonna listen and it'd be like he's nagging all the time",0,"2026-09-20T11:44:15Z",2026-09-20 11:44:15,"Review","My Initial Thoughts on The FC 27 Gameplay!","Inception FC"
"PSDe1xhBpfU","UgyJzoP-szfrB_ABHlV4AaABAg.Aax7YvFFGp1Ab-Wx9nyD8v","UgyJzoP-szfrB_ABHlV4AaABAg","@Adi20054","UCtDZEuRgmqVSAZ2pN_w1kkg","@Parias22","UCwejh9ITZViya2PJyKWidXA","They can't afford because they spend everything on DEI and social engineering teams 😂",0,"2026-09-21T01:48:45Z",2026-09-21 01:48:45,"Review","My Initial Thoughts on The FC 27 Gameplay!","Inception FC"
"PSDe1xhBpfU","UgzMLyGDLXtnaKzorkR4AaABAg.Aax5q0NHdOFAaxirG_6VEX","UgzMLyGDLXtnaKzorkR4AaABAg","@chuckyaruss8606","UCy3yPanG316uuvM7v_U2-Tw","@LiquidVS","UC_UIKQ80MBoKHN6FY0DNkMQ","is the defending too hard for you lil bro",0,"2026-09-19T23:43:49Z",2026-09-19 23:43:49,"Review","My Initial Thoughts on The FC 27 Gameplay!","Inception FC"
"PSDe1xhBpfU","UgzMLyGDLXtnaKzorkR4AaABAg.Aax5q0NHdOFAayhME4ecKY","UgzMLyGDLXtnaKzorkR4AaABAg","@chuckyaruss8606","UCy3yPanG316uuvM7v_U2-Tw","@PersonalEmail-ot1bq","UCwH4pbcC-mHt9ZLllIlZ6Ug","​@LiquidVSdid u pass 5th grade yet lil bro",0,"2026-09-20T08:49:57Z",2026-09-20 08:49:57,"Review","My Initial Thoughts on The FC 27 Gameplay!","Inception FC"
"PSDe1xhBpfU","UgzwB8C38OpExHpx-sR4AaABAg.Aax5pkDkg-wAax69ORYQuF","UgzwB8C38OpExHpx-sR4AaABAg","@imotionzz_14","UCn_kSpUHJVja8VD8JtpamjQ","@jaybae5850","UCIo5YBifCv8Xj9tXVaJqRbg","If you're paying for a ""good"" product....you would think you are getting a good product.",5,"2026-09-19T17:56:54Z",2026-09-19 17:56:54,"Review","My Initial Thoughts on The FC 27 Gameplay!","Inception FC"
"PSDe1xhBpfU","UgzwB8C38OpExHpx-sR4AaABAg.Aax5pkDkg-wAax6ucseDUj","UgzwB8C38OpExHpx-sR4AaABAg","@imotionzz_14","UCn_kSpUHJVja8VD8JtpamjQ","@efootballsiuuu","UCBg2AMaHoEylIna8n0nKJPg","This means you have confirmed that FC is not football",9,"2026-09-19T18:03:29Z",2026-09-19 18:03:29,"Review","My Initial Thoughts on The FC 27 Gameplay!","Inception FC"
"PSDe1xhBpfU","UgzwB8C38OpExHpx-sR4AaABAg.Aax5pkDkg-wAax9W9zF3zX","UgzwB8C38OpExHpx-sR4AaABAg","@imotionzz_14","UCn_kSpUHJVja8VD8JtpamjQ","@imotionzz_14","UCn_kSpUHJVja8VD8JtpamjQ","@efootballsiuuu did my comment get deleted?😂",0,"2026-09-19T18:26:14Z",2026-09-19 18:26:14,"Review","My Initial Thoughts on The FC 27 Gameplay!","Inception FC"
"PSDe1xhBpfU","UgwDW2gK_WphmeRwLNl4AaABAg.Aax5kuxJRIOAaxBK6KJoHR","UgwDW2gK_WphmeRwLNl4AaABAg","@Babayvn","UCYuysQ0xkN5aoCYb5liAnDg","@Omar205-b3s","UCFE39GXHdREX3skAHQDy81A","Nah decline the call, efootball is the same. Even worse than ea with lbc brainless way of playing",0,"2026-09-19T18:42:04Z",2026-09-19 18:42:04,"Review","My Initial Thoughts on The FC 27 Gameplay!","Inception FC"
"PSDe1xhBpfU","UgwDW2gK_WphmeRwLNl4AaABAg.Aax5kuxJRIOAaxCECzuK_2","UgwDW2gK_WphmeRwLNl4AaABAg","@Babayvn","UCYuysQ0xkN5aoCYb5liAnDg","@TheNanipounani","UCeelFm9jQZdZ1vIROEXRdRg","​@Omar205-b3sskill issue. QC with 2 dm and wingers cook lbc players all day long.",6,"2026-09-19T18:50:00Z",2026-09-19 18:50:00,"Review","My Initial Thoughts on The FC 27 Gameplay!","Inception FC"
"PSDe1xhBpfU","UgwDW2gK_WphmeRwLNl4AaABAg.Aax5kuxJRIOAaxDgZuY60T","UgwDW2gK_WphmeRwLNl4AaABAg","@Babayvn","UCYuysQ0xkN5aoCYb5liAnDg","@laoch5658","UCSXMPAKWqyyG3KlWxLbgf5w","it has no career mode so f that game",1,"2026-09-19T19:02:44Z",2026-09-19 19:02:44,"Review","My Initial Thoughts on The FC 27 Gameplay!","Inception FC"
"PSDe1xhBpfU","UgwJlZkHonl_H6ytHON4AaABAg.Aax5dt-GFOxAaz-mcc_Qka","UgwJlZkHonl_H6ytHON4AaABAg","@mbappe-s8i","UCoaoKvPjC_xJ95LKJ4xNyNA","@ItzNihaal","UChBaQAE6uVqmxoMbizet-vQ","Our goat 🤣",2,"2026-09-20T11:39:43Z",2026-09-20 11:39:43,"Review","My Initial Thoughts on The FC 27 Gameplay!","Inception FC"
"PSDe1xhBpfU","UgwJlZkHonl_H6ytHON4AaABAg.Aax5dt-GFOxAb-usVNf-fe","UgwJlZkHonl_H6ytHON4AaABAg","@mbappe-s8i","UCoaoKvPjC_xJ95LKJ4xNyNA","@SkepticMinds1","UCbCp2LrN86XkUv3U2ztmi5A","😂😂😂😂😂",0,"2026-09-21T05:26:34Z",2026-09-21 05:26:34,"Review","My Initial Thoughts on The FC 27 Gameplay!","Inception FC"
"PSDe1xhBpfU","UgzvM3p8nHiseTjZh3h4AaABAg.Aax4VmsIQmZAaxDkBPkI7r","UgzvM3p8nHiseTjZh3h4AaABAg","@ringodeathstarr6070","UC_KLv-m2US4Kj23uBFgJv1w","@MathRockManiac","UCeGEadE8xyr_8aBI8fINmMg","😂💀💯",2,"2026-09-19T19:03:14Z",2026-09-19 19:03:14,"Review","My Initial Thoughts on The FC 27 Gameplay!","Inception FC"
"PSDe1xhBpfU","UgzvM3p8nHiseTjZh3h4AaABAg.Aax4VmsIQmZAaxJNqLqpy6","UgzvM3p8nHiseTjZh3h4AaABAg","@ringodeathstarr6070","UC_KLv-m2US4Kj23uBFgJv1w","@soldnerfreak4712","UCevYonhX0J1hwYdQRut_AYQ","efootball lmao",3,"2026-09-19T19:52:29Z",2026-09-19 19:52:29,"Review","My Initial Thoughts on The FC 27 Gameplay!","Inception FC"
"PSDe1xhBpfU","UgzvM3p8nHiseTjZh3h4AaABAg.Aax4VmsIQmZAaymFxkxWM7","UgzvM3p8nHiseTjZh3h4AaABAg","@ringodeathstarr6070","UC_KLv-m2US4Kj23uBFgJv1w","@grantdavinson3101","UC4En-gT5afr3ZDSznjfPJcg","to be fair Efootball is like a 12 yr olds arcade game... something you'd find in an arcades down the seafront...",3,"2026-09-20T09:32:47Z",2026-09-20 09:32:47,"Review","My Initial Thoughts on The FC 27 Gameplay!","Inception FC"
"PSDe1xhBpfU","UgxnqcnJlNBsmriMys14AaABAg.Aax4RwLaxt2AaxCnamfYaw","UgxnqcnJlNBsmriMys14AaABAg","@Hlaviccc","UC7zs9G79R_tphqLe-KcB3_Q","@tomt4562","UCQ9t-u6tR-zShDNwKiitE0g","i come from ef and never played fc, but extremely tempted this year based on how it looks. ef has lost it's soul long ago, at least ea tries to make it decent.",2,"2026-09-19T18:54:58Z",2026-09-19 18:54:58,"Review","My Initial Thoughts on The FC 27 Gameplay!","Inception FC"
"PSDe1xhBpfU","UgxnqcnJlNBsmriMys14AaABAg.Aax4RwLaxt2AaxE0OdHGQf","UgxnqcnJlNBsmriMys14AaABAg","@Hlaviccc","UC7zs9G79R_tphqLe-KcB3_Q","@MathRockManiac","UCeGEadE8xyr_8aBI8fINmMg","​@tomt4562Bruh, FC is just a hot turd that's wrapped like a nice cake 🎂 outside. Save your money. If you just want kits and stadiums and shiny stuff go ahead.",7,"2026-09-19T19:05:35Z",2026-09-19 19:05:35,"Review","My Initial Thoughts on The FC 27 Gameplay!","Inception FC"
"PSDe1xhBpfU","UgxnqcnJlNBsmriMys14AaABAg.Aax4RwLaxt2AaxFftKYZHg","UgxnqcnJlNBsmriMys14AaABAg","@Hlaviccc","UC7zs9G79R_tphqLe-KcB3_Q","@chrisbrookes7422","UCJfl7tp9hoAwxj5o0qnsa4g","​@tomt4562Save your money.",0,"2026-09-19T19:20:07Z",2026-09-19 19:20:07,"Review","My Initial Thoughts on The FC 27 Gameplay!","Inception FC"
"PSDe1xhBpfU","UgxnqcnJlNBsmriMys14AaABAg.Aax4RwLaxt2AaxZbx3_aS2","UgxnqcnJlNBsmriMys14AaABAg","@Hlaviccc","UC7zs9G79R_tphqLe-KcB3_Q","@HaxbyHaxby","UCF5-N2Ocyvh67qsQt0hcbNw","The game you are playing will be a new game next update 😂 the only difference this update is you had to pay cash to get this one but next will be free 😂",3,"2026-09-19T22:14:21Z",2026-09-19 22:14:21,"Review","My Initial Thoughts on The FC 27 Gameplay!","Inception FC"
"PSDe1xhBpfU","UgzjV3IHzVhvEU40rRt4AaABAg.Aax2vEZoLXpAax7sx13s41","UgzjV3IHzVhvEU40rRt4AaABAg","@alexissalinas2469","UCR17JmOe0-qvXDT0VoG8w7w","@LPHD3","UCuJ14MSV6VSxcvByYLyvRHA","I mean its not like you have to grind the gallery. its something that you just complete along the way. Even then you only have to spend like 80k once to just get 1 hof player and thats it. Sure thats like 100 something players, but id rather have it that way than gambling with packs or sbcs or playing a full week of rivals and wl just to get nothing, atleast youre guranteed a player with the gallery.",0,"2026-09-19T18:12:00Z",2026-09-19 18:12:00,"Review","My Initial Thoughts on The FC 27 Gameplay!","Inception FC"
"PSDe1xhBpfU","UgzjV3IHzVhvEU40rRt4AaABAg.Aax2vEZoLXpAay9NhJMoQ0","UgzjV3IHzVhvEU40rRt4AaABAg","@alexissalinas2469","UCR17JmOe0-qvXDT0VoG8w7w","@nathanielsahai1319","UCTO2eB2o57Qn5kJmOMwVblg","are you getting it bro?",0,"2026-09-20T03:44:19Z",2026-09-20 03:44:19,"Review","My Initial Thoughts on The FC 27 Gameplay!","Inception FC"
"PSDe1xhBpfU","UgzjV3IHzVhvEU40rRt4AaABAg.Aax2vEZoLXpAayDaklMerj","UgzjV3IHzVhvEU40rRt4AaABAg","@alexissalinas2469","UCR17JmOe0-qvXDT0VoG8w7w","@LPHD3","UCuJ14MSV6VSxcvByYLyvRHA","i mean its not like you have to grind it, the gallerys something that you just unlock along the way.",0,"2026-09-20T04:21:11Z",2026-09-20 04:21:11,"Review","My Initial Thoughts on The FC 27 Gameplay!","Inception FC"
"PSDe1xhBpfU","UgzjV3IHzVhvEU40rRt4AaABAg.Aax2vEZoLXpAayDsbsMwzi","UgzjV3IHzVhvEU40rRt4AaABAg","@alexissalinas2469","UCR17JmOe0-qvXDT0VoG8w7w","@therealcandyboiii","UCnwxLhLES8nr3kyIm7jRASg","*You’re/ you are
Please don’t hate me",3,"2026-09-20T04:23:38Z",2026-09-20 04:23:38,"Review","My Initial Thoughts on The FC 27 Gameplay!","Inception FC"
"PSDe1xhBpfU","UgzjV3IHzVhvEU40rRt4AaABAg.Aax2vEZoLXpAaz_hABQSgE","UgzjV3IHzVhvEU40rRt4AaABAg","@alexissalinas2469","UCR17JmOe0-qvXDT0VoG8w7w","@randombedroomguitarrist5253","UCDNSJ_wSQSrzLCg1HzDsLvA","What is not a chore in getting cards ?",0,"2026-09-20T17:02:17Z",2026-09-20 17:02:17,"Review","My Initial Thoughts on The FC 27 Gameplay!","Inception FC"
"PSDe1xhBpfU","UgyhwcmIA_uw0c3cUwp4AaABAg.Aax2O_NIw-6Aax6yW-ztp2","UgyhwcmIA_uw0c3cUwp4AaABAg","@michaelcampbell3607","UC584hZAgxwTKv4HZc6cBejA","@VP876eastsyde","UCSyED1idSCDMrSFJuxsax3A","You have to reset your controller settings,",0,"2026-09-19T18:04:01Z",2026-09-19 18:04:01,"Review","My Initial Thoughts on The FC 27 Gameplay!","Inception FC"
"PSDe1xhBpfU","UgyhwcmIA_uw0c3cUwp4AaABAg.Aax2O_NIw-6AaxBlmH1d4V","UgyhwcmIA_uw0c3cUwp4AaABAg","@michaelcampbell3607","UC584hZAgxwTKv4HZc6cBejA","@nyazee","UCJtvvqfQaBVs6339DhDRSCw","Or just switch to alternate and back",0,"2026-09-19T18:45:59Z",2026-09-19 18:45:59,"Review","My Initial Thoughts on The FC 27 Gameplay!","Inception FC"
"PSDe1xhBpfU","UgxzI0pvhxDDpTM40A54AaABAg.Aax11LAljVBAaxZoO0lY8f","UgxzI0pvhxDDpTM40A54AaABAg","@beamerj","UCHwGvuvyg1saWeFM4_j655g","@HaxbyHaxby","UCF5-N2Ocyvh67qsQt0hcbNw","Its a update thats all it is and everyone paid for it but next update will be free 😂",1,"2026-09-19T22:16:03Z",2026-09-19 22:16:03,"Review","My Initial Thoughts on The FC 27 Gameplay!","Inception FC"
"PSDe1xhBpfU","Ugzvamy2G3BEvtyh64p4AaABAg.Aax0aWDjeogAax1lrbmi43","Ugzvamy2G3BEvtyh64p4AaABAg","@Dagon003","UCVUw1z35j3LGjt3YrnH6ABQ","@InceptionFC","UCyYB8K8DLFvF2oFyhHDygsQ","will do brother!",0,"2026-09-19T17:18:36Z",2026-09-19 17:18:36,"Review","My Initial Thoughts on The FC 27 Gameplay!","Inception FC"
"PSDe1xhBpfU","Ugw43waeINGYL_thSMJ4AaABAg.Aax-aa2dGuHAax0Tp8qc3p","Ugw43waeINGYL_thSMJ4AaABAg","@capruciuremus","UCiRAuVzDjItJDP8hWhIccjA","@ikielinsesi1843","UCMpOA1YtHiLYdeGaVMC8nRg","That's why he's the MVP, that's why he's the GOAT, the GOAT...",6,"2026-09-19T17:07:16Z",2026-09-19 17:07:16,"Review","My Initial Thoughts on The FC 27 Gameplay!","Inception FC"
"PSDe1xhBpfU","Ugw43waeINGYL_thSMJ4AaABAg.Aax-aa2dGuHAaxD-PLNv2K","Ugw43waeINGYL_thSMJ4AaABAg","@capruciuremus","UCiRAuVzDjItJDP8hWhIccjA","@oluwadamilojuakuma8916","UC9PUKuZfS8lqMXY6xjeQbww","My thoughts exactly 😂😂",4,"2026-09-19T18:56:43Z",2026-09-19 18:56:43,"Review","My Initial Thoughts on The FC 27 Gameplay!","Inception FC"
"PSDe1xhBpfU","Ugw43waeINGYL_thSMJ4AaABAg.Aax-aa2dGuHAaxJ9TTcoGW","Ugw43waeINGYL_thSMJ4AaABAg","@capruciuremus","UCiRAuVzDjItJDP8hWhIccjA","@Grandizer_1","UCTk1P5lzwqiK5fIcurqrOMw","We got more than expected 😂",0,"2026-09-19T19:50:31Z",2026-09-19 19:50:31,"Review","My Initial Thoughts on The FC 27 Gameplay!","Inception FC"
"PSDe1xhBpfU","Ugw43waeINGYL_thSMJ4AaABAg.Aax-aa2dGuHAaxQg7BQ9CP","Ugw43waeINGYL_thSMJ4AaABAg","@capruciuremus","UCiRAuVzDjItJDP8hWhIccjA","@Three.2Play.FC99","UCOpLX9HOUZFY4BUtKNqymAQ","Gemini. Summarise.",0,"2026-09-19T20:56:16Z",2026-09-19 20:56:16,"Review","My Initial Thoughts on The FC 27 Gameplay!","Inception FC"
"PSDe1xhBpfU","Ugw43waeINGYL_thSMJ4AaABAg.Aax-aa2dGuHAaztPHtan1C","Ugw43waeINGYL_thSMJ4AaABAg","@capruciuremus","UCiRAuVzDjItJDP8hWhIccjA","@TinelleSalvo","UCLlnCti34wXBnEhDJS-12Zw","The game actually improved Bro they could just leave it as is in my opinion",0,"2026-09-20T19:54:28Z",2026-09-20 19:54:28,"Review","My Initial Thoughts on The FC 27 Gameplay!","Inception FC"
"AoBvkZJHDrM","UgxihlSd_Q3NddXiy7V4AaABAg.AavV7lE2prxAawOotxFxNd","UgxihlSd_Q3NddXiy7V4AaABAg","@davidpinto1195","UCedYOHfvgTVTeoJ5PnC3C6g","@davidpinto1195","UCedYOHfvgTVTeoJ5PnC3C6g","Lol bro I’m playing This shite since the 90s 😜",0,"2026-09-19T11:20:45Z",2026-09-19 11:20:45,"Review","FC 27 First Gameplay Impressions - I Expected More, EA","Machete Gaming"
"AoBvkZJHDrM","UgwdQlxjlTGFzQa0OXp4AaABAg.AavO4NTmhriAawyVQXZfCk","UgwdQlxjlTGFzQa0OXp4AaABAg","@ESMorg","UCKDHCULA2Uipi9jssOFSCAA","@Met182","UCu4CGZCsFukUeRfSufZXwLw","If you want it then you wait until Black Friday, around half price on PSN. Best thing to do is just not buy it.",1,"2026-09-19T16:41:16Z",2026-09-19 16:41:16,"Review","FC 27 First Gameplay Impressions - I Expected More, EA","Machete Gaming"
"AoBvkZJHDrM","UgzyK8FLhJP0L3BlBJx4AaABAg.AauuX7W7TvIAaw6O6EpnZV","UgzyK8FLhJP0L3BlBJx4AaABAg","@kucingganteng3148","UCelM01z5Ft5cz7Jryrn4fTA","@tiga8032","UCW7BKndUqlOjJHr7PBYH8hw","😂 why yellow?",0,"2026-09-19T08:39:41Z",2026-09-19 08:39:41,"Review","FC 27 First Gameplay Impressions - I Expected More, EA","Machete Gaming"
"AoBvkZJHDrM","UgzyK8FLhJP0L3BlBJx4AaABAg.AauuX7W7TvIAaw7cFDO1t8","UgzyK8FLhJP0L3BlBJx4AaABAg","@kucingganteng3148","UCelM01z5Ft5cz7Jryrn4fTA","@kucingganteng3148","UCelM01z5Ft5cz7Jryrn4fTA","​@tiga8032 color looks like more yellow on everything (faces, pitch) compared to fc26 which more balance",0,"2026-09-19T08:50:29Z",2026-09-19 08:50:29,"Review","FC 27 First Gameplay Impressions - I Expected More, EA","Machete Gaming"
"AoBvkZJHDrM","Ugw7lWBjOz5QzxiaGIp4AaABAg.AaunWrixlHPAawcdRolKrU","Ugw7lWBjOz5QzxiaGIp4AaABAg","@Rayven2711","UC5-NE0Lk0N3J2Td5XY6CVMQ","@Sportfx700","UCeE1-s3cbZJu0grTwExRvFg","I felt this too, he most likely playing on easy difficulty",0,"2026-09-19T13:30:16Z",2026-09-19 13:30:16,"Review","FC 27 First Gameplay Impressions - I Expected More, EA","Machete Gaming"
"AoBvkZJHDrM","UgyV5xu1LqyToTp39-N4AaABAg.Aaujl0ioeuvAauof7TwBhz","UgyV5xu1LqyToTp39-N4AaABAg","@Lanka_99","UCJ0AhcEuaIE_7hlxTePXrcg","@machetegaming","UCQ1WJvAIO8xlp5imY1me-LQ","The pressure from computer is so far suffocating actually. Computer defenders are basically perfect in tackles, step up to your players as soon as you get the ball and cut off passing lanes with swiss precision. 
It's not fun to play on any difficulty because of that imo :/

It was quite similar at the release of FC 26 (minus the pressure if I remember right) so maybe they will tone it down later...",1,"2026-09-18T20:36:52Z",2026-09-18 20:36:52,"Review","FC 27 First Gameplay Impressions - I Expected More, EA","Machete Gaming"
"AoBvkZJHDrM","UgyV5xu1LqyToTp39-N4AaABAg.Aaujl0ioeuvAaupEMhmi8m","UgyV5xu1LqyToTp39-N4AaABAg","@Lanka_99","UCJ0AhcEuaIE_7hlxTePXrcg","@Lanka_99","UCJ0AhcEuaIE_7hlxTePXrcg","@machetegaming Thank you for the detailed explanation",1,"2026-09-18T20:41:49Z",2026-09-18 20:41:49,"Review","FC 27 First Gameplay Impressions - I Expected More, EA","Machete Gaming"
"AoBvkZJHDrM","UgxTTiGicWEAvS7Uwap4AaABAg.AaufV7pnOqaAauouSc_u2g","UgxTTiGicWEAvS7Uwap4AaABAg","@TheHisoka000","UCtNFbbaVkunZxYY-_pS6vEw","@toddbertuzzifan.9261","UCNTPHob9sh-m7Mr6NVA0S1g","Really? I hated 26 no CPU fouls.",2,"2026-09-18T20:38:58Z",2026-09-18 20:38:58,"Review","FC 27 First Gameplay Impressions - I Expected More, EA","Machete Gaming"
"AoBvkZJHDrM","UgxTTiGicWEAvS7Uwap4AaABAg.AaufV7pnOqaAavu6C9EzNN","UgxTTiGicWEAvS7Uwap4AaABAg","@TheHisoka000","UCtNFbbaVkunZxYY-_pS6vEw","@adeeburrehman4878","UC3ym80JfJ8dzz4a1GEBLW8A","Make tackle aggression 99. I get random fouls now",0,"2026-09-19T06:43:38Z",2026-09-19 06:43:38,"Review","FC 27 First Gameplay Impressions - I Expected More, EA","Machete Gaming"
"AoBvkZJHDrM","UgxrH-JDT7Jfj93ihAp4AaABAg.AauVoWoe8zUAauuleYVb8k","UgxrH-JDT7Jfj93ihAp4AaABAg","@jumpinggerard","UChuAUDI3SBwnZ5FvxAmDreA","@DTDA84","UCue7iDjQDz66iCpXLgsu2yw","NHL Dribble Mechanics",5,"2026-09-18T21:30:11Z",2026-09-18 21:30:11,"Review","FC 27 First Gameplay Impressions - I Expected More, EA","Machete Gaming"
"AoBvkZJHDrM","UgxrH-JDT7Jfj93ihAp4AaABAg.AauVoWoe8zUAauz7EWhSCQ","UgxrH-JDT7Jfj93ihAp4AaABAg","@jumpinggerard","UChuAUDI3SBwnZ5FvxAmDreA","@emilegc","UCSEHlCkFVYXU6084Nm6ah4Q","I won't buy another EA FC until they fix the foot planting.",8,"2026-09-18T22:08:13Z",2026-09-18 22:08:13,"Review","FC 27 First Gameplay Impressions - I Expected More, EA","Machete Gaming"
"AoBvkZJHDrM","UgxrH-JDT7Jfj93ihAp4AaABAg.AauVoWoe8zUAawSffpkJR-","UgxrH-JDT7Jfj93ihAp4AaABAg","@jumpinggerard","UChuAUDI3SBwnZ5FvxAmDreA","@Andy_J_UK","UCVk0yo-OK3hsK3xUIf935hg","yep, usual sh*t from EA",1,"2026-09-19T11:54:27Z",2026-09-19 11:54:27,"Review","FC 27 First Gameplay Impressions - I Expected More, EA","Machete Gaming"
"AoBvkZJHDrM","UgzoaB7vUmo7CFdTqkR4AaABAg.AauUbmeQlMiAauZTPTibwp","UgzoaB7vUmo7CFdTqkR4AaABAg","@BigBen316","UCpK1xoUSh-vzEoBcRToXbZQ","@vaultX2000","UCeaqpiWvYijVzxz7QWNwwXw","Same here, much different and I’m enjoying it so far",0,"2026-09-18T18:15:19Z",2026-09-18 18:15:19,"Review","FC 27 First Gameplay Impressions - I Expected More, EA","Machete Gaming"
"AoBvkZJHDrM","UgyKGontkEQZlRdQZsV4AaABAg.AauUayIDsYpAauXyeQZAGT","UgyKGontkEQZlRdQZsV4AaABAg","@yyounggenerall","UCX1jGlqLM9iXrFA-eWFV10g","@machetegaming","UCQ1WJvAIO8xlp5imY1me-LQ","I know what you mean, but I don't think word ""fast"" describes FC 27 gameplay. 
In some ways it actually can feel sluggish at times.

The main problem why it seems ""fast"" is the *twitchiness* of players in FC games as they turn on a dime and make unpredictable/unrealistic pivots.",3,"2026-09-18T18:02:15Z",2026-09-18 18:02:15,"Review","FC 27 First Gameplay Impressions - I Expected More, EA","Machete Gaming"
"AoBvkZJHDrM","UgyKGontkEQZlRdQZsV4AaABAg.AauUayIDsYpAaujD7MDutL","UgyKGontkEQZlRdQZsV4AaABAg","@yyounggenerall","UCX1jGlqLM9iXrFA-eWFV10g","@yyounggenerall","UCX1jGlqLM9iXrFA-eWFV10g","@machetegamingyeah that’s a better way to put it",1,"2026-09-18T19:49:13Z",2026-09-18 19:49:13,"Review","FC 27 First Gameplay Impressions - I Expected More, EA","Machete Gaming"
"AoBvkZJHDrM","Ugwg6GMWGxTpo48d_v54AaABAg.AauTZeADGaeAau_EfgqLYt","Ugwg6GMWGxTpo48d_v54AaABAg","@naveenjosephjose2532","UCJUKWHT3eAQYHxE8scmVuQw","@vaultX2000","UCeaqpiWvYijVzxz7QWNwwXw","It's mainly because FC is the only game with real licenses that actually delivers a solid football experience
But the end of the day, people can spend their cash however they want. 
If it’s not your thing, you don't have to buy it",2,"2026-09-18T18:22:03Z",2026-09-18 18:22:03,"Review","FC 27 First Gameplay Impressions - I Expected More, EA","Machete Gaming"
"AoBvkZJHDrM","Ugwg6GMWGxTpo48d_v54AaABAg.AauTZeADGaeAau_oluh0Kr","Ugwg6GMWGxTpo48d_v54AaABAg","@naveenjosephjose2532","UCJUKWHT3eAQYHxE8scmVuQw","@naveenjosephjose2532","UCJUKWHT3eAQYHxE8scmVuQw","​@vaultX2000""actually delivers a solid football experience"" yeah right mate hahahahahah 😂😂😂, keep buying slop, I don't care about how you spend your money buying worthless stuff.",0,"2026-09-18T18:27:07Z",2026-09-18 18:27:07,"Review","FC 27 First Gameplay Impressions - I Expected More, EA","Machete Gaming"
"AoBvkZJHDrM","Ugwg6GMWGxTpo48d_v54AaABAg.AauTZeADGaeAaucwvsjgbM","Ugwg6GMWGxTpo48d_v54AaABAg","@naveenjosephjose2532","UCJUKWHT3eAQYHxE8scmVuQw","@vaultX2000","UCeaqpiWvYijVzxz7QWNwwXw","@naveenjosephjose2532
lol you started this whole thread crying about how people spend their $70, and now you're claiming you don't care. 
If you can't even hold a consistent opinion for five minutes, don't lecture anyone on intelligence when you can't even remember what you typed a moment ago. 
Can't make this stuff up 😂😂",4,"2026-09-18T18:54:27Z",2026-09-18 18:54:27,"Review","FC 27 First Gameplay Impressions - I Expected More, EA","Machete Gaming"
"AoBvkZJHDrM","Ugwg6GMWGxTpo48d_v54AaABAg.AauTZeADGaeAaufII9qNAO","Ugwg6GMWGxTpo48d_v54AaABAg","@naveenjosephjose2532","UCJUKWHT3eAQYHxE8scmVuQw","@naveenjosephjose2532","UCJUKWHT3eAQYHxE8scmVuQw","​@vaultX2000you cared enough to reply and defend this bullshit game vro, can't make this shit up literally 😭😭😭 go on, play your little game 🤡",0,"2026-09-18T19:14:58Z",2026-09-18 19:14:58,"Review","FC 27 First Gameplay Impressions - I Expected More, EA","Machete Gaming"
"AoBvkZJHDrM","Ugwg6GMWGxTpo48d_v54AaABAg.AauTZeADGaeAav6bRKjhrZ","Ugwg6GMWGxTpo48d_v54AaABAg","@naveenjosephjose2532","UCJUKWHT3eAQYHxE8scmVuQw","@DiveIntoBoba","UCMCuEIRVUk0gnqMwwsayA9A","@vaultX2000  actually delivers a solid football experience.......... HAHAHAAAAAAAAAAAAAAAAAAAAAAAAA",0,"2026-09-18T23:22:23Z",2026-09-18 23:22:23,"Review","FC 27 First Gameplay Impressions - I Expected More, EA","Machete Gaming"
"AoBvkZJHDrM","Ugwg6GMWGxTpo48d_v54AaABAg.AauTZeADGaeAavNP8uSbAS","Ugwg6GMWGxTpo48d_v54AaABAg","@naveenjosephjose2532","UCJUKWHT3eAQYHxE8scmVuQw","@taven8","UCwrcVJ73sQWKOdna1O4-Hfw","EA FC (FIFA) players ranked lowest for average IQ in a viral internet gaming study, scoring an average of 89.8",0,"2026-09-19T01:49:07Z",2026-09-19 01:49:07,"Review","FC 27 First Gameplay Impressions - I Expected More, EA","Machete Gaming"
"AoBvkZJHDrM","Ugwg6GMWGxTpo48d_v54AaABAg.AauTZeADGaeAavRDfOuPC_","Ugwg6GMWGxTpo48d_v54AaABAg","@naveenjosephjose2532","UCJUKWHT3eAQYHxE8scmVuQw","@naveenjosephjose2532","UCJUKWHT3eAQYHxE8scmVuQw","​@taven8makes sense, one of them is upset that I commented on this video 😂",0,"2026-09-19T02:22:31Z",2026-09-19 02:22:31,"Review","FC 27 First Gameplay Impressions - I Expected More, EA","Machete Gaming"
"AoBvkZJHDrM","Ugwg6GMWGxTpo48d_v54AaABAg.AauTZeADGaeAavoOoH61kz","Ugwg6GMWGxTpo48d_v54AaABAg","@naveenjosephjose2532","UCJUKWHT3eAQYHxE8scmVuQw","@vaultX2000","UCeaqpiWvYijVzxz7QWNwwXw","@DiveIntoBoba
Save the trash talking….I bet you can’t name ONE football game better than FC.",1,"2026-09-19T05:53:45Z",2026-09-19 05:53:45,"Review","FC 27 First Gameplay Impressions - I Expected More, EA","Machete Gaming"
"AoBvkZJHDrM","Ugwg6GMWGxTpo48d_v54AaABAg.AauTZeADGaeAavomMuEJ2N","Ugwg6GMWGxTpo48d_v54AaABAg","@naveenjosephjose2532","UCJUKWHT3eAQYHxE8scmVuQw","@DiveIntoBoba","UCMCuEIRVUk0gnqMwwsayA9A","​@vaultX2000fifa 12. Fifa 13. Fifa 17. Pes 2021. Pes6. I could go on. But you enjoy the games you wanna play bro",0,"2026-09-19T05:57:06Z",2026-09-19 05:57:06,"Review","FC 27 First Gameplay Impressions - I Expected More, EA","Machete Gaming"
"AoBvkZJHDrM","Ugwg6GMWGxTpo48d_v54AaABAg.AauTZeADGaeAavqw--20oi","Ugwg6GMWGxTpo48d_v54AaABAg","@naveenjosephjose2532","UCJUKWHT3eAQYHxE8scmVuQw","@vaultX2000","UCeaqpiWvYijVzxz7QWNwwXw","@DiveIntoBoba
That’s literally not what I asked. 
I said name different franchises, and all you did was list FIFA and PES games from 15–20 years ago. 
PES died off in 2007-8, and FIFA is literally FC. 
You just proved my point
So can you still name a better franchise than FC? 😂😂😂",0,"2026-09-19T06:15:53Z",2026-09-19 06:15:53,"Review","FC 27 First Gameplay Impressions - I Expected More, EA","Machete Gaming"
"AoBvkZJHDrM","Ugwg6GMWGxTpo48d_v54AaABAg.AauTZeADGaeAavrNHnYup7","Ugwg6GMWGxTpo48d_v54AaABAg","@naveenjosephjose2532","UCJUKWHT3eAQYHxE8scmVuQw","@DiveIntoBoba","UCMCuEIRVUk0gnqMwwsayA9A","​​@vaultX2000my point is that modern day fc.. and football games as a whole are god awful. I'm not here to argue man, if you enjoy it. Have fun. But fc is a terrible football game, and so is efootball. It's just sad man",0,"2026-09-19T06:19:45Z",2026-09-19 06:19:45,"Review","FC 27 First Gameplay Impressions - I Expected More, EA","Machete Gaming"
"AoBvkZJHDrM","Ugwg6GMWGxTpo48d_v54AaABAg.AauTZeADGaeAavsuUWhPi1","Ugwg6GMWGxTpo48d_v54AaABAg","@naveenjosephjose2532","UCJUKWHT3eAQYHxE8scmVuQw","@vaultX2000","UCeaqpiWvYijVzxz7QWNwwXw","@DiveIntoBoba
Think about the average football fan
They just want to play as their club, and if you look at the options…  all that's there is FC or low budget games with no licenses. 
There are literally no real alternatives. 
If EA didn't have a total monopoly, people wouldn't be forced to stick with FC year after year.",0,"2026-09-19T06:33:10Z",2026-09-19 06:33:10,"Review","FC 27 First Gameplay Impressions - I Expected More, EA","Machete Gaming"
"AoBvkZJHDrM","Ugwg6GMWGxTpo48d_v54AaABAg.AauTZeADGaeAavuGxEkfgx","Ugwg6GMWGxTpo48d_v54AaABAg","@naveenjosephjose2532","UCJUKWHT3eAQYHxE8scmVuQw","@vaultX2000","UCeaqpiWvYijVzxz7QWNwwXw","@naveenjosephjose2532
The fact that you genuinely fell for a fake “viral study” tells everyone all they need to know. 
No wonder people fall for propaganda so easily. 
And you're out here contradicting yourself every second comment, completely oblivious to your own logic collapsing
and you think other people lack IQ😂😂😂😂",0,"2026-09-19T06:45:06Z",2026-09-19 06:45:06,"Review","FC 27 First Gameplay Impressions - I Expected More, EA","Machete Gaming"
"AoBvkZJHDrM","Ugwg6GMWGxTpo48d_v54AaABAg.AauTZeADGaeAavv0DnhoCk","Ugwg6GMWGxTpo48d_v54AaABAg","@naveenjosephjose2532","UCJUKWHT3eAQYHxE8scmVuQw","@naveenjosephjose2532","UCJUKWHT3eAQYHxE8scmVuQw","​@vaultX2000that's exactly what I am talking about man, jokes aside - if Konami did a better job EA would have atleast tried to make this game better. Currently people are stuck with this slop its so sad 😢. I bought their games till FC25. Now I play Football Life on PC - although its base game (PES21) is outdated, we get a better gameplay. UFL is another slop.",0,"2026-09-19T06:51:33Z",2026-09-19 06:51:33,"Review","FC 27 First Gameplay Impressions - I Expected More, EA","Machete Gaming"
"AoBvkZJHDrM","Ugwg6GMWGxTpo48d_v54AaABAg.AauTZeADGaeAavxKMpeGg7","Ugwg6GMWGxTpo48d_v54AaABAg","@naveenjosephjose2532","UCJUKWHT3eAQYHxE8scmVuQw","@vaultX2000","UCeaqpiWvYijVzxz7QWNwwXw","@naveenjosephjose2532
Yep 100%. 
But it’s not just FC it’s NBA, NFL, MLB, all of them. 
These big sports monopolies basically hold whole fan bases hostage because where else are you gonna go? 
It’s a problem with all professional sports games not just EA",0,"2026-09-19T07:11:47Z",2026-09-19 07:11:47,"Review","FC 27 First Gameplay Impressions - I Expected More, EA","Machete Gaming"
"AoBvkZJHDrM","UgzmNZbA62zz2ZR0ekt4AaABAg.AauScmUlO3MAau_1mhxcCz","UgzmNZbA62zz2ZR0ekt4AaABAg","@aaabbb7347","UCQcheS1NNWau2q8LEt3PX9Q","@Oursimès","UCCOGDx6jmwwQ9wH-yBwlu8A","😂😂😂",1,"2026-09-18T18:20:17Z",2026-09-18 18:20:17,"Review","FC 27 First Gameplay Impressions - I Expected More, EA","Machete Gaming"
"AoBvkZJHDrM","UgzmNZbA62zz2ZR0ekt4AaABAg.AauScmUlO3MAaucbQyeDCM","UgzmNZbA62zz2ZR0ekt4AaABAg","@aaabbb7347","UCQcheS1NNWau2q8LEt3PX9Q","@TheBikingManProjects","UCubrICNNA5itHlBe74b-eIQ","Amen to that! 🙌🏼",1,"2026-09-18T18:51:31Z",2026-09-18 18:51:31,"Review","FC 27 First Gameplay Impressions - I Expected More, EA","Machete Gaming"
"AoBvkZJHDrM","UgzmNZbA62zz2ZR0ekt4AaABAg.AauScmUlO3MAaurdXPUDUz","UgzmNZbA62zz2ZR0ekt4AaABAg","@aaabbb7347","UCQcheS1NNWau2q8LEt3PX9Q","@naveenjosephjose2532","UCJUKWHT3eAQYHxE8scmVuQw","I swear man 😢",0,"2026-09-18T21:02:52Z",2026-09-18 21:02:52,"Review","FC 27 First Gameplay Impressions - I Expected More, EA","Machete Gaming"
"AoBvkZJHDrM","Ugx8nxMCiTe5D9iNsXZ4AaABAg.AauQQKJo9FcAauWj0K1Pv9","Ugx8nxMCiTe5D9iNsXZ4AaABAg","@joesosalty","UCk-m-uz1t-WKzpMsI1NfFZA","@brookleo4664","UCsK9nsaFMrTPnjw_r7UUUmw","Dont buy if you have fc26 its the same game dont fall for marketing",1,"2026-09-18T17:51:23Z",2026-09-18 17:51:23,"Review","FC 27 First Gameplay Impressions - I Expected More, EA","Machete Gaming"
"AoBvkZJHDrM","Ugx8nxMCiTe5D9iNsXZ4AaABAg.AauQQKJo9FcAauXTwk0uD2","Ugx8nxMCiTe5D9iNsXZ4AaABAg","@joesosalty","UCk-m-uz1t-WKzpMsI1NfFZA","@EastCoastChori","UCO3AofKbWFhS1CQZZVCPxVQ","@b@brookleo4664 26 is even better because in pro clubs you just play, you dont have to run around like an absolute idi0t 😂",0,"2026-09-18T17:57:55Z",2026-09-18 17:57:55,"Review","FC 27 First Gameplay Impressions - I Expected More, EA","Machete Gaming"
"AoBvkZJHDrM","Ugx8nxMCiTe5D9iNsXZ4AaABAg.AauQQKJo9FcAawSmmhcD0w","Ugx8nxMCiTe5D9iNsXZ4AaABAg","@joesosalty","UCk-m-uz1t-WKzpMsI1NfFZA","@VictorFernandes-s6q","UCvyI7vLWQOthJZb51Lih7vg","Its shit, dont waste your time.",1,"2026-09-19T11:55:25Z",2026-09-19 11:55:25,"Review","FC 27 First Gameplay Impressions - I Expected More, EA","Machete Gaming"
"AoBvkZJHDrM","UgwfXcckYlbRzsFYvfl4AaABAg.AauOXZQCCEhAauTP8tKP45","UgwfXcckYlbRzsFYvfl4AaABAg","@type8_88","UCGU0jeN1Z0FS6vq_PtsbHlQ","@newworldorder7319","UCeYpWwnhwUfW6A34IAGY5DQ","Nobody cares about lamine yamal",4,"2026-09-18T17:22:19Z",2026-09-18 17:22:19,"Review","FC 27 First Gameplay Impressions - I Expected More, EA","Machete Gaming"
"AoBvkZJHDrM","UgwfXcckYlbRzsFYvfl4AaABAg.AauOXZQCCEhAauX2NQ0Ykn","UgwfXcckYlbRzsFYvfl4AaABAg","@type8_88","UCGU0jeN1Z0FS6vq_PtsbHlQ","@itsgatovato","UCvkzGPPwyjzSiVopj_soPaw","@newworldorder7319 everybody cares about Lamine Yamal",11,"2026-09-18T17:54:09Z",2026-09-18 17:54:09,"Review","FC 27 First Gameplay Impressions - I Expected More, EA","Machete Gaming"
"AoBvkZJHDrM","UgwfXcckYlbRzsFYvfl4AaABAg.AauOXZQCCEhAauY9oRIpuM","UgwfXcckYlbRzsFYvfl4AaABAg","@type8_88","UCGU0jeN1Z0FS6vq_PtsbHlQ","@sam-e8y6s","UCgHEyBVQc4bijMjcqywLUQQ","Fermin and huijsen look terrible",1,"2026-09-18T18:03:55Z",2026-09-18 18:03:55,"Review","FC 27 First Gameplay Impressions - I Expected More, EA","Machete Gaming"
"AoBvkZJHDrM","UgwfXcckYlbRzsFYvfl4AaABAg.AauOXZQCCEhAaufWCczWxc","UgwfXcckYlbRzsFYvfl4AaABAg","@type8_88","UCGU0jeN1Z0FS6vq_PtsbHlQ","@naveenjosephjose2532","UCJUKWHT3eAQYHxE8scmVuQw","Exactly, and people are defending this slop 😂😂",2,"2026-09-18T19:16:52Z",2026-09-18 19:16:52,"Review","FC 27 First Gameplay Impressions - I Expected More, EA","Machete Gaming"
"AoBvkZJHDrM","UgwfXcckYlbRzsFYvfl4AaABAg.AauOXZQCCEhAausdYP2t2r","UgwfXcckYlbRzsFYvfl4AaABAg","@type8_88","UCGU0jeN1Z0FS6vq_PtsbHlQ","@Igor19485","UCGqoRo6DyhtuP3JEegWyhJg","@newworldorder7319 the most talked about player in the world btw",1,"2026-09-18T21:11:36Z",2026-09-18 21:11:36,"Review","FC 27 First Gameplay Impressions - I Expected More, EA","Machete Gaming"
"AoBvkZJHDrM","UgwfXcckYlbRzsFYvfl4AaABAg.AauOXZQCCEhAauvh7_YGCd","UgwfXcckYlbRzsFYvfl4AaABAg","@type8_88","UCGU0jeN1Z0FS6vq_PtsbHlQ","@Igor19485","UCGqoRo6DyhtuP3JEegWyhJg","pretty sure Lamine has a deal with Efootball, I see him promote them sometimes so he is not going to let EA face scan him again",0,"2026-09-18T21:38:19Z",2026-09-18 21:38:19,"Review","FC 27 First Gameplay Impressions - I Expected More, EA","Machete Gaming"
"AoBvkZJHDrM","UgwfXcckYlbRzsFYvfl4AaABAg.AauOXZQCCEhAaw79RZfCPE","UgwfXcckYlbRzsFYvfl4AaABAg","@type8_88","UCGU0jeN1Z0FS6vq_PtsbHlQ","@Przeglądacz-t5j","UCeDq8NlVY9gDTJ1JbtaUdpA","@Igor19485 But he doesn't need to allow anything, it's EA's incompetence and not a matter of who he has a contract with to give him a proper face. Somehow PES, back when it was still coming out, never had this issue with faces, despite not having licenses for most clubs and leagues, and even with those players who promoted FIFA with their image.",3,"2026-09-19T08:46:25Z",2026-09-19 08:46:25,"Review","FC 27 First Gameplay Impressions - I Expected More, EA","Machete Gaming"
"AoBvkZJHDrM","UgwfXcckYlbRzsFYvfl4AaABAg.AauOXZQCCEhAawKqm2ixxf","UgwfXcckYlbRzsFYvfl4AaABAg","@type8_88","UCGU0jeN1Z0FS6vq_PtsbHlQ","@c0d3nam313","UCHzMWeaaDHA6hRPV8OGjg2w","It sounds silly but it’s the reason I don’t buy it anymore.EA a global powerhouse of a company cannot keep up to date with likenesses,yet small independent modders can…It also less acceptable given that developers use A.I to help them build games.
It’s the same thing as other big companies request more money for less service.",0,"2026-09-19T10:46:04Z",2026-09-19 10:46:04,"Review","FC 27 First Gameplay Impressions - I Expected More, EA","Machete Gaming"
"AoBvkZJHDrM","UgyMRbb5WHhvamvK7Rp4AaABAg.AauNdZsvvHAAaugt54_T1V","UgyMRbb5WHhvamvK7Rp4AaABAg","@okungadeolusegun849","UCL1kquy_WyDicwnuQVt3QSA","@frankyouism","UCeIElnpJvaPzCcby-K-lwtQ","Same but the trail",2,"2026-09-18T19:28:52Z",2026-09-18 19:28:52,"Review","FC 27 First Gameplay Impressions - I Expected More, EA","Machete Gaming"
"AoBvkZJHDrM","UgwnlkScbHF_yogfkQV4AaABAg.AauNLRYbgy2AauO88SxNWL","UgwnlkScbHF_yogfkQV4AaABAg","@fog-exe","UChd9yxsak9PqJqK2AZsuNkA","@machetegaming","UCQ1WJvAIO8xlp5imY1me-LQ","Thanks for the info. 
I wish they communicated this in the game instead of forcing us to go through useless tutorial of making finesse shots and 2v2 in the grounds lol",6,"2026-09-18T16:36:18Z",2026-09-18 16:36:18,"Review","FC 27 First Gameplay Impressions - I Expected More, EA","Machete Gaming"
"AoBvkZJHDrM","UgwnlkScbHF_yogfkQV4AaABAg.AauNLRYbgy2AauPwtMrU7L","UgwnlkScbHF_yogfkQV4AaABAg","@fog-exe","UChd9yxsak9PqJqK2AZsuNkA","@fog-exe","UChd9yxsak9PqJqK2AZsuNkA","@machetegaming agreed, they showed some hidden commands in the pitch notes, but in the game they dont tell us, ea logic",1,"2026-09-18T16:52:06Z",2026-09-18 16:52:06,"Review","FC 27 First Gameplay Impressions - I Expected More, EA","Machete Gaming"
"AoBvkZJHDrM","Ugz1MGyubGZC1sFyG9F4AaABAg.AauMoiTejY1AauvNgSpFK5","Ugz1MGyubGZC1sFyG9F4AaABAg","@jesseordonez5088","UCtKQynVYmjocYcWJF8qMTdA","@Stancer","UCGFwCfFjxont9OiVz_g9F4w","I love Football Life, the gameplay is very close to real life simulation and the atmosphere is stunning. Considering it is based on a 6 yo game the graphics are still good too. BUT I’d like a deeper management of the roster. Trading is too fast and too easy and on top of that once you buy a player you can do whatever you want, he will never complain or ask to leave the team. 
On the other hand I don’t feel like I want to play FC because of the lack of the Brazilian league, the stadiums, some license here and there (Inter, Milan, most of the national kits which can be fixed via mods but the mods need to stay up to date every time the game gets an update, which is terribly annoying), outdated or missing faces and the chaotic gameplay. I also had performance problems in the past. 
So, actually I don’t know what to do. I will for sure play FL, but I’m still curious to try FC and see if at least the gameplay can be fixed in the settings.
I used to hate the career objective and having to deal with silly players request and their mood. But FL is too flat for me under this perspective.",0,"2026-09-18T21:35:31Z",2026-09-18 21:35:31,"Review","FC 27 First Gameplay Impressions - I Expected More, EA","Machete Gaming"
"Mbzz0gwTONU","UgxfcujsVU9aNPmGT8N4AaABAg.Aasf_JFvqsaAasiEPLKIvY","UgxfcujsVU9aNPmGT8N4AaABAg","@AuzioMF","UCXWfmXteFx5KLLBnxV0fq7A","@HenryBartleman","UCpPu9pUu6EgSGa0BqxHmHeQ","Waiting for tomorow",0,"2026-09-18T01:02:11Z",2026-09-18 01:02:11,"Ultimate Team","30x DEBUT ICON PACKS! FC 27 Ultimate Team","AuzioMF"
"Mbzz0gwTONU","UgxfcujsVU9aNPmGT8N4AaABAg.Aasf_JFvqsaAasiYeOImWj","UgxfcujsVU9aNPmGT8N4AaABAg","@AuzioMF","UCXWfmXteFx5KLLBnxV0fq7A","@milan-m8h9t","UCrQut1ZyTnh44YSh82GKbOA","I got aguero so excited to use him",6,"2026-09-18T01:04:57Z",2026-09-18 01:04:57,"Ultimate Team","30x DEBUT ICON PACKS! FC 27 Ultimate Team","AuzioMF"
"Mbzz0gwTONU","UgxfcujsVU9aNPmGT8N4AaABAg.Aasf_JFvqsaAaslQseWYwr","UgxfcujsVU9aNPmGT8N4AaABAg","@AuzioMF","UCXWfmXteFx5KLLBnxV0fq7A","@abdullahammar3870","UCw_j4WU38zbXoNosQhq7R6g","Idk why I still didn’t get the debut icon",1,"2026-09-18T01:30:06Z",2026-09-18 01:30:06,"Ultimate Team","30x DEBUT ICON PACKS! FC 27 Ultimate Team","AuzioMF"
"Mbzz0gwTONU","UgxfcujsVU9aNPmGT8N4AaABAg.Aasf_JFvqsaAasltiLDrF6","UgxfcujsVU9aNPmGT8N4AaABAg","@AuzioMF","UCXWfmXteFx5KLLBnxV0fq7A","@HenryBartleman","UCpPu9pUu6EgSGa0BqxHmHeQ","​@abdullahammar3870did you preorder ultimate edition before october 30th",0,"2026-09-18T01:34:10Z",2026-09-18 01:34:10,"Ultimate Team","30x DEBUT ICON PACKS! FC 27 Ultimate Team","AuzioMF"
"Mbzz0gwTONU","UgxfcujsVU9aNPmGT8N4AaABAg.Aasf_JFvqsaAasogguWiLw","UgxfcujsVU9aNPmGT8N4AaABAg","@AuzioMF","UCXWfmXteFx5KLLBnxV0fq7A","@Sportz_editz728","UCmOjeckEZwfmNzM8UymnUdQ","How did you guys get yours alr",1,"2026-09-18T01:58:36Z",2026-09-18 01:58:36,"Ultimate Team","30x DEBUT ICON PACKS! FC 27 Ultimate Team","AuzioMF"
"Mbzz0gwTONU","UgxfcujsVU9aNPmGT8N4AaABAg.Aasf_JFvqsaAasova9RQjs","UgxfcujsVU9aNPmGT8N4AaABAg","@AuzioMF","UCXWfmXteFx5KLLBnxV0fq7A","@Dxzyk2k","UCwWXHGCRRUqHf62CpCXON3Q","schweinsteiger",1,"2026-09-18T02:00:38Z",2026-09-18 02:00:38,"Ultimate Team","30x DEBUT ICON PACKS! FC 27 Ultimate Team","AuzioMF"
"Mbzz0gwTONU","UgxfcujsVU9aNPmGT8N4AaABAg.Aasf_JFvqsaAastBUFCsSY","UgxfcujsVU9aNPmGT8N4AaABAg","@AuzioMF","UCXWfmXteFx5KLLBnxV0fq7A","@Senzai727","UCzfqCP44fySKIIxfa08nSjg","Aguero 😛😛😛",1,"2026-09-18T02:37:54Z",2026-09-18 02:37:54,"Ultimate Team","30x DEBUT ICON PACKS! FC 27 Ultimate Team","AuzioMF"
"Mbzz0gwTONU","UgxfcujsVU9aNPmGT8N4AaABAg.Aasf_JFvqsaAasuc7OkSwD","UgxfcujsVU9aNPmGT8N4AaABAg","@AuzioMF","UCXWfmXteFx5KLLBnxV0fq7A","@LiamG316","UCCbjL5S4ya_uf8qBFbIAMkg","I got holographic Aguero. Couldn’t believe my luck. Striker sorted until TOTY.",0,"2026-09-18T02:50:25Z",2026-09-18 02:50:25,"Ultimate Team","30x DEBUT ICON PACKS! FC 27 Ultimate Team","AuzioMF"
"Mbzz0gwTONU","UgxfcujsVU9aNPmGT8N4AaABAg.Aasf_JFvqsaAasxKU2z0Mi","UgxfcujsVU9aNPmGT8N4AaABAg","@AuzioMF","UCXWfmXteFx5KLLBnxV0fq7A","@goalmobupdates5459","UC-eqHH5garAuRPSHbeDRYBg","Lucio ...w or L",5,"2026-09-18T03:14:05Z",2026-09-18 03:14:05,"Ultimate Team","30x DEBUT ICON PACKS! FC 27 Ultimate Team","AuzioMF"
"Mbzz0gwTONU","UgxfcujsVU9aNPmGT8N4AaABAg.Aasf_JFvqsaAat-cOjfkyK","UgxfcujsVU9aNPmGT8N4AaABAg","@AuzioMF","UCXWfmXteFx5KLLBnxV0fq7A","@Reagan_xfb","UC-Jc-acB7tkNtIIn3-20kbw","formiga the worst one man",0,"2026-09-18T03:42:53Z",2026-09-18 03:42:53,"Ultimate Team","30x DEBUT ICON PACKS! FC 27 Ultimate Team","AuzioMF"
"Mbzz0gwTONU","UgxfcujsVU9aNPmGT8N4AaABAg.Aasf_JFvqsaAat1Hv_tYwf","UgxfcujsVU9aNPmGT8N4AaABAg","@AuzioMF","UCXWfmXteFx5KLLBnxV0fq7A","@Jsogx","UC5SelFJ57-vk09cwQX1sr9g","Lucio💪💪💪",0,"2026-09-18T03:57:25Z",2026-09-18 03:57:25,"Ultimate Team","30x DEBUT ICON PACKS! FC 27 Ultimate Team","AuzioMF"
"Mbzz0gwTONU","UgxfcujsVU9aNPmGT8N4AaABAg.Aasf_JFvqsaAat2_WJPUj5","UgxfcujsVU9aNPmGT8N4AaABAg","@AuzioMF","UCXWfmXteFx5KLLBnxV0fq7A","@mrcs1992","UC-p8zdMpYwLhd9_7mjf2t8w","varane 🔥",0,"2026-09-18T04:08:42Z",2026-09-18 04:08:42,"Ultimate Team","30x DEBUT ICON PACKS! FC 27 Ultimate Team","AuzioMF"
"Mbzz0gwTONU","UgxfcujsVU9aNPmGT8N4AaABAg.Aasf_JFvqsaAat5LsJSsf-","UgxfcujsVU9aNPmGT8N4AaABAg","@AuzioMF","UCXWfmXteFx5KLLBnxV0fq7A","@RudolphG11","UCRTa2aGNjtBu8dtZMUa1QtA","riise was so excited to open the pack till i got her",0,"2026-09-18T04:32:55Z",2026-09-18 04:32:55,"Ultimate Team","30x DEBUT ICON PACKS! FC 27 Ultimate Team","AuzioMF"
"Mbzz0gwTONU","UgxfcujsVU9aNPmGT8N4AaABAg.Aasf_JFvqsaAat7RVRw8r9","UgxfcujsVU9aNPmGT8N4AaABAg","@AuzioMF","UCXWfmXteFx5KLLBnxV0fq7A","@Jubelzzz","UCCs-PukazcLjkFKZZuRkMgQ","Lucio",0,"2026-09-18T04:51:09Z",2026-09-18 04:51:09,"Ultimate Team","30x DEBUT ICON PACKS! FC 27 Ultimate Team","AuzioMF"
"Mbzz0gwTONU","UgxfcujsVU9aNPmGT8N4AaABAg.Aasf_JFvqsaAatARlHWjjF","UgxfcujsVU9aNPmGT8N4AaABAg","@AuzioMF","UCXWfmXteFx5KLLBnxV0fq7A","@Mr-c1ean-001","UCrZwB-kHQuKvuvBssrbpetA","Auzio WhT can I not get on the game yet?",0,"2026-09-18T05:17:25Z",2026-09-18 05:17:25,"Ultimate Team","30x DEBUT ICON PACKS! FC 27 Ultimate Team","AuzioMF"
"Mbzz0gwTONU","UgxfcujsVU9aNPmGT8N4AaABAg.Aasf_JFvqsaAatBSMZcmPf","UgxfcujsVU9aNPmGT8N4AaABAg","@AuzioMF","UCXWfmXteFx5KLLBnxV0fq7A","@franopavlovic3991","UCD8R76E5HTf8fYHsQd5gl1Q","Torres.  I wanted him as I'm doing a Liverpool past and present.  First time I actually got the icon I wanted.",0,"2026-09-18T05:26:14Z",2026-09-18 05:26:14,"Ultimate Team","30x DEBUT ICON PACKS! FC 27 Ultimate Team","AuzioMF"
"Mbzz0gwTONU","UgxfcujsVU9aNPmGT8N4AaABAg.Aasf_JFvqsaAatBlADAzML","UgxfcujsVU9aNPmGT8N4AaABAg","@AuzioMF","UCXWfmXteFx5KLLBnxV0fq7A","@Trynagetfamous-j4t","UCCiRegoIoUIo6DkamPugAyA","I got a holo Nagasato",1,"2026-09-18T05:28:56Z",2026-09-18 05:28:56,"Ultimate Team","30x DEBUT ICON PACKS! FC 27 Ultimate Team","AuzioMF"
"Mbzz0gwTONU","UgxfcujsVU9aNPmGT8N4AaABAg.Aasf_JFvqsaAatFC8R0E_L","UgxfcujsVU9aNPmGT8N4AaABAg","@AuzioMF","UCXWfmXteFx5KLLBnxV0fq7A","@RozzaMac","UCnIrrjbhFxKWJwjcBxAIMwg","Fernano torrea",0,"2026-09-18T05:58:58Z",2026-09-18 05:58:58,"Ultimate Team","30x DEBUT ICON PACKS! FC 27 Ultimate Team","AuzioMF"
"Mbzz0gwTONU","UgxfcujsVU9aNPmGT8N4AaABAg.Aasf_JFvqsaAatFKpdoxnJ","UgxfcujsVU9aNPmGT8N4AaABAg","@AuzioMF","UCXWfmXteFx5KLLBnxV0fq7A","@Declan10-k3u","UCFuoetAPcS4TdkfQnnt60yw","@milan-m8h9t WWWWW I WANT HIN SO BAD",0,"2026-09-18T06:00:09Z",2026-09-18 06:00:09,"Ultimate Team","30x DEBUT ICON PACKS! FC 27 Ultimate Team","AuzioMF"
"Mbzz0gwTONU","UgxfcujsVU9aNPmGT8N4AaABAg.Aasf_JFvqsaAatKlhPJG34","UgxfcujsVU9aNPmGT8N4AaABAg","@AuzioMF","UCXWfmXteFx5KLLBnxV0fq7A","@5000000squid","UCoVziq3bGTn9RPUwoA87LJw","​@Mr-c1ean-001 what edition of the game you got? Because it's ultimate and ultimate plus users that can play early",0,"2026-09-18T06:47:39Z",2026-09-18 06:47:39,"Ultimate Team","30x DEBUT ICON PACKS! FC 27 Ultimate Team","AuzioMF"
"Mbzz0gwTONU","UgxfcujsVU9aNPmGT8N4AaABAg.Aasf_JFvqsaAatKpfe3mmR","UgxfcujsVU9aNPmGT8N4AaABAg","@AuzioMF","UCXWfmXteFx5KLLBnxV0fq7A","@5000000squid","UCoVziq3bGTn9RPUwoA87LJw","I got white",0,"2026-09-18T06:48:11Z",2026-09-18 06:48:11,"Ultimate Team","30x DEBUT ICON PACKS! FC 27 Ultimate Team","AuzioMF"
"Mbzz0gwTONU","UgxfcujsVU9aNPmGT8N4AaABAg.Aasf_JFvqsaAatLnVI3hdQ","UgxfcujsVU9aNPmGT8N4AaABAg","@AuzioMF","UCXWfmXteFx5KLLBnxV0fq7A","@Theblackglove-TBG","UCZhVv6T69MAZRyqyN_NlZTQ","@goalmobupdates5459w me too",0,"2026-09-18T06:56:38Z",2026-09-18 06:56:38,"Ultimate Team","30x DEBUT ICON PACKS! FC 27 Ultimate Team","AuzioMF"
"Mbzz0gwTONU","UgxfcujsVU9aNPmGT8N4AaABAg.Aasf_JFvqsaAatOgAU930t","UgxfcujsVU9aNPmGT8N4AaABAg","@AuzioMF","UCXWfmXteFx5KLLBnxV0fq7A","@kwiebus7887","UCsrJlHUFrXOBY_Xv5BU4Bhw","Zidane",0,"2026-09-18T07:21:51Z",2026-09-18 07:21:51,"Ultimate Team","30x DEBUT ICON PACKS! FC 27 Ultimate Team","AuzioMF"
"Mbzz0gwTONU","UgxfcujsVU9aNPmGT8N4AaABAg.Aasf_JFvqsaAatQ16jZgpX","UgxfcujsVU9aNPmGT8N4AaABAg","@AuzioMF","UCXWfmXteFx5KLLBnxV0fq7A","@oliveryoung6845","UCNbYF1Xt2i77sC2Vw5LvAdg","​@LiamG316strikers sorted until Toty haha get a grip lad that's such a pathetic comment",1,"2026-09-18T07:33:35Z",2026-09-18 07:33:35,"Ultimate Team","30x DEBUT ICON PACKS! FC 27 Ultimate Team","AuzioMF"
"Mbzz0gwTONU","UgxfcujsVU9aNPmGT8N4AaABAg.Aasf_JFvqsaAatS1Lo-EZO","UgxfcujsVU9aNPmGT8N4AaABAg","@AuzioMF","UCXWfmXteFx5KLLBnxV0fq7A","@ColbyP16","UCQ1p3xe3tlxL1oHBd5B1AFw","Zambrotta :(",0,"2026-09-18T07:51:05Z",2026-09-18 07:51:05,"Ultimate Team","30x DEBUT ICON PACKS! FC 27 Ultimate Team","AuzioMF"
"Mbzz0gwTONU","UgxfcujsVU9aNPmGT8N4AaABAg.Aasf_JFvqsaAatT_ZRwRQJ","UgxfcujsVU9aNPmGT8N4AaABAg","@AuzioMF","UCXWfmXteFx5KLLBnxV0fq7A","@GreekFingerboarder","UC9Bi3-A31Getxuce0JuL9Ug","fernando 9 torres",0,"2026-09-18T08:04:38Z",2026-09-18 08:04:38,"Ultimate Team","30x DEBUT ICON PACKS! FC 27 Ultimate Team","AuzioMF"
"Mbzz0gwTONU","UgxfcujsVU9aNPmGT8N4AaABAg.Aasf_JFvqsaAatU4bdnLYM","UgxfcujsVU9aNPmGT8N4AaABAg","@AuzioMF","UCXWfmXteFx5KLLBnxV0fq7A","@Leonv1997","UCJbELzzvyOkcpvkvt6nz_Ig","I got schweinie. Really happie with it :)",0,"2026-09-18T08:09:01Z",2026-09-18 08:09:01,"Ultimate Team","30x DEBUT ICON PACKS! FC 27 Ultimate Team","AuzioMF"
"Mbzz0gwTONU","UgxfcujsVU9aNPmGT8N4AaABAg.Aasf_JFvqsaAatUQ24TdqZ","UgxfcujsVU9aNPmGT8N4AaABAg","@AuzioMF","UCXWfmXteFx5KLLBnxV0fq7A","@JORDY__SINS","UCyRjpIKCZjkjfw_vNWRu49w","Lucio",0,"2026-09-18T08:11:56Z",2026-09-18 08:11:56,"Ultimate Team","30x DEBUT ICON PACKS! FC 27 Ultimate Team","AuzioMF"
"Mbzz0gwTONU","UgxfcujsVU9aNPmGT8N4AaABAg.Aasf_JFvqsaAatUgponMIo","UgxfcujsVU9aNPmGT8N4AaABAg","@AuzioMF","UCXWfmXteFx5KLLBnxV0fq7A","@JORDY__SINS","UCyRjpIKCZjkjfw_vNWRu49w","​@goalmobupdates5459  W its rare also...
 in his 30x pack not a single lucio 
🎉 i got him too",0,"2026-09-18T08:14:22Z",2026-09-18 08:14:22,"Ultimate Team","30x DEBUT ICON PACKS! FC 27 Ultimate Team","AuzioMF"
"Mbzz0gwTONU","UgxfcujsVU9aNPmGT8N4AaABAg.Aasf_JFvqsaAatXYNLQDBb","UgxfcujsVU9aNPmGT8N4AaABAg","@AuzioMF","UCXWfmXteFx5KLLBnxV0fq7A","@AngeloAmofa","UCehjLXxl0cHz0M9PEcvN3aQ","I got 86 hullit",0,"2026-09-18T08:39:17Z",2026-09-18 08:39:17,"Ultimate Team","30x DEBUT ICON PACKS! FC 27 Ultimate Team","AuzioMF"
"Mbzz0gwTONU","UgxfcujsVU9aNPmGT8N4AaABAg.Aasf_JFvqsaAatZHvzLiIT","UgxfcujsVU9aNPmGT8N4AaABAg","@AuzioMF","UCXWfmXteFx5KLLBnxV0fq7A","@Arctic1397","UC4BaeBo2JoNkQWUx9FkCWvg","Varane and Zidane on PC",0,"2026-09-18T08:54:31Z",2026-09-18 08:54:31,"Ultimate Team","30x DEBUT ICON PACKS! FC 27 Ultimate Team","AuzioMF"
"Mbzz0gwTONU","UgxfcujsVU9aNPmGT8N4AaABAg.Aasf_JFvqsaAat_UMqOCT5","UgxfcujsVU9aNPmGT8N4AaABAg","@AuzioMF","UCXWfmXteFx5KLLBnxV0fq7A","@CarlosFilipe2078","UCWN7YL_hUik2niKRZZvAZhQ","Pirlo",0,"2026-09-18T09:04:57Z",2026-09-18 09:04:57,"Ultimate Team","30x DEBUT ICON PACKS! FC 27 Ultimate Team","AuzioMF"
"Mbzz0gwTONU","UgxfcujsVU9aNPmGT8N4AaABAg.Aasf_JFvqsaAatcuwA8D9Q","UgxfcujsVU9aNPmGT8N4AaABAg","@AuzioMF","UCXWfmXteFx5KLLBnxV0fq7A","@mrc6946","UCBob2TfNIc5kD3L6wzuClLw","I still haven’t had mine but I’ve got my fc points",0,"2026-09-18T09:34:56Z",2026-09-18 09:34:56,"Ultimate Team","30x DEBUT ICON PACKS! FC 27 Ultimate Team","AuzioMF"
"Mbzz0gwTONU","UgxfcujsVU9aNPmGT8N4AaABAg.Aasf_JFvqsaAatjMr-5q4i","UgxfcujsVU9aNPmGT8N4AaABAg","@AuzioMF","UCXWfmXteFx5KLLBnxV0fq7A","@srn175","UCeGR-sNkutXan0EaH8Wyzhg","Looks like Yaya, Lucio, gullit and zidane are the hardest to pack, and I thought varane would be among them... I got lucio",0,"2026-09-18T10:31:19Z",2026-09-18 10:31:19,"Ultimate Team","30x DEBUT ICON PACKS! FC 27 Ultimate Team","AuzioMF"
"Mbzz0gwTONU","UgxfcujsVU9aNPmGT8N4AaABAg.Aasf_JFvqsaAatltCIZFlM","UgxfcujsVU9aNPmGT8N4AaABAg","@AuzioMF","UCXWfmXteFx5KLLBnxV0fq7A","@Jbb5541","UCgSXHQ-6Ri2w9i5B_bgKc_Q","Lucio",0,"2026-09-18T10:53:21Z",2026-09-18 10:53:21,"Ultimate Team","30x DEBUT ICON PACKS! FC 27 Ultimate Team","AuzioMF"
"Mbzz0gwTONU","UgxfcujsVU9aNPmGT8N4AaABAg.Aasf_JFvqsaAatmp_uM4gd","UgxfcujsVU9aNPmGT8N4AaABAg","@AuzioMF","UCXWfmXteFx5KLLBnxV0fq7A","@FaresFostoqao","UCmBCMoEa77he8_14ElhRCrw","Aguero he’s inreal",0,"2026-09-18T11:01:35Z",2026-09-18 11:01:35,"Ultimate Team","30x DEBUT ICON PACKS! FC 27 Ultimate Team","AuzioMF"
"Mbzz0gwTONU","UgxfcujsVU9aNPmGT8N4AaABAg.Aasf_JFvqsaAatqF_FVawx","UgxfcujsVU9aNPmGT8N4AaABAg","@AuzioMF","UCXWfmXteFx5KLLBnxV0fq7A","@CatlifeTrue","UCUWEynRiMc_4kd1TBKFjkOw","​@Trynagetfamous-j4tI got her to incisive ain't bad on her",0,"2026-09-18T11:31:29Z",2026-09-18 11:31:29,"Ultimate Team","30x DEBUT ICON PACKS! FC 27 Ultimate Team","AuzioMF"
"Mbzz0gwTONU","UgxfcujsVU9aNPmGT8N4AaABAg.Aasf_JFvqsaAatu7kA8voO","UgxfcujsVU9aNPmGT8N4AaABAg","@AuzioMF","UCXWfmXteFx5KLLBnxV0fq7A","@connord4243","UC-fKGW3hGlipOIwLcfcrqUg","someone terrible, dont even know.",0,"2026-09-18T12:05:22Z",2026-09-18 12:05:22,"Ultimate Team","30x DEBUT ICON PACKS! FC 27 Ultimate Team","AuzioMF"
"Mbzz0gwTONU","UgxfcujsVU9aNPmGT8N4AaABAg.Aasf_JFvqsaAatv0qHWo24","UgxfcujsVU9aNPmGT8N4AaABAg","@AuzioMF","UCXWfmXteFx5KLLBnxV0fq7A","@4Keditor-111","UCjmq9kCfDKfc2AvQ5g60ahA","Holographic Pepe",0,"2026-09-18T12:13:10Z",2026-09-18 12:13:10,"Ultimate Team","30x DEBUT ICON PACKS! FC 27 Ultimate Team","AuzioMF"
"Mbzz0gwTONU","UgxfcujsVU9aNPmGT8N4AaABAg.Aasf_JFvqsaAau4x0IZxEZ","UgxfcujsVU9aNPmGT8N4AaABAg","@AuzioMF","UCXWfmXteFx5KLLBnxV0fq7A","@ArloGrieco","UCQlnOiDsSL_a4F25JAVpKSw","Nagasato",0,"2026-09-18T13:48:37Z",2026-09-18 13:48:37,"Ultimate Team","30x DEBUT ICON PACKS! FC 27 Ultimate Team","AuzioMF"
"Mbzz0gwTONU","UgxfcujsVU9aNPmGT8N4AaABAg.Aasf_JFvqsaAaualGBPMaW","UgxfcujsVU9aNPmGT8N4AaABAg","@AuzioMF","UCXWfmXteFx5KLLBnxV0fq7A","@SammeGd","UCdmwKm9RBtjpVyWotcmGQ_g","Pepe and my brother got white who is better",0,"2026-09-18T18:35:23Z",2026-09-18 18:35:23,"Ultimate Team","30x DEBUT ICON PACKS! FC 27 Ultimate Team","AuzioMF"
"Mbzz0gwTONU","UgxfcujsVU9aNPmGT8N4AaABAg.Aasf_JFvqsaAauuEdXU2JA","UgxfcujsVU9aNPmGT8N4AaABAg","@AuzioMF","UCXWfmXteFx5KLLBnxV0fq7A","@ZaidBlox14","UCCefKPfAS_7AWRdDrP65Hig","Dont even have the game😅",0,"2026-09-18T21:25:33Z",2026-09-18 21:25:33,"Ultimate Team","30x DEBUT ICON PACKS! FC 27 Ultimate Team","AuzioMF"
"Mbzz0gwTONU","UgxfcujsVU9aNPmGT8N4AaABAg.Aasf_JFvqsaAauyxgMrmpv","UgxfcujsVU9aNPmGT8N4AaABAg","@AuzioMF","UCXWfmXteFx5KLLBnxV0fq7A","@noclips_pain","UC7VsGeHLmgtF1G_W6Z0yP7Q","@goalmobupdates5459 Lucio is huge W not even a question",0,"2026-09-18T22:06:47Z",2026-09-18 22:06:47,"Ultimate Team","30x DEBUT ICON PACKS! FC 27 Ultimate Team","AuzioMF"
"Mbzz0gwTONU","UgxfcujsVU9aNPmGT8N4AaABAg.Aasf_JFvqsaAavGB_GypXt","UgxfcujsVU9aNPmGT8N4AaABAg","@AuzioMF","UCXWfmXteFx5KLLBnxV0fq7A","@guguipro7887","UCTZW5xSdroYSSxusIjw88bA","I got rummenigge",0,"2026-09-19T00:46:06Z",2026-09-19 00:46:06,"Ultimate Team","30x DEBUT ICON PACKS! FC 27 Ultimate Team","AuzioMF"
"Mbzz0gwTONU","UgxfcujsVU9aNPmGT8N4AaABAg.Aasf_JFvqsaAavkMGCm2rL","UgxfcujsVU9aNPmGT8N4AaABAg","@AuzioMF","UCXWfmXteFx5KLLBnxV0fq7A","@HelloWazzo","UCGaKUa4zFGwir1_tCrVlA0w","Nagasato, pretty happy with it she was great in my grind",0,"2026-09-19T05:18:27Z",2026-09-19 05:18:27,"Ultimate Team","30x DEBUT ICON PACKS! FC 27 Ultimate Team","AuzioMF"
"Mbzz0gwTONU","UgxfcujsVU9aNPmGT8N4AaABAg.Aasf_JFvqsaAavvp37UbD8","UgxfcujsVU9aNPmGT8N4AaABAg","@AuzioMF","UCXWfmXteFx5KLLBnxV0fq7A","@adrianmorris7819","UCyPhGkXJzvXghR2oQtAVkBw","Lucio holographic",0,"2026-09-19T06:58:38Z",2026-09-19 06:58:38,"Ultimate Team","30x DEBUT ICON PACKS! FC 27 Ultimate Team","AuzioMF"
"Mbzz0gwTONU","UgxfcujsVU9aNPmGT8N4AaABAg.Aasf_JFvqsaAavvqW4MBLr","UgxfcujsVU9aNPmGT8N4AaABAg","@AuzioMF","UCXWfmXteFx5KLLBnxV0fq7A","@adrianmorris7819","UCyPhGkXJzvXghR2oQtAVkBw","​@goalmobupdates5459big w",0,"2026-09-19T06:58:50Z",2026-09-19 06:58:50,"Ultimate Team","30x DEBUT ICON PACKS! FC 27 Ultimate Team","AuzioMF"
"Mbzz0gwTONU","UgxfcujsVU9aNPmGT8N4AaABAg.Aasf_JFvqsaAavwsSrr0fu","UgxfcujsVU9aNPmGT8N4AaABAg","@AuzioMF","UCXWfmXteFx5KLLBnxV0fq7A","@UltimateStickyMan","UC3oU28MoQL2Le4sNnYuicXw","Rumenig",0,"2026-09-19T07:07:51Z",2026-09-19 07:07:51,"Ultimate Team","30x DEBUT ICON PACKS! FC 27 Ultimate Team","AuzioMF"
"Mbzz0gwTONU","UgxfcujsVU9aNPmGT8N4AaABAg.Aasf_JFvqsaAaw03pm7NuO","UgxfcujsVU9aNPmGT8N4AaABAg","@AuzioMF","UCXWfmXteFx5KLLBnxV0fq7A","@Fredrik-w9f","UCY14fX2jXl3VKHGdBqu8TWw","Lucio W or L",0,"2026-09-19T07:44:29Z",2026-09-19 07:44:29,"Ultimate Team","30x DEBUT ICON PACKS! FC 27 Ultimate Team","AuzioMF"
"Mbzz0gwTONU","UgxfcujsVU9aNPmGT8N4AaABAg.Aasf_JFvqsaAawCe2hZEpk","UgxfcujsVU9aNPmGT8N4AaABAg","@AuzioMF","UCXWfmXteFx5KLLBnxV0fq7A","@HenkeEU_","UCdE0_TgwAHRU9gXu5AILhwA","Got Varane 😍",0,"2026-09-19T09:34:26Z",2026-09-19 09:34:26,"Ultimate Team","30x DEBUT ICON PACKS! FC 27 Ultimate Team","AuzioMF"
"Mbzz0gwTONU","UgxfcujsVU9aNPmGT8N4AaABAg.Aasf_JFvqsaAawLSlG2Siw","UgxfcujsVU9aNPmGT8N4AaABAg","@AuzioMF","UCXWfmXteFx5KLLBnxV0fq7A","@stephenredfern8302","UCpUKF4x-PT8JE2gCiqgywiQ","Zambrotta is definitely an Huge L.",0,"2026-09-19T10:51:23Z",2026-09-19 10:51:23,"Ultimate Team","30x DEBUT ICON PACKS! FC 27 Ultimate Team","AuzioMF"
"Mbzz0gwTONU","UgxfcujsVU9aNPmGT8N4AaABAg.Aasf_JFvqsaAawapo4_T3R","UgxfcujsVU9aNPmGT8N4AaABAg","@AuzioMF","UCXWfmXteFx5KLLBnxV0fq7A","@erlinlemus8502","UCE2X7cP5AUFWuhhS6hBovVg","Formiga",0,"2026-09-19T13:14:29Z",2026-09-19 13:14:29,"Ultimate Team","30x DEBUT ICON PACKS! FC 27 Ultimate Team","AuzioMF"
"Mbzz0gwTONU","UgxfcujsVU9aNPmGT8N4AaABAg.Aasf_JFvqsaAawdeaM4IwR","UgxfcujsVU9aNPmGT8N4AaABAg","@AuzioMF","UCXWfmXteFx5KLLBnxV0fq7A","@irishalldaygg","UCTztyvpGh85rTQzoKGAVB2w","Aguerooooo",0,"2026-09-19T13:39:10Z",2026-09-19 13:39:10,"Ultimate Team","30x DEBUT ICON PACKS! FC 27 Ultimate Team","AuzioMF"
"Mbzz0gwTONU","UgxfcujsVU9aNPmGT8N4AaABAg.Aasf_JFvqsaAaxNtfuDCYA","UgxfcujsVU9aNPmGT8N4AaABAg","@AuzioMF","UCXWfmXteFx5KLLBnxV0fq7A","@Freestylerrrrrr","UCYkfLAKFz7ulCsBaVAmNRtg","Rummenigge, great playstyles 👌🏻",0,"2026-09-19T20:31:55Z",2026-09-19 20:31:55,"Ultimate Team","30x DEBUT ICON PACKS! FC 27 Ultimate Team","AuzioMF"
"Mbzz0gwTONU","UgxfcujsVU9aNPmGT8N4AaABAg.Aasf_JFvqsaAazO6DoZilO","UgxfcujsVU9aNPmGT8N4AaABAg","@AuzioMF","UCXWfmXteFx5KLLBnxV0fq7A","@bigegg6991","UCBMhS7m5pR5Bo3j2JdBiGhw","White",0,"2026-09-20T15:12:15Z",2026-09-20 15:12:15,"Ultimate Team","30x DEBUT ICON PACKS! FC 27 Ultimate Team","AuzioMF"
"Mbzz0gwTONU","UgxfcujsVU9aNPmGT8N4AaABAg.Aasf_JFvqsaAazaLCx6ZSv","UgxfcujsVU9aNPmGT8N4AaABAg","@AuzioMF","UCXWfmXteFx5KLLBnxV0fq7A","@Hapticnation14","UCty6tTwac6WiUB9sKtbxrZQ","Ruud Gullit",0,"2026-09-20T17:07:53Z",2026-09-20 17:07:53,"Ultimate Team","30x DEBUT ICON PACKS! FC 27 Ultimate Team","AuzioMF"
"Mbzz0gwTONU","UgxfcujsVU9aNPmGT8N4AaABAg.Aasf_JFvqsaAb-5hGX9xcI","UgxfcujsVU9aNPmGT8N4AaABAg","@AuzioMF","UCXWfmXteFx5KLLBnxV0fq7A","@user-hz5dq9hi7h","UC0LHwhsD4oPUccHiflIWa0w","Rummen",0,"2026-09-20T21:50:39Z",2026-09-20 21:50:39,"Ultimate Team","30x DEBUT ICON PACKS! FC 27 Ultimate Team","AuzioMF"
"Mbzz0gwTONU","UgwLUUaKDdzhaocmh3V4AaABAg.AatofaPdLFXAatu5t0JAR9","UgwLUUaKDdzhaocmh3V4AaABAg","@rishabhverma4970","UCKzJQDaBst3Pv78cbPa3Epw","@annewurzer3613","UCQ0kLZA2elsBQrxKktrq9bg","It is just for „early bird“ - 31. August is the latest date to buy the game for you to receive the Icon Pack",0,"2026-09-18T12:05:07Z",2026-09-18 12:05:07,"Ultimate Team","30x DEBUT ICON PACKS! FC 27 Ultimate Team","AuzioMF"
"Mbzz0gwTONU","UgzeF1TCT5sRn2WA4DF4AaABAg.AatXTh9uzA1AauAf_EKQE9","UgzeF1TCT5sRn2WA4DF4AaABAg","@BartVerhagen-j2l","UCRDIQ-ayTspE2U1PNhGy7Vw","@Quorty14","UCdLEgQRrEJnOcMxvgsBkC6Q","Both",1,"2026-09-18T14:38:40Z",2026-09-18 14:38:40,"Ultimate Team","30x DEBUT ICON PACKS! FC 27 Ultimate Team","AuzioMF"
"Mbzz0gwTONU","Ugyt0f6gpJqm1Ae3hex4AaABAg.AatEQtclDkCAaubjaH0hHb","Ugyt0f6gpJqm1Ae3hex4AaABAg","@adrianmorris7819","UCyPhGkXJzvXghR2oQtAVkBw","@JORDMstudios","UCu8IMSISRCFd5wTFfzUkXaQ","I have the problem with the sbc foundation. I already did it before the objective and it won’t claim it",0,"2026-09-18T18:43:53Z",2026-09-18 18:43:53,"Ultimate Team","30x DEBUT ICON PACKS! FC 27 Ultimate Team","AuzioMF"
"Mbzz0gwTONU","UgxzHBzwKNDtBWYmrFl4AaABAg.AatC_T9_SdTAatK3XOGiE_","UgxzHBzwKNDtBWYmrFl4AaABAg","@denisayaz900","UCINnSgQswp6nJLiMJy8dQzw","@sebastaszak1003","UC1hKU0PVWxtZrsQ8-NaSQpg","Ultimate edition had to be ordered before 31/08 to get an icon 😢",0,"2026-09-18T06:41:29Z",2026-09-18 06:41:29,"Ultimate Team","30x DEBUT ICON PACKS! FC 27 Ultimate Team","AuzioMF"
"Mbzz0gwTONU","Ugx-8QjxHWhcof6LSNx4AaABAg.Aat38Nvu7UrAat3JXidyem","Ugx-8QjxHWhcof6LSNx4AaABAg","@kiarasapostle4thapostleoft984","UCaJKSckiXl8xXqx1UZbQFig","@ilyasalagoz6207","UC2AwXmlghoqn-VvOZrO-ckQ","Did you get like ea play pro and ultimate edition?",0,"2026-09-18T04:15:07Z",2026-09-18 04:15:07,"Ultimate Team","30x DEBUT ICON PACKS! FC 27 Ultimate Team","AuzioMF"
"Mbzz0gwTONU","Ugx-8QjxHWhcof6LSNx4AaABAg.Aat38Nvu7UrAat3o9tBBVk","Ugx-8QjxHWhcof6LSNx4AaABAg","@kiarasapostle4thapostleoft984","UCaJKSckiXl8xXqx1UZbQFig","@kiarasapostle4thapostleoft984","UCaJKSckiXl8xXqx1UZbQFig","Yep",0,"2026-09-18T04:19:26Z",2026-09-18 04:19:26,"Ultimate Team","30x DEBUT ICON PACKS! FC 27 Ultimate Team","AuzioMF"
"Mbzz0gwTONU","UgxFTo-1gj72RBkzrj94AaABAg.AaspXTLnqOgAasz3aJMJAZ","UgxFTo-1gj72RBkzrj94AaABAg","@realmeee","UCGKKXTv_yhbZoFl2G3953vQ","@Hyperpower16","UC_60nYBiIrEqiUAEALkYbQw","It’s not all his people screen share and he gets to see",0,"2026-09-18T03:29:15Z",2026-09-18 03:29:15,"Ultimate Team","30x DEBUT ICON PACKS! FC 27 Ultimate Team","AuzioMF"
"Mbzz0gwTONU","UgxYHD6Vju-16yqinml4AaABAg.Aasp2bmbNeeAat9XaFx-U5","UgxYHD6Vju-16yqinml4AaABAg","@bofo408","UCy5xlCclFl1xvjW5pT0Wdig","@Mehmed-b6t","UCSPlHYWOQi_ybxNksi186iw","You have to pre order ultimate edition",0,"2026-09-18T05:09:28Z",2026-09-18 05:09:28,"Ultimate Team","30x DEBUT ICON PACKS! FC 27 Ultimate Team","AuzioMF"
"Mbzz0gwTONU","UgxHB5IxZdvzHLhBhth4AaABAg.AasnUW_gH3QAaspNnpnoKN","UgxHB5IxZdvzHLhBhth4AaABAg","@yeffrisuarez5626","UCsjjZrEMDv5C7HPs1oUp_oA","@SamerA3737","UCj2ps7MI4-_pny-FCkTZC7Q","No chance lol",0,"2026-09-18T02:04:38Z",2026-09-18 02:04:38,"Ultimate Team","30x DEBUT ICON PACKS! FC 27 Ultimate Team","AuzioMF"
"Mbzz0gwTONU","UgxHB5IxZdvzHLhBhth4AaABAg.AasnUW_gH3QAasxWgLes-r","UgxHB5IxZdvzHLhBhth4AaABAg","@yeffrisuarez5626","UCsjjZrEMDv5C7HPs1oUp_oA","@goalmobupdates5459","UC-eqHH5garAuRPSHbeDRYBg","U need to buy before 31st August",1,"2026-09-18T03:15:45Z",2026-09-18 03:15:45,"Ultimate Team","30x DEBUT ICON PACKS! FC 27 Ultimate Team","AuzioMF"
"Mbzz0gwTONU","UgxHB5IxZdvzHLhBhth4AaABAg.AasnUW_gH3QAat-LpUYrAy","UgxHB5IxZdvzHLhBhth4AaABAg","@yeffrisuarez5626","UCsjjZrEMDv5C7HPs1oUp_oA","@Matibm16","UC5Dy81IxjtZQ2K6tQSNbZpQ","With ea play PRO yes, you get it",3,"2026-09-18T03:40:29Z",2026-09-18 03:40:29,"Ultimate Team","30x DEBUT ICON PACKS! FC 27 Ultimate Team","AuzioMF"
"Mbzz0gwTONU","UgxHB5IxZdvzHLhBhth4AaABAg.AasnUW_gH3QAat6pAuZiTx","UgxHB5IxZdvzHLhBhth4AaABAg","@yeffrisuarez5626","UCsjjZrEMDv5C7HPs1oUp_oA","@boibruh6769","UCQD0X3foKuei0gjygxikn3g","YES YOU GET IT. If ur on PC u can. i literally just happened to click on this video after playing today, and realized paying 100 bucks for ultimate edition didn't come with this icon pack so i said f it and got ea play pro for the monthly subscription and restarted the game. I got another 2k ea points and the icon pack was waiting for me in the store. I couldn't believe my luck when i packed varane lol.",1,"2026-09-18T04:45:47Z",2026-09-18 04:45:47,"Ultimate Team","30x DEBUT ICON PACKS! FC 27 Ultimate Team","AuzioMF"
"Mbzz0gwTONU","Ugx8R807QGRuOZA0bOJ4AaABAg.AasmEdo9A7DAaun8IwRdPi","Ugx8R807QGRuOZA0bOJ4AaABAg","@Mrlife1-omx","UCZGvSPctt1oDyj1-plTJ6cA","@Cake4C","UCGaTfj2YGzhd4oKdMucWdjQ","Nobody got...",0,"2026-09-18T20:23:31Z",2026-09-18 20:23:31,"Ultimate Team","30x DEBUT ICON PACKS! FC 27 Ultimate Team","AuzioMF"
"Mbzz0gwTONU","Ugx5hKN06PWThofnNvB4AaABAg.AaslYj2nHjnAatZ3UW1ehD","Ugx5hKN06PWThofnNvB4AaABAg","@gregpowell8742","UCnLkjYfO1829ZLdxnavpbsg","@ashadennsullivan7126","UCAERZaaUEpJ1OlnySqlx2kA","Was his goal and the commentary of it and the situation iconic or heroic?",0,"2026-09-18T08:52:33Z",2026-09-18 08:52:33,"Ultimate Team","30x DEBUT ICON PACKS! FC 27 Ultimate Team","AuzioMF"
"Mbzz0gwTONU","UgxG2Osdeb6bOb7X1Fh4AaABAg.Aasl6ZdOAs0AasohvR8M23","UgxG2Osdeb6bOb7X1Fh4AaABAg","@maahiruzzaman3041","UCGAwXGR1nzXGgj2VrIHV3_w","@Alfie_T","UCoIvM0upvjHdRgW3WXizTng","If you pre ordered the ultimate edition before the 31st of august",0,"2026-09-18T01:58:47Z",2026-09-18 01:58:47,"Ultimate Team","30x DEBUT ICON PACKS! FC 27 Ultimate Team","AuzioMF"
"Mbzz0gwTONU","UgyGIFtr4UBPWztgr2x4AaABAg.AasjH9K8lsmAasnrQATwdg","UgyGIFtr4UBPWztgr2x4AaABAg","@nbb-p3m","UCT0trfPpuv_etpNpbNMjNcA","@amsteldrag1295","UCh0MVd55iziBcyk7dP8VpKg","deserved",0,"2026-09-18T01:51:20Z",2026-09-18 01:51:20,"Ultimate Team","30x DEBUT ICON PACKS! FC 27 Ultimate Team","AuzioMF"
"Mbzz0gwTONU","UgwAR-XJUvP8obXZCbN4AaABAg.AasjFJRYJi8AasmZjjepvT","UgwAR-XJUvP8obXZCbN4AaABAg","@fizinnnnn3859","UCCmWw68ZiG8K-eK2hCsjcfQ","@Juanigoat","UCj2LHg4bHM5X5hgWWIa-x2A","It’s a new SBC system that uses points",1,"2026-09-18T01:40:02Z",2026-09-18 01:40:02,"Ultimate Team","30x DEBUT ICON PACKS! FC 27 Ultimate Team","AuzioMF"
"Mbzz0gwTONU","UgzRCs-KkcsR2TkIsBJ4AaABAg.Aasi6V1gdk8Aaslw5ILKKu","UgzRCs-KkcsR2TkIsBJ4AaABAg","@Arch-t2y","UCREKi7K5ZCI_nppbW1Z7I-g","@wochille_music","UCfvaMW7WwGBoJLgXA3hGgng","I got david luiz for mine for the hall of fut card :)",0,"2026-09-18T01:34:30Z",2026-09-18 01:34:30,"Ultimate Team","30x DEBUT ICON PACKS! FC 27 Ultimate Team","AuzioMF"
"Mbzz0gwTONU","UgzRCs-KkcsR2TkIsBJ4AaABAg.Aasi6V1gdk8AasopXhiSVy","UgzRCs-KkcsR2TkIsBJ4AaABAg","@Arch-t2y","UCREKi7K5ZCI_nppbW1Z7I-g","@Arch-t2y","UCREKi7K5ZCI_nppbW1Z7I-g","@wochille_musicI didn’t get the ultimate plus but I’m definitely going to get David when I have enough tokens",0,"2026-09-18T01:59:49Z",2026-09-18 01:59:49,"Ultimate Team","30x DEBUT ICON PACKS! FC 27 Ultimate Team","AuzioMF"
"Mbzz0gwTONU","UgxFS-cIiL4Jc3xC5Kt4AaABAg.AashQLeXDqcAasiLErMX-U","UgxFS-cIiL4Jc3xC5Kt4AaABAg","@dirarhaidar123","UCxKIuvxIuweFJLBQ-4fAuYw","@HenryBartleman","UCpPu9pUu6EgSGa0BqxHmHeQ","You got ultimate",1,"2026-09-18T01:03:07Z",2026-09-18 01:03:07,"Ultimate Team","30x DEBUT ICON PACKS! FC 27 Ultimate Team","AuzioMF"
"Mbzz0gwTONU","UgxFS-cIiL4Jc3xC5Kt4AaABAg.AashQLeXDqcAaskVKI9nrU","UgxFS-cIiL4Jc3xC5Kt4AaABAg","@dirarhaidar123","UCxKIuvxIuweFJLBQ-4fAuYw","@leonneuzil6635","UCCV8yFmjvr3F5jBzrblg2cg","Before the 30 Aug?",0,"2026-09-18T01:21:58Z",2026-09-18 01:21:58,"Ultimate Team","30x DEBUT ICON PACKS! FC 27 Ultimate Team","AuzioMF"
"Mbzz0gwTONU","UgxFS-cIiL4Jc3xC5Kt4AaABAg.AashQLeXDqcAat77VBBMf1","UgxFS-cIiL4Jc3xC5Kt4AaABAg","@dirarhaidar123","UCxKIuvxIuweFJLBQ-4fAuYw","@boibruh6769","UCQD0X3foKuei0gjygxikn3g","yeah realized this like an hour ago, and was about to email ea about it. Turns out, ultimate edition doesn't give u the icon pack, only ea play pro for PC. so I just copped a subscription and restarted the game, and it worked. Luckily, i pulled varane so well worth the 16 bucks given he'd be worth over millions right now till the next couple of weeks. wishing you the best of luck",0,"2026-09-18T04:48:25Z",2026-09-18 04:48:25,"Ultimate Team","30x DEBUT ICON PACKS! FC 27 Ultimate Team","AuzioMF"
"Mbzz0gwTONU","UgxFS-cIiL4Jc3xC5Kt4AaABAg.AashQLeXDqcAat7FeF9IlE","UgxFS-cIiL4Jc3xC5Kt4AaABAg","@dirarhaidar123","UCxKIuvxIuweFJLBQ-4fAuYw","@Hunterx-y2b","UCs1p_LRhlLtzXX5QjyPhagQ","It depends u got ult plus and u pre ordered by the 31st",0,"2026-09-18T04:49:32Z",2026-09-18 04:49:32,"Ultimate Team","30x DEBUT ICON PACKS! FC 27 Ultimate Team","AuzioMF"
"Mbzz0gwTONU","Ugxh4vS5cnKVQ5sdmdN4AaABAg.Aash7d540gTAat5zkDjye2","Ugxh4vS5cnKVQ5sdmdN4AaABAg","@Rebecca-v8c7n","UCJNGB4gCqq6wMmQOW_NIYQw","@AbiAmca","UCYT21LpHwQQarKTq3Z7Fpeg","They used to have that until fifa 23 I think. It shows how unloving this company is",4,"2026-09-18T04:38:30Z",2026-09-18 04:38:30,"Ultimate Team","30x DEBUT ICON PACKS! FC 27 Ultimate Team","AuzioMF"
"Mbzz0gwTONU","Ugxh4vS5cnKVQ5sdmdN4AaABAg.Aash7d540gTAat7CN19ZoM","Ugxh4vS5cnKVQ5sdmdN4AaABAg","@Rebecca-v8c7n","UCJNGB4gCqq6wMmQOW_NIYQw","@mrfigglegigle","UCGbuLoMHiFjnnVJNFEEVUeA","@AbiAmcaits a bot",5,"2026-09-18T04:49:05Z",2026-09-18 04:49:05,"Ultimate Team","30x DEBUT ICON PACKS! FC 27 Ultimate Team","AuzioMF"
"Mbzz0gwTONU","Ugxh4vS5cnKVQ5sdmdN4AaABAg.Aash7d540gTAatC53Y6_1u","Ugxh4vS5cnKVQ5sdmdN4AaABAg","@Rebecca-v8c7n","UCJNGB4gCqq6wMmQOW_NIYQw","@skiffgoal5643","UCnHbrzT-3gftudC6DlUb7FA","I say this all the time. Why cant they just do that",0,"2026-09-18T05:31:47Z",2026-09-18 05:31:47,"Ultimate Team","30x DEBUT ICON PACKS! FC 27 Ultimate Team","AuzioMF"
"Mbzz0gwTONU","Ugxh4vS5cnKVQ5sdmdN4AaABAg.Aash7d540gTAatH5jFqYv6","Ugxh4vS5cnKVQ5sdmdN4AaABAg","@Rebecca-v8c7n","UCJNGB4gCqq6wMmQOW_NIYQw","@Caolan-k3y","UCB13erfMXrd6_kio13afjng","@skiffgoal5643it’s a bot",0,"2026-09-18T06:15:34Z",2026-09-18 06:15:34,"Ultimate Team","30x DEBUT ICON PACKS! FC 27 Ultimate Team","AuzioMF"
"Mbzz0gwTONU","Ugxh4vS5cnKVQ5sdmdN4AaABAg.Aash7d540gTAatLxjek61A","Ugxh4vS5cnKVQ5sdmdN4AaABAg","@Rebecca-v8c7n","UCJNGB4gCqq6wMmQOW_NIYQw","@MRmanchesterMCFC","UCTqEoMw_T_0DUIlTKt-4fmw","@skiffgoal5643 but if they did that they would get sued by efootball",0,"2026-09-18T06:58:02Z",2026-09-18 06:58:02,"Ultimate Team","30x DEBUT ICON PACKS! FC 27 Ultimate Team","AuzioMF"
"Mbzz0gwTONU","Ugxh4vS5cnKVQ5sdmdN4AaABAg.Aash7d540gTAatkMke9yRx","Ugxh4vS5cnKVQ5sdmdN4AaABAg","@Rebecca-v8c7n","UCJNGB4gCqq6wMmQOW_NIYQw","@TRENCHBORNYT","UC_1XcAiZqe0uisyGQ0-17jw","Can somebody tell me if this game is woke?? When you create a footballer does it have 3 genders?? I refuse to support this brainwashing if so. Someone let me know",0,"2026-09-18T10:40:02Z",2026-09-18 10:40:02,"Ultimate Team","30x DEBUT ICON PACKS! FC 27 Ultimate Team","AuzioMF"
"Mbzz0gwTONU","Ugxh4vS5cnKVQ5sdmdN4AaABAg.Aash7d540gTAatoknJCxPZ","Ugxh4vS5cnKVQ5sdmdN4AaABAg","@Rebecca-v8c7n","UCJNGB4gCqq6wMmQOW_NIYQw","@YouTube_notaxel","UCnRON308NQ1QX5p-aBZ-2rw","Maybe it haves something to do with the icons going to end up as their prime anyways in a couple of months so no need to ad the baby face scans but ea so boring",0,"2026-09-18T11:18:24Z",2026-09-18 11:18:24,"Ultimate Team","30x DEBUT ICON PACKS! FC 27 Ultimate Team","AuzioMF"
"Mbzz0gwTONU","Ugxh4vS5cnKVQ5sdmdN4AaABAg.Aash7d540gTAatsTVMJk7k","Ugxh4vS5cnKVQ5sdmdN4AaABAg","@Rebecca-v8c7n","UCJNGB4gCqq6wMmQOW_NIYQw","@עומרשריד-כ3ד","UCR4oAMN3YQbAG97IIKK5plA","​@mrfigglegigle it's not a bot. Just because there's a picture of a girl in bikini doesn't mean it's a bot.",0,"2026-09-18T11:50:52Z",2026-09-18 11:50:52,"Ultimate Team","30x DEBUT ICON PACKS! FC 27 Ultimate Team","AuzioMF"
"Mbzz0gwTONU","Ugxh4vS5cnKVQ5sdmdN4AaABAg.Aash7d540gTAavMAKPBlXG","Ugxh4vS5cnKVQ5sdmdN4AaABAg","@Rebecca-v8c7n","UCJNGB4gCqq6wMmQOW_NIYQw","@Breadcrumbs-d3t","UCN9rVXsF_XUKxzD7R6ILfVw","@עומרשריד-כ3דbut it is a bot gng",0,"2026-09-19T01:38:22Z",2026-09-19 01:38:22,"Ultimate Team","30x DEBUT ICON PACKS! FC 27 Ultimate Team","AuzioMF"
"Mbzz0gwTONU","Ugxh4vS5cnKVQ5sdmdN4AaABAg.Aash7d540gTAaw1hc207n4","Ugxh4vS5cnKVQ5sdmdN4AaABAg","@Rebecca-v8c7n","UCJNGB4gCqq6wMmQOW_NIYQw","@עומרשריד-כ3ד","UCR4oAMN3YQbAG97IIKK5plA","​@Breadcrumbs-d3t how do you know gng",0,"2026-09-19T07:58:47Z",2026-09-19 07:58:47,"Ultimate Team","30x DEBUT ICON PACKS! FC 27 Ultimate Team","AuzioMF"
"Mbzz0gwTONU","Ugwj9vE4RDtdzcLTBfN4AaABAg.Aash-icMNh7Aaso45hy_91","Ugwj9vE4RDtdzcLTBfN4AaABAg","@Lobont666","UCb2P-4sl8nOAKu8tkW1oi1w","@MesutEyezil442oons","UCg5PPn9C6l3hVOnX9mbc1Uw","Bot stole your comment and got more likes than you",1,"2026-09-18T01:53:12Z",2026-09-18 01:53:12,"Ultimate Team","30x DEBUT ICON PACKS! FC 27 Ultimate Team","AuzioMF"
"Mbzz0gwTONU","Ugwj9vE4RDtdzcLTBfN4AaABAg.Aash-icMNh7AasoiSHicoR","Ugwj9vE4RDtdzcLTBfN4AaABAg","@Lobont666","UCb2P-4sl8nOAKu8tkW1oi1w","@vJAMIEv","UCl9rXUntRP6BvAcJigIJ82w","@MesutEyezil442oons it shows how sad boys are, It has more likes because the pfp",0,"2026-09-18T01:58:51Z",2026-09-18 01:58:51,"Ultimate Team","30x DEBUT ICON PACKS! FC 27 Ultimate Team","AuzioMF"
"Mbzz0gwTONU","Ugwj9vE4RDtdzcLTBfN4AaABAg.Aash-icMNh7AaspKNsrxm8","Ugwj9vE4RDtdzcLTBfN4AaABAg","@Lobont666","UCb2P-4sl8nOAKu8tkW1oi1w","@SamerA3737","UCj2ps7MI4-_pny-FCkTZC7Q","@MesutEyezil442oonsbc it’s a fake girl profile lol",0,"2026-09-18T02:04:10Z",2026-09-18 02:04:10,"Ultimate Team","30x DEBUT ICON PACKS! FC 27 Ultimate Team","AuzioMF"
"Mbzz0gwTONU","Ugwj9vE4RDtdzcLTBfN4AaABAg.Aash-icMNh7Aatkh5-92PL","Ugwj9vE4RDtdzcLTBfN4AaABAg","@Lobont666","UCb2P-4sl8nOAKu8tkW1oi1w","@Timmy.2tuff","UCzDdIQVMe_muRYAm7MRbukw","@MesutEyezil442oons😂😂",0,"2026-09-18T10:42:57Z",2026-09-18 10:42:57,"Ultimate Team","30x DEBUT ICON PACKS! FC 27 Ultimate Team","AuzioMF"
"-iCLBdPChD0","UgyGAE4Fkuuoz9i_kxl4AaABAg.Ab1HEq-FxguAb1I4U09P8M","UgyGAE4Fkuuoz9i_kxl4AaABAg","@antoniodacosta8775","UCSvXQdYvrP8muT3X0Z2ik7w","@antoniodacosta8775","UCSvXQdYvrP8muT3X0Z2ik7w","You know what nvm. I watched on and you’re butchering a lot of the names. You do you irmão",0,"2026-09-21T18:17:18Z",2026-09-21 18:17:18,"Ultimate Team","WOW This SUCK So Bad... FC27 Ultimate Team","AA9skillz"
"-iCLBdPChD0","UgwwbNMkxgeRQRPvF8l4AaABAg.Ab1Ee_EvBDnAb1Egehc_9I","UgwwbNMkxgeRQRPvF8l4AaABAg","@Mohamed-r6u7l","UC_oHUNsTpuWPq-n3FzD9mwA","@Mohamed-r6u7l","UC_oHUNsTpuWPq-n3FzD9mwA","On the app",0,"2026-09-21T17:47:42Z",2026-09-21 17:47:42,"Ultimate Team","WOW This SUCK So Bad... FC27 Ultimate Team","AA9skillz"
"-iCLBdPChD0","UgwUG-fKVJrDOXxFvEZ4AaABAg.Ab1AbCi4NeAAb1q-T1tNs-","UgwUG-fKVJrDOXxFvEZ4AaABAg","@martinkjr8780","UCKl4-asnf00eIvUqrXeammA","@lucasdunn1147","UCMvoXl8Ed8xMGjw7f0rNmTQ","Not even pay to win. It’s just too easy to get a good team",0,"2026-09-21T23:22:27Z",2026-09-21 23:22:27,"Ultimate Team","WOW This SUCK So Bad... FC27 Ultimate Team","AA9skillz"
"-iCLBdPChD0","UgxcuBZGBaTlIA3cxZx4AaABAg.Ab14tMZx06iAb2u12X3eCc","UgxcuBZGBaTlIA3cxZx4AaABAg","@alexandredefranca4746","UCcBRxSFwhX8UB1RZu341AEw","@edgarsousa1686","UCx6JOCxCHF_SSe9Up2gjWcw","Nacional da Madeira. silver kit should be arround 150-300 coins",0,"2026-09-22T09:16:51Z",2026-09-22 09:16:51,"Ultimate Team","WOW This SUCK So Bad... FC27 Ultimate Team","AA9skillz"
"-iCLBdPChD0","UgxahX2yxynBm7vhKoJ4AaABAg.Ab0w9EZ7_ywAb1QkYXkNVP","UgxahX2yxynBm7vhKoJ4AaABAg","@kyebrezz1050","UCg9jRpO1rrS3u3jQQJ5ipVg","@prefaps","UCB5LwST5hev1870sDc-rkuw","what filter is this??",0,"2026-09-21T19:33:05Z",2026-09-21 19:33:05,"Ultimate Team","WOW This SUCK So Bad... FC27 Ultimate Team","AA9skillz"
"-iCLBdPChD0","UgxahX2yxynBm7vhKoJ4AaABAg.Ab0w9EZ7_ywAb1TQJ8tO8C","UgxahX2yxynBm7vhKoJ4AaABAg","@kyebrezz1050","UCg9jRpO1rrS3u3jQQJ5ipVg","@amedtentori3418","UC3M49Yzbdt4SmF659H1XweQ","LOL i blame the tranfer market",0,"2026-09-21T19:56:24Z",2026-09-21 19:56:24,"Ultimate Team","WOW This SUCK So Bad... FC27 Ultimate Team","AA9skillz"
"-iCLBdPChD0","UgxahX2yxynBm7vhKoJ4AaABAg.Ab0w9EZ7_ywAb86islncvZ","UgxahX2yxynBm7vhKoJ4AaABAg","@kyebrezz1050","UCg9jRpO1rrS3u3jQQJ5ipVg","@magnusdons9099","UCQB7kFu_CgyAwoVqWon_d8g","IT DOES... This mans pissing me off. Look under their picture ""AVERAGE TM PRICE""",0,"2026-09-24T09:52:47Z",2026-09-24 09:52:47,"Ultimate Team","WOW This SUCK So Bad... FC27 Ultimate Team","AA9skillz"
"-iCLBdPChD0","Ugy9KIHm3a29Y3vXJYZ4AaABAg.Ab0v5F0MhG2Ab193HAYlfs","Ugy9KIHm3a29Y3vXJYZ4AaABAg","@MilanBerwouts","UCoBlJ9UkBqelYe84Hg6tvng","@bnxBEASTMODE","UCkCJZ9TZ1UCH_FDGGIHHWRQ","That’s literally what he said after the 2 minute mark 😂 cmon dude.. watch the video BEFORE trying to be interesting or say something like “first” 😅",2,"2026-09-21T16:58:29Z",2026-09-21 16:58:29,"Ultimate Team","WOW This SUCK So Bad... FC27 Ultimate Team","AA9skillz"
"-iCLBdPChD0","Ugy9KIHm3a29Y3vXJYZ4AaABAg.Ab0v5F0MhG2Ab1DRxvyE8p","Ugy9KIHm3a29Y3vXJYZ4AaABAg","@MilanBerwouts","UCoBlJ9UkBqelYe84Hg6tvng","@BiggieSmallsSwe","UCw-bWetLhQiGyWk2Vbg5RKw","@bnxBEASTMODE He doesn't mean coin sellers, he means players just like you and me making multiple accounts, do all objectives, sbcs and stuff and then give it to their main acc",1,"2026-09-21T17:36:49Z",2026-09-21 17:36:49,"Ultimate Team","WOW This SUCK So Bad... FC27 Ultimate Team","AA9skillz"
"-iCLBdPChD0","Ugy9KIHm3a29Y3vXJYZ4AaABAg.Ab0v5F0MhG2Ab1DqLjdytm","Ugy9KIHm3a29Y3vXJYZ4AaABAg","@MilanBerwouts","UCoBlJ9UkBqelYe84Hg6tvng","@bnxBEASTMODE","UCkCJZ9TZ1UCH_FDGGIHHWRQ","@BiggieSmallsSweah fair enough. When i am wrong, i am wrong. I apologize to both of you. Misunderstood it. Have a blessed evening boys ❤",7,"2026-09-21T17:40:17Z",2026-09-21 17:40:17,"Ultimate Team","WOW This SUCK So Bad... FC27 Ultimate Team","AA9skillz"
"-iCLBdPChD0","Ugy9KIHm3a29Y3vXJYZ4AaABAg.Ab0v5F0MhG2Ab1EAEMjbbg","Ugy9KIHm3a29Y3vXJYZ4AaABAg","@MilanBerwouts","UCoBlJ9UkBqelYe84Hg6tvng","@BiggieSmallsSwe","UCw-bWetLhQiGyWk2Vbg5RKw","@bnxBEASTMODEnahnah no need to apologize for me brother ❤ Thank you, hope you have a blessed day aswell",6,"2026-09-21T17:43:08Z",2026-09-21 17:43:08,"Ultimate Team","WOW This SUCK So Bad... FC27 Ultimate Team","AA9skillz"
"-iCLBdPChD0","Ugy9KIHm3a29Y3vXJYZ4AaABAg.Ab0v5F0MhG2Ab1fYeH5CwW","Ugy9KIHm3a29Y3vXJYZ4AaABAg","@MilanBerwouts","UCoBlJ9UkBqelYe84Hg6tvng","@qwerty-g9x3p","UCyWZCIPTZ0vYoC_Y8hp4VaQ","exactly",3,"2026-09-21T21:51:08Z",2026-09-21 21:51:08,"Ultimate Team","WOW This SUCK So Bad... FC27 Ultimate Team","AA9skillz"
"-iCLBdPChD0","Ugy9KIHm3a29Y3vXJYZ4AaABAg.Ab0v5F0MhG2Ab5lO8oSDhk","Ugy9KIHm3a29Y3vXJYZ4AaABAg","@MilanBerwouts","UCoBlJ9UkBqelYe84Hg6tvng","@temperedglass1130","UClDqSZSZ3nk8dXy792T9jXw","Shut it wokey",0,"2026-09-23T11:59:05Z",2026-09-23 11:59:05,"Ultimate Team","WOW This SUCK So Bad... FC27 Ultimate Team","AA9skillz"
"-iCLBdPChD0","Ugy2ygSCe1EmjmAG9hZ4AaABAg.Ab0raasv17hAb0srlJZLEP","Ugy2ygSCe1EmjmAG9hZ4AaABAg","@TheKizame35","UCsviLjE8vp6yTR1Fje1K4IA","@treytoomuch","UCqdrbO5s0MtZh9R-mOcfYXQ","Its draft, its always like that",0,"2026-09-21T14:28:14Z",2026-09-21 14:28:14,"Ultimate Team","WOW This SUCK So Bad... FC27 Ultimate Team","AA9skillz"
"-iCLBdPChD0","Ugy2ygSCe1EmjmAG9hZ4AaABAg.Ab0raasv17hAb2c3G3Xnt7","Ugy2ygSCe1EmjmAG9hZ4AaABAg","@TheKizame35","UCsviLjE8vp6yTR1Fje1K4IA","@Sosa10.0","UC6hFdjScqcRBcOEOo5Ftt4w","Its draft you bot",0,"2026-09-22T06:39:52Z",2026-09-22 06:39:52,"Ultimate Team","WOW This SUCK So Bad... FC27 Ultimate Team","AA9skillz"
"-iCLBdPChD0","UgwmECuyMk-hX7eDA-d4AaABAg.Ab0qYqmpvO2Ab0rp8helC3","UgwmECuyMk-hX7eDA-d4AaABAg","@asakuralegion","UCVSsAZ18at9idgGwdCCf_Vw","@antoniomanuel5636","UC0-omniuMenLfO-pnGJ247g","The game makes you negative bro😭",0,"2026-09-21T14:19:08Z",2026-09-21 14:19:08,"Ultimate Team","WOW This SUCK So Bad... FC27 Ultimate Team","AA9skillz"
"-iCLBdPChD0","UgxEpim4UpM3IZW6qpl4AaABAg.Ab0psoEDVa_Ab0rVZ9t1RA","UgxEpim4UpM3IZW6qpl4AaABAg","@ΜιχαιλιδηΣυγνωμη4","UCO1xo2q7QQx55-X8w7gKVZw","@antoniomanuel5636","UC0-omniuMenLfO-pnGJ247g","Because the game isn’t as good as people expected it?",6,"2026-09-21T14:16:20Z",2026-09-21 14:16:20,"Ultimate Team","WOW This SUCK So Bad... FC27 Ultimate Team","AA9skillz"
"-iCLBdPChD0","UgxEpim4UpM3IZW6qpl4AaABAg.Ab0psoEDVa_Ab0rqUVSMff","UgxEpim4UpM3IZW6qpl4AaABAg","@ΜιχαιλιδηΣυγνωμη4","UCO1xo2q7QQx55-X8w7gKVZw","@ΜιχαιλιδηΣυγνωμη4","UCO1xo2q7QQx55-X8w7gKVZw","@antoniomanuel5636the game isnt even out yet and yall are crying😂😂I am in div4 with my gervinho destroying people like you who complain because pace is the meta like in every start of fifa",12,"2026-09-21T14:19:19Z",2026-09-21 14:19:19,"Ultimate Team","WOW This SUCK So Bad... FC27 Ultimate Team","AA9skillz"
"-iCLBdPChD0","UgxEpim4UpM3IZW6qpl4AaABAg.Ab0psoEDVa_Ab0sD2xeFqW","UgxEpim4UpM3IZW6qpl4AaABAg","@ΜιχαιλιδηΣυγνωμη4","UCO1xo2q7QQx55-X8w7gKVZw","@Yousef-sp6jd","UCVzVPyow5db7smrOGvbn64Q","​@antoniomanuel5636it's actually good",0,"2026-09-21T14:22:32Z",2026-09-21 14:22:32,"Ultimate Team","WOW This SUCK So Bad... FC27 Ultimate Team","AA9skillz"
"-iCLBdPChD0","UgxEpim4UpM3IZW6qpl4AaABAg.Ab0psoEDVa_Ab0sHlNWV46","UgxEpim4UpM3IZW6qpl4AaABAg","@ΜιχαιλιδηΣυγνωμη4","UCO1xo2q7QQx55-X8w7gKVZw","@elliott8709","UCEYzUANmQR5HjRS3vK1W1xQ","He has a valid point",2,"2026-09-21T14:23:11Z",2026-09-21 14:23:11,"Ultimate Team","WOW This SUCK So Bad... FC27 Ultimate Team","AA9skillz"
"-iCLBdPChD0","UgxEpim4UpM3IZW6qpl4AaABAg.Ab0psoEDVa_Ab0sK8nLHI_","UgxEpim4UpM3IZW6qpl4AaABAg","@ΜιχαιλιδηΣυγνωμη4","UCO1xo2q7QQx55-X8w7gKVZw","@elliott8709","UCEYzUANmQR5HjRS3vK1W1xQ","​@ΜιχαιλιδηΣυγνωμη4div 4 hahahaha take a break sad kid",6,"2026-09-21T14:23:30Z",2026-09-21 14:23:30,"Ultimate Team","WOW This SUCK So Bad... FC27 Ultimate Team","AA9skillz"
"-iCLBdPChD0","UgxEpim4UpM3IZW6qpl4AaABAg.Ab0psoEDVa_Ab0uTandjTE","UgxEpim4UpM3IZW6qpl4AaABAg","@ΜιχαιλιδηΣυγνωμη4","UCO1xo2q7QQx55-X8w7gKVZw","@Mosthated_d15","UCkOw4zF6u7MvIc0LOBUUsmw","@a@antoniomanuel5636 No one thought it was going to be good?😂if u did you’re braindead and people have actually been enjoying it",0,"2026-09-21T14:42:16Z",2026-09-21 14:42:16,"Ultimate Team","WOW This SUCK So Bad... FC27 Ultimate Team","AA9skillz"
"-iCLBdPChD0","UgxEpim4UpM3IZW6qpl4AaABAg.Ab0psoEDVa_Ab0uUE3MeM2","UgxEpim4UpM3IZW6qpl4AaABAg","@ΜιχαιλιδηΣυγνωμη4","UCO1xo2q7QQx55-X8w7gKVZw","@ΜιχαιλιδηΣυγνωμη4","UCO1xo2q7QQx55-X8w7gKVZw","@elliott8709sad?i work 9-5 and get off at 2pm uk…div 7 to 4 is like 10-15 wins its not that hard kid",6,"2026-09-21T14:42:21Z",2026-09-21 14:42:21,"Ultimate Team","WOW This SUCK So Bad... FC27 Ultimate Team","AA9skillz"
"-iCLBdPChD0","UgxEpim4UpM3IZW6qpl4AaABAg.Ab0psoEDVa_Ab0z7xtQFDE","UgxEpim4UpM3IZW6qpl4AaABAg","@ΜιχαιλιδηΣυγνωμη4","UCO1xo2q7QQx55-X8w7gKVZw","@goonefilosof","UC35it16iTkoegurkfDCkPlA","@ΜιχαιλιδηΣυγνωμη4these guys is usually in div 6 all year so all they do is complain😂😂✌️✌️",0,"2026-09-21T15:23:01Z",2026-09-21 15:23:01,"Ultimate Team","WOW This SUCK So Bad... FC27 Ultimate Team","AA9skillz"
"-iCLBdPChD0","UgxEpim4UpM3IZW6qpl4AaABAg.Ab0psoEDVa_Ab1-Jj2OyDB","UgxEpim4UpM3IZW6qpl4AaABAg","@ΜιχαιλιδηΣυγνωμη4","UCO1xo2q7QQx55-X8w7gKVZw","@KylesCovers","UCg6ghndhzedDC-37_PBcYEg","​@ΜιχαιλιδηΣυγνωμη4 you work 9-5 but get off at 2pm? Dafuq",0,"2026-09-21T15:33:21Z",2026-09-21 15:33:21,"Ultimate Team","WOW This SUCK So Bad... FC27 Ultimate Team","AA9skillz"
"-iCLBdPChD0","UgxEpim4UpM3IZW6qpl4AaABAg.Ab0psoEDVa_Ab1-w6LkzDu","UgxEpim4UpM3IZW6qpl4AaABAg","@ΜιχαιλιδηΣυγνωμη4","UCO1xo2q7QQx55-X8w7gKVZw","@ΜιχαιλιδηΣυγνωμη4","UCO1xo2q7QQx55-X8w7gKVZw","@KylesCovers9 to 5 means 9 hours a day 5 days a week stop believing tiktok",0,"2026-09-21T15:38:44Z",2026-09-21 15:38:44,"Ultimate Team","WOW This SUCK So Bad... FC27 Ultimate Team","AA9skillz"
"-iCLBdPChD0","UgxEpim4UpM3IZW6qpl4AaABAg.Ab0psoEDVa_Ab12tMTgAwt","UgxEpim4UpM3IZW6qpl4AaABAg","@ΜιχαιλιδηΣυγνωμη4","UCO1xo2q7QQx55-X8w7gKVZw","@Postman_Panda","UCeukvaBwDgr5JYcf0DsG4OA","@ΜιχαιλιδηΣυγνωμη4wtf you on about working a 9-5 has always meant working a 40 hour week, and it’s usually between 9am and 5pm.",0,"2026-09-21T16:04:34Z",2026-09-21 16:04:34,"Ultimate Team","WOW This SUCK So Bad... FC27 Ultimate Team","AA9skillz"
"-iCLBdPChD0","UgxEpim4UpM3IZW6qpl4AaABAg.Ab0psoEDVa_Ab13GCOvmUr","UgxEpim4UpM3IZW6qpl4AaABAg","@ΜιχαιλιδηΣυγνωμη4","UCO1xo2q7QQx55-X8w7gKVZw","@ΜιχαιλιδηΣυγνωμη4","UCO1xo2q7QQx55-X8w7gKVZw","@Postman_Pandaso because I dont start work at 9 I dont work a 9-5?😂😂",0,"2026-09-21T16:07:50Z",2026-09-21 16:07:50,"Ultimate Team","WOW This SUCK So Bad... FC27 Ultimate Team","AA9skillz"
"-iCLBdPChD0","UgxEpim4UpM3IZW6qpl4AaABAg.Ab0psoEDVa_Ab13b-VBWli","UgxEpim4UpM3IZW6qpl4AaABAg","@ΜιχαιλιδηΣυγνωμη4","UCO1xo2q7QQx55-X8w7gKVZw","@Postman_Panda","UCeukvaBwDgr5JYcf0DsG4OA","@Μ@ΜιχαιλιδηΣυγνωμη4bingo",0,"2026-09-21T16:10:48Z",2026-09-21 16:10:48,"Ultimate Team","WOW This SUCK So Bad... FC27 Ultimate Team","AA9skillz"
"-iCLBdPChD0","UgxEpim4UpM3IZW6qpl4AaABAg.Ab0psoEDVa_Ab13gVKGrGa","UgxEpim4UpM3IZW6qpl4AaABAg","@ΜιχαιλιδηΣυγνωμη4","UCO1xo2q7QQx55-X8w7gKVZw","@Postman_Panda","UCeukvaBwDgr5JYcf0DsG4OA","Nice to see you do have a brain cell. Enjoy your life.",0,"2026-09-21T16:11:33Z",2026-09-21 16:11:33,"Ultimate Team","WOW This SUCK So Bad... FC27 Ultimate Team","AA9skillz"
"-iCLBdPChD0","UgxEpim4UpM3IZW6qpl4AaABAg.Ab0psoEDVa_Ab14IrPswPT","UgxEpim4UpM3IZW6qpl4AaABAg","@ΜιχαιλιδηΣυγνωμη4","UCO1xo2q7QQx55-X8w7gKVZw","@crim.d","UCvoMSnsRnUTMkdf44z3B7jA","and u watching them",9,"2026-09-21T16:16:56Z",2026-09-21 16:16:56,"Ultimate Team","WOW This SUCK So Bad... FC27 Ultimate Team","AA9skillz"
"-iCLBdPChD0","UgxEpim4UpM3IZW6qpl4AaABAg.Ab0psoEDVa_Ab17Xkqh5mw","UgxEpim4UpM3IZW6qpl4AaABAg","@ΜιχαιλιδηΣυγνωμη4","UCO1xo2q7QQx55-X8w7gKVZw","@eunachooo","UCbppT4jOzVWPOCuYHRKOtNQ","​@antoniomanuel5636who expected fc27 to be good? 😂",0,"2026-09-21T16:45:10Z",2026-09-21 16:45:10,"Ultimate Team","WOW This SUCK So Bad... FC27 Ultimate Team","AA9skillz"
"-iCLBdPChD0","UgxEpim4UpM3IZW6qpl4AaABAg.Ab0psoEDVa_Ab18FLFs9Dp","UgxEpim4UpM3IZW6qpl4AaABAg","@ΜιχαιλιδηΣυγνωμη4","UCO1xo2q7QQx55-X8w7gKVZw","@bestinfifa22","UCHMkl0li8vFXyGvoxBglT8w","@ΜιχαιλιδηΣυγνωμη4 bro you can say you work a 9-5 but you did not say that you said you work 9-5 which would make people think you said I go to work at 9 and leave at 5. Don’t get mad because you did not use the correct grammar.",1,"2026-09-21T16:51:24Z",2026-09-21 16:51:24,"Ultimate Team","WOW This SUCK So Bad... FC27 Ultimate Team","AA9skillz"
"-iCLBdPChD0","UgxEpim4UpM3IZW6qpl4AaABAg.Ab0psoEDVa_Ab18ch_VR3v","UgxEpim4UpM3IZW6qpl4AaABAg","@ΜιχαιλιδηΣυγνωμη4","UCO1xo2q7QQx55-X8w7gKVZw","@Postman_Panda","UCeukvaBwDgr5JYcf0DsG4OA","@bestinfifa22that’s what I was pointing out. They have 1 brain cell but you mate are 100% 👏",0,"2026-09-21T16:54:43Z",2026-09-21 16:54:43,"Ultimate Team","WOW This SUCK So Bad... FC27 Ultimate Team","AA9skillz"
"-iCLBdPChD0","UgxEpim4UpM3IZW6qpl4AaABAg.Ab0psoEDVa_Ab18gvDOHS_","UgxEpim4UpM3IZW6qpl4AaABAg","@ΜιχαιλιδηΣυγνωμη4","UCO1xo2q7QQx55-X8w7gKVZw","@cecenpups63","UC5PPvmsxsfur48AGQ8bTDOA","😂😂😂",0,"2026-09-21T16:55:18Z",2026-09-21 16:55:18,"Ultimate Team","WOW This SUCK So Bad... FC27 Ultimate Team","AA9skillz"
"-iCLBdPChD0","UgxEpim4UpM3IZW6qpl4AaABAg.Ab0psoEDVa_Ab1HHpfcxGN","UgxEpim4UpM3IZW6qpl4AaABAg","@ΜιχαιλιδηΣυγνωμη4","UCO1xo2q7QQx55-X8w7gKVZw","@bpbp7378","UCvvq4X1up7dJCtKvJfGdSQg","U making him more rich with u hating 😂😂😂😂 js saying 🤡",1,"2026-09-21T18:10:23Z",2026-09-21 18:10:23,"Ultimate Team","WOW This SUCK So Bad... FC27 Ultimate Team","AA9skillz"
"-iCLBdPChD0","UgxEpim4UpM3IZW6qpl4AaABAg.Ab0psoEDVa_Ab1I1Cw5yk5","UgxEpim4UpM3IZW6qpl4AaABAg","@ΜιχαιλιδηΣυγνωμη4","UCO1xo2q7QQx55-X8w7gKVZw","@MikeUnited27","UCJhvU67lRt2ILs_0SrwUCRA","Yeah I’m sick of seeing his videos pop up. Wish you could block on YouTube. 
He knows he gets paid nice that’s why he still plays.",0,"2026-09-21T18:16:51Z",2026-09-21 18:16:51,"Ultimate Team","WOW This SUCK So Bad... FC27 Ultimate Team","AA9skillz"
"-iCLBdPChD0","UgxEpim4UpM3IZW6qpl4AaABAg.Ab0psoEDVa_Ab1ie48k7ED","UgxEpim4UpM3IZW6qpl4AaABAg","@ΜιχαιλιδηΣυγνωμη4","UCO1xo2q7QQx55-X8w7gKVZw","@bestinfifa22","UCHMkl0li8vFXyGvoxBglT8w","@Postman_Panda I gotchu us with our brain cells need to stick together",0,"2026-09-21T22:18:13Z",2026-09-21 22:18:13,"Ultimate Team","WOW This SUCK So Bad... FC27 Ultimate Team","AA9skillz"
"-iCLBdPChD0","UgxEpim4UpM3IZW6qpl4AaABAg.Ab0psoEDVa_Ab2boFWUYqV","UgxEpim4UpM3IZW6qpl4AaABAg","@ΜιχαιλιδηΣυγνωμη4","UCO1xo2q7QQx55-X8w7gKVZw","@Sosa10.0","UC6hFdjScqcRBcOEOo5Ftt4w","@bpbp7378where did he hate?",0,"2026-09-22T06:37:41Z",2026-09-22 06:37:41,"Ultimate Team","WOW This SUCK So Bad... FC27 Ultimate Team","AA9skillz"
"-iCLBdPChD0","UgxEpim4UpM3IZW6qpl4AaABAg.Ab0psoEDVa_Ab3CrZX67bl","UgxEpim4UpM3IZW6qpl4AaABAg","@ΜιχαιλιδηΣυγνωμη4","UCO1xo2q7QQx55-X8w7gKVZw","@masonpiercefilm","UCRx0orF-JkEkH2zWAVi3SQg","@ΜιχαιλιδηΣυγνωμη4 It's out. Shut up and go watch Lanterns shill.",0,"2026-09-22T12:10:11Z",2026-09-22 12:10:11,"Ultimate Team","WOW This SUCK So Bad... FC27 Ultimate Team","AA9skillz"
"HaRFo7WlrJg","Ugx9ATeYPrA2Ixv3Nz94AaABAg.Ab45CJO2accAbAkK3moK-Q","Ugx9ATeYPrA2Ixv3Nz94AaABAg","@soccerplyr8","UCGNGBjUM1d6mn2559TjvwSw","@InvincibleOpera14","UCVaPU2mLES1HN23zr9UpKRg","You sir are a visionary, been saying this from like fifa 17, kudos",0,"2026-09-25T10:26:00Z",2026-09-25 10:26:00,"Ultimate Team","People are NOT happy with this! FC27 Ultimate Team","NepentheZ"
"HaRFo7WlrJg","Ugw9-utFWjI2cL5mVtB4AaABAg.Ab408orcM7OAb5Ne7LGJ2B","Ugw9-utFWjI2cL5mVtB4AaABAg","@jamssjamss9739","UCJTi2i2rm6F7Ph6b2ybmouA","@Realist1099","UCq5iTKj5LX9H6ngTuI3Zzlw","I wish Evo’s weren’t even in the game, was much better before",2,"2026-09-23T08:22:57Z",2026-09-23 08:22:57,"Ultimate Team","People are NOT happy with this! FC27 Ultimate Team","NepentheZ"
"HaRFo7WlrJg","Ugw9-utFWjI2cL5mVtB4AaABAg.Ab408orcM7OAb5SCHEbRZu","Ugw9-utFWjI2cL5mVtB4AaABAg","@jamssjamss9739","UCJTi2i2rm6F7Ph6b2ybmouA","@CarlinCoath","UCmn5vBhnM8D7iID9kHDY2yA","Just take out Evos all together",3,"2026-09-23T09:02:42Z",2026-09-23 09:02:42,"Ultimate Team","People are NOT happy with this! FC27 Ultimate Team","NepentheZ"
"HaRFo7WlrJg","Ugw9-utFWjI2cL5mVtB4AaABAg.Ab408orcM7OAb5kB4Tjh6a","Ugw9-utFWjI2cL5mVtB4AaABAg","@jamssjamss9739","UCJTi2i2rm6F7Ph6b2ybmouA","@rizo9511","UCozbj5wN_T-OF9r9_fFAzgA","​@CarlinCoathhonestly.. i see evos becoming obsolete",1,"2026-09-23T11:48:34Z",2026-09-23 11:48:34,"Ultimate Team","People are NOT happy with this! FC27 Ultimate Team","NepentheZ"
"HaRFo7WlrJg","Ugw9-utFWjI2cL5mVtB4AaABAg.Ab408orcM7OAb6VGgCb4iY","Ugw9-utFWjI2cL5mVtB4AaABAg","@jamssjamss9739","UCJTi2i2rm6F7Ph6b2ybmouA","@jamssjamss9739","UCJTi2i2rm6F7Ph6b2ybmouA","​@Realist1099 it really wasn't, being able to use cards they always ignore is great.",3,"2026-09-23T18:48:46Z",2026-09-23 18:48:46,"Ultimate Team","People are NOT happy with this! FC27 Ultimate Team","NepentheZ"
"HaRFo7WlrJg","UgzDnHnZurXcDYjPW654AaABAg.Ab3z-3sHDvbAb5k5rseDau","UgzDnHnZurXcDYjPW654AaABAg","@KennethCalvo","UCC3m25Z7GwnYTp7dyZRRLwQ","@rizo9511","UCozbj5wN_T-OF9r9_fFAzgA","💯  agree",0,"2026-09-23T11:47:51Z",2026-09-23 11:47:51,"Ultimate Team","People are NOT happy with this! FC27 Ultimate Team","NepentheZ"
"HaRFo7WlrJg","UgzB0xHDtScyiYdp4Kt4AaABAg.Ab3vHjKdE44Ab3y-A7Z1sB","UgzB0xHDtScyiYdp4Kt4AaABAg","@LiamS-j2g","UClPzAFpyJnl89Q99t1ebTHQ","@zCxnr","UCn2eakgzSDMHYUCZfSgBxMA","@LiamS-j2g  they know gta will be releasing so wouldn't doubt it",0,"2026-09-22T19:10:48Z",2026-09-22 19:10:48,"Ultimate Team","People are NOT happy with this! FC27 Ultimate Team","NepentheZ"
"HaRFo7WlrJg","Ugysf1qy6_-T-mLBzVl4AaABAg.Ab3v0aXNhDJAb49hFah4TK","Ugysf1qy6_-T-mLBzVl4AaABAg","@supersonicwbrfm3402","UCQ5JWZY-0reTzaMZ_CRgX9A","@EdsGaming","UCOHKC35Fj26JXNq1D6To0Iw","have fun and enjoy fifa? what planet do you live on mate",3,"2026-09-22T21:01:48Z",2026-09-22 21:01:48,"Ultimate Team","People are NOT happy with this! FC27 Ultimate Team","NepentheZ"
"HaRFo7WlrJg","Ugw2raKwlcos4pVOUOp4AaABAg.Ab3ufNeAewsAb42iqlP6ES","Ugw2raKwlcos4pVOUOp4AaABAg","@AdamSmith1122-t5r","UCjb4cVp-96efupohs3EfslA","@jackwhite9.9.9","UCO8Z8qnnc-LvIqxoFH7GrFw","10 games doesn’t take 5 minutes",0,"2026-09-22T20:00:52Z",2026-09-22 20:00:52,"Ultimate Team","People are NOT happy with this! FC27 Ultimate Team","NepentheZ"
"HaRFo7WlrJg","UgyQTv49EGohJuAXPVV4AaABAg.Ab3uIDkNC9CAb3vuC4Jo9s","UgyQTv49EGohJuAXPVV4AaABAg","@struebz","UC46tz-Q_CZ1mKFPYXGgPd_A","@tommen4097","UC0AJHUrtAdfsxYZBvkyQvvA","him being your best player ever packed does not say much since he is literally the best gold player so who would be bigger?",0,"2026-09-22T18:52:30Z",2026-09-22 18:52:30,"Ultimate Team","People are NOT happy with this! FC27 Ultimate Team","NepentheZ"
"HaRFo7WlrJg","UgyQTv49EGohJuAXPVV4AaABAg.Ab3uIDkNC9CAb3wDDvj6Qb","UgyQTv49EGohJuAXPVV4AaABAg","@struebz","UC46tz-Q_CZ1mKFPYXGgPd_A","@struebz","UC46tz-Q_CZ1mKFPYXGgPd_A","@tommen4097I mean, there have been plenty of cards that are worth more over the last 17 years lol",1,"2026-09-22T18:55:14Z",2026-09-22 18:55:14,"Ultimate Team","People are NOT happy with this! FC27 Ultimate Team","NepentheZ"
"HaRFo7WlrJg","UgzasNEzWsW7qow4m9N4AaABAg.Ab3tqQVuVZKAb41vEYboXu","UgzasNEzWsW7qow4m9N4AaABAg","@PariaCruzR","UC4CNVBNtG1--IajaeYnFEaw","@michaelquain1181","UCrUr2Ns07L7mH4KEX6-hczQ","And then when the players are good enough, they complain there’s too much content or that it’s not fun and evos/sbcs are too overpowered 😂",18,"2026-09-22T19:53:48Z",2026-09-22 19:53:48,"Ultimate Team","People are NOT happy with this! FC27 Ultimate Team","NepentheZ"
"HaRFo7WlrJg","UgzasNEzWsW7qow4m9N4AaABAg.Ab3tqQVuVZKAb4Q-MGxZsG","UgzasNEzWsW7qow4m9N4AaABAg","@PariaCruzR","UC4CNVBNtG1--IajaeYnFEaw","@gsampson97","UCgFsWcTKeyttJ1b36af0JGA","I mean if they're in an off league why not make them better. Giving people a decent winger for Eredevisie won't break the market. I'm not saying give them rashford level of a card but you could buy a gold for 700 coins with the same stats.",5,"2026-09-22T23:24:13Z",2026-09-22 23:24:13,"Ultimate Team","People are NOT happy with this! FC27 Ultimate Team","NepentheZ"
"HaRFo7WlrJg","UgzasNEzWsW7qow4m9N4AaABAg.Ab3tqQVuVZKAb6F2u2X6rr","UgzasNEzWsW7qow4m9N4AaABAg","@PariaCruzR","UC4CNVBNtG1--IajaeYnFEaw","@gillylavis918","UCTOAdcQ10VHGo1HLaKVfVuQ","Exactly this.. I get confused as to what people actually want.. both with players and sbc",0,"2026-09-23T16:27:05Z",2026-09-23 16:27:05,"Ultimate Team","People are NOT happy with this! FC27 Ultimate Team","NepentheZ"
"HaRFo7WlrJg","UgwaYARLQn1QZoTVAFp4AaABAg.Ab3to_SDQBTAb4JOlXmD0a","UgwaYARLQn1QZoTVAFp4AaABAg","@CharlotteRose-m2u","UCNXbo3u8eqGGfQ5nt5EUOcQ","@fearny","UCatFVNRQOUObbBzF497QFYA","💯",0,"2026-09-22T22:26:32Z",2026-09-22 22:26:32,"Ultimate Team","People are NOT happy with this! FC27 Ultimate Team","NepentheZ"
"HaRFo7WlrJg","UgyNqXypuR6vuxP0PIB4AaABAg.Ab3tPS7eUx1Ab3wjMiQO4E","UgyNqXypuR6vuxP0PIB4AaABAg","@theorobertson274","UC4viFOAUsO4L0zr6PwcP-zA","@bengreen2380","UCuNdrhljiMgNjdKSP1z-8GA","The game ain’t even out yet mate…",3,"2026-09-22T18:59:46Z",2026-09-22 18:59:46,"Ultimate Team","People are NOT happy with this! FC27 Ultimate Team","NepentheZ"
"HaRFo7WlrJg","UgyNqXypuR6vuxP0PIB4AaABAg.Ab3tPS7eUx1Ab3y7S2oRHx","UgyNqXypuR6vuxP0PIB4AaABAg","@theorobertson274","UC4viFOAUsO4L0zr6PwcP-zA","@jamssjamss9739","UCJTi2i2rm6F7Ph6b2ybmouA","@bengreen2380 If people have paid money for the game and can play it guess what the game has been released. No need to pass on EA PR nonsense.",2,"2026-09-22T19:11:55Z",2026-09-22 19:11:55,"Ultimate Team","People are NOT happy with this! FC27 Ultimate Team","NepentheZ"
"HaRFo7WlrJg","UgxsfA_2II3W11nMEBx4AaABAg.Ab3s9h0ww7TAb43uGlSyOt","UgxsfA_2II3W11nMEBx4AaABAg","@KaliTheFrenchie","UCQsBM-fIEbx6g5qD73tlEzA","@leemoran3178","UCY4rroezsFRNPBNSFEfMpSA","@KaliTheFrenchie ye ye ye",2,"2026-09-22T20:11:09Z",2026-09-22 20:11:09,"Ultimate Team","People are NOT happy with this! FC27 Ultimate Team","NepentheZ"
"HaRFo7WlrJg","UgxsfA_2II3W11nMEBx4AaABAg.Ab3s9h0ww7TAb4D61VbIph","UgxsfA_2II3W11nMEBx4AaABAg","@KaliTheFrenchie","UCQsBM-fIEbx6g5qD73tlEzA","@benfinlay9921","UCh5J_xYDe_c5pIPZSBvNtEA","Facts brother",0,"2026-09-22T21:31:32Z",2026-09-22 21:31:32,"Ultimate Team","People are NOT happy with this! FC27 Ultimate Team","NepentheZ"
"HaRFo7WlrJg","UgxsfA_2II3W11nMEBx4AaABAg.Ab3s9h0ww7TAb4FDZ_D0eJ","UgxsfA_2II3W11nMEBx4AaABAg","@KaliTheFrenchie","UCQsBM-fIEbx6g5qD73tlEzA","@saurabhrajnala1","UCmyARKaB6_b1R4t5AOZLELg","Exactly!",0,"2026-09-22T21:50:03Z",2026-09-22 21:50:03,"Ultimate Team","People are NOT happy with this! FC27 Ultimate Team","NepentheZ"
"HaRFo7WlrJg","UgxsfA_2II3W11nMEBx4AaABAg.Ab3s9h0ww7TAb4Goe4QQJ0","UgxsfA_2II3W11nMEBx4AaABAg","@KaliTheFrenchie","UCQsBM-fIEbx6g5qD73tlEzA","@seanpurcell1292","UC58ahEPBcJ4vP58G01wJzCA","100% agree",0,"2026-09-22T22:03:59Z",2026-09-22 22:03:59,"Ultimate Team","People are NOT happy with this! FC27 Ultimate Team","NepentheZ"
"HaRFo7WlrJg","UgxsfA_2II3W11nMEBx4AaABAg.Ab3s9h0ww7TAb4KFScdLXh","UgxsfA_2II3W11nMEBx4AaABAg","@KaliTheFrenchie","UCQsBM-fIEbx6g5qD73tlEzA","@MCHAMMER-ld5gr","UCQ5oKajz4mb2cNLsp8QeTLA","@KaliTheFrenchie your life is on it’s arse if you’re sat waiting for this everyday.",3,"2026-09-22T22:34:00Z",2026-09-22 22:34:00,"Ultimate Team","People are NOT happy with this! FC27 Ultimate Team","NepentheZ"
"HaRFo7WlrJg","UgxsfA_2II3W11nMEBx4AaABAg.Ab3s9h0ww7TAb55veci7oP","UgxsfA_2II3W11nMEBx4AaABAg","@KaliTheFrenchie","UCQsBM-fIEbx6g5qD73tlEzA","@Daddypear11","UClEvkRzAA2gnT70IZPPntOw","It’s religion for sure",1,"2026-09-23T05:48:04Z",2026-09-23 05:48:04,"Ultimate Team","People are NOT happy with this! FC27 Ultimate Team","NepentheZ"
"HaRFo7WlrJg","UgwZKGuyQyoLzCRb8Od4AaABAg.Ab3rWn4Rz3PAb3sVJb_mSg","UgwZKGuyQyoLzCRb8Od4AaABAg","@mikkoluukkonen3445","UCvF13PSrgWACKje5j5S6o6w","@TH3SAVAG3CANUCK03","UC1-z-DXz9s0CMZHxNnz0ejQ","yes lets buff evos not even a week into the game cycle LOL 🤓🤓🤓",3,"2026-09-22T18:22:45Z",2026-09-22 18:22:45,"Ultimate Team","People are NOT happy with this! FC27 Ultimate Team","NepentheZ"
"HaRFo7WlrJg","UgwZKGuyQyoLzCRb8Od4AaABAg.Ab3rWn4Rz3PAb3tGsQI286","UgwZKGuyQyoLzCRb8Od4AaABAg","@mikkoluukkonen3445","UCvF13PSrgWACKje5j5S6o6w","@mikkoluukkonen3445","UCvF13PSrgWACKje5j5S6o6w","​@TH3SAVAG3CANUCK03Well,they are garbage,so why not😂",0,"2026-09-22T18:29:31Z",2026-09-22 18:29:31,"Ultimate Team","People are NOT happy with this! FC27 Ultimate Team","NepentheZ"
"HaRFo7WlrJg","UgwZKGuyQyoLzCRb8Od4AaABAg.Ab3rWn4Rz3PAb3wVLLVDTL","UgwZKGuyQyoLzCRb8Od4AaABAg","@mikkoluukkonen3445","UCvF13PSrgWACKje5j5S6o6w","@TH3SAVAG3CANUCK03","UC1-z-DXz9s0CMZHxNnz0ejQ","@mikkoluukkonen3445 bud go back to FC 26 if you want good evos, like i said not even a full week into the game cycle and lil timmys want evos to be good 🤓🤓🤓",1,"2026-09-22T18:57:42Z",2026-09-22 18:57:42,"Ultimate Team","People are NOT happy with this! FC27 Ultimate Team","NepentheZ"
"HaRFo7WlrJg","Ugzq91WPhpCGzzaqGEd4AaABAg.Ab3rTHkK3sFAb3sEEHeX0w","Ugzq91WPhpCGzzaqGEd4AaABAg","@jakwadd","UCajB1Jy-IPJoPlJjzq1auiQ","@ketgremlin8776","UCSge8Jv7TxrJHc12WU35xwA","Literally it’s been like that for ages mate ?",1,"2026-09-22T18:20:25Z",2026-09-22 18:20:25,"Ultimate Team","People are NOT happy with this! FC27 Ultimate Team","NepentheZ"
"tUUR5X5SNc0","UgyaZzZgmIS_NJuUB2N4AaABAg.AazoyAWCo1GAazpm1OV7qM","UgyaZzZgmIS_NJuUB2N4AaABAg","@67123-n","UC9fAD3a16skSOkA8UW1zm6A","@67123-n","UC9fAD3a16skSOkA8UW1zm6A","Jules kounde",1,"2026-09-20T19:22:45Z",2026-09-20 19:22:45,"Career Mode","I Fixed LIVERPOOLS Biggest PROBLEMS In FC 27 Career Mode!","CaniSports"
"tUUR5X5SNc0","UgzqWC4OgUkKe5S4qcZ4AaABAg.AayNTGYm9KoAayR3e4mWFi","UgzqWC4OgUkKe5S4qcZ4AaABAg","@carmenrowan9659","UCx2QUkQcmcU1CzwIMWyg0EA","@Officialfootballgamer1","UCTE5esx_Qm3fIcgg7zKdrxg","Nah keep macca",0,"2026-09-20T06:18:52Z",2026-09-20 06:18:52,"Career Mode","I Fixed LIVERPOOLS Biggest PROBLEMS In FC 27 Career Mode!","CaniSports"
"tUUR5X5SNc0","UgwJ4dONyPEcw1rw3Yd4AaABAg.AaxYbVFJ50XAay2bkJQXq2","UgwJ4dONyPEcw1rw3Yd4AaABAg","@Croetic.D.gaming66","UCWrd5HsWt1nkr1v3Abq1TRA","@fionnmccullagh5876","UC-rp7awolvpit0GurZGW_1A","Exactly, its starting to annoy me because he defends him on twitter but won't put the effort into manifesting that in-game?",0,"2026-09-20T02:45:12Z",2026-09-20 02:45:12,"Career Mode","I Fixed LIVERPOOLS Biggest PROBLEMS In FC 27 Career Mode!","CaniSports"
"tUUR5X5SNc0","Ugx68n--fRB8Oz_NoKh4AaABAg.AaxP5p1YExCAax_IGMM_Yd","Ugx68n--fRB8Oz_NoKh4AaABAg","@MalachiKwesi-k2t","UCMCFwPIXbdbsXWFV_Vf2DrA","@troyjustin6872","UCELHt1mKdpsOel9_CUCQYHA","I cane here to say this",0,"2026-09-19T22:20:16Z",2026-09-19 22:20:16,"Career Mode","I Fixed LIVERPOOLS Biggest PROBLEMS In FC 27 Career Mode!","CaniSports"
"tUUR5X5SNc0","Ugx68n--fRB8Oz_NoKh4AaABAg.AaxP5p1YExCAayBfMAxYKe","Ugx68n--fRB8Oz_NoKh4AaABAg","@MalachiKwesi-k2t","UCMCFwPIXbdbsXWFV_Vf2DrA","@zspfc","UCHeB0VjxDMBkUaD2JcgPCpg","Yes we had it",0,"2026-09-20T04:04:20Z",2026-09-20 04:04:20,"Career Mode","I Fixed LIVERPOOLS Biggest PROBLEMS In FC 27 Career Mode!","CaniSports"
"tUUR5X5SNc0","Ugx68n--fRB8Oz_NoKh4AaABAg.AaxP5p1YExCAayz3BYn7ch","Ugx68n--fRB8Oz_NoKh4AaABAg","@MalachiKwesi-k2t","UCMCFwPIXbdbsXWFV_Vf2DrA","@Codeqs","UCGtxG9WATwGzF-LS1sRLQQg","Yes wanted to write the same",0,"2026-09-20T11:24:38Z",2026-09-20 11:24:38,"Career Mode","I Fixed LIVERPOOLS Biggest PROBLEMS In FC 27 Career Mode!","CaniSports"
"tUUR5X5SNc0","UgxgdV_AYmYZSENh_7x4AaABAg.AaxF-ekVxYWAaxYsz6YzEZ","UgxgdV_AYmYZSENh_7x4AaABAg","@xavi_iii","UCQpp1cLgdTeN73KU_s_zKYA","@Micko34","UCDkMt3SHtKwcUtLDID5i3jw","Balkan bro",0,"2026-09-19T22:07:56Z",2026-09-19 22:07:56,"Career Mode","I Fixed LIVERPOOLS Biggest PROBLEMS In FC 27 Career Mode!","CaniSports"
"tUUR5X5SNc0","UgygDxxlvmCZYj_mGJV4AaABAg.AaxAdt7eM4jAaxZNpy1UbH","UgygDxxlvmCZYj_mGJV4AaABAg","@0Crazy","UC7rUKI0nHComk1KmtYpcUAg","@iamlordkaii","UCknSr-lmHW4yS1ADUiyBxEg","❤ &🕯️",1,"2026-09-19T22:12:17Z",2026-09-19 22:12:17,"Career Mode","I Fixed LIVERPOOLS Biggest PROBLEMS In FC 27 Career Mode!","CaniSports"
"tUUR5X5SNc0","UgygDxxlvmCZYj_mGJV4AaABAg.AaxAdt7eM4jAayCflTqLY1","UgygDxxlvmCZYj_mGJV4AaABAg","@0Crazy","UC7rUKI0nHComk1KmtYpcUAg","@CaniSports","UCL9uvXqF4g5rrw7g3pbrj7g","Much love brother and keep your head up! There are always highs on the horizon after the lows. 🙏",24,"2026-09-20T04:13:08Z",2026-09-20 04:13:08,"Career Mode","I Fixed LIVERPOOLS Biggest PROBLEMS In FC 27 Career Mode!","CaniSports"
"tUUR5X5SNc0","UgygDxxlvmCZYj_mGJV4AaABAg.AaxAdt7eM4jAay_ByQCoqB","UgygDxxlvmCZYj_mGJV4AaABAg","@0Crazy","UC7rUKI0nHComk1KmtYpcUAg","@clairelee409","UCVzGV8R4sNK3MH2DMToCwuA","Stay strong bro",1,"2026-09-20T07:38:39Z",2026-09-20 07:38:39,"Career Mode","I Fixed LIVERPOOLS Biggest PROBLEMS In FC 27 Career Mode!","CaniSports"
"tUUR5X5SNc0","UgygDxxlvmCZYj_mGJV4AaABAg.AaxAdt7eM4jAb1G6N5gcwA","UgygDxxlvmCZYj_mGJV4AaABAg","@0Crazy","UC7rUKI0nHComk1KmtYpcUAg","@0Crazy","UC7rUKI0nHComk1KmtYpcUAg","Thank you Guys ❤",1,"2026-09-21T18:00:05Z",2026-09-21 18:00:05,"Career Mode","I Fixed LIVERPOOLS Biggest PROBLEMS In FC 27 Career Mode!","CaniSports"
"tUUR5X5SNc0","Ugw4yxD8mBQhucVvGPh4AaABAg.Aax9bJ7sD1ZAaxKpwU5Rhf","Ugw4yxD8mBQhucVvGPh4AaABAg","@YusufMasnadi-Shirazi","UC2bTR4ImoPNiQgsBjUoDuBg","@TheLeedsSUPPORTER","UCK61G09-5w1m8GvDQPCGtfA","Like the 4-2-2-2",2,"2026-09-19T20:05:11Z",2026-09-19 20:05:11,"Career Mode","I Fixed LIVERPOOLS Biggest PROBLEMS In FC 27 Career Mode!","CaniSports"
"tUUR5X5SNc0","Ugw4yxD8mBQhucVvGPh4AaABAg.Aax9bJ7sD1ZAaxL9fuGoLY","Ugw4yxD8mBQhucVvGPh4AaABAg","@YusufMasnadi-Shirazi","UC2bTR4ImoPNiQgsBjUoDuBg","@YusufMasnadi-Shirazi","UC2bTR4ImoPNiQgsBjUoDuBg","@TheLeedsSUPPORTER yeah Liverpool used that in the psg game last season when Ekitike got injured",6,"2026-09-19T20:08:01Z",2026-09-19 20:08:01,"Career Mode","I Fixed LIVERPOOLS Biggest PROBLEMS In FC 27 Career Mode!","CaniSports"
"tUUR5X5SNc0","Ugw4yxD8mBQhucVvGPh4AaABAg.Aax9bJ7sD1ZAaxLSw2ne0G","Ugw4yxD8mBQhucVvGPh4AaABAg","@YusufMasnadi-Shirazi","UC2bTR4ImoPNiQgsBjUoDuBg","@TheLeedsSUPPORTER","UCK61G09-5w1m8GvDQPCGtfA","@Y@YusufMasnadi-Shirazithat’s where I got the inspiration",1,"2026-09-19T20:10:39Z",2026-09-19 20:10:39,"Career Mode","I Fixed LIVERPOOLS Biggest PROBLEMS In FC 27 Career Mode!","CaniSports"
"tUUR5X5SNc0","Ugw4yxD8mBQhucVvGPh4AaABAg.Aax9bJ7sD1ZAaxLlJXTwFq","Ugw4yxD8mBQhucVvGPh4AaABAg","@YusufMasnadi-Shirazi","UC2bTR4ImoPNiQgsBjUoDuBg","@YusufMasnadi-Shirazi","UC2bTR4ImoPNiQgsBjUoDuBg","@TheLeedsSUPPORTER👍",1,"2026-09-19T20:13:18Z",2026-09-19 20:13:18,"Career Mode","I Fixed LIVERPOOLS Biggest PROBLEMS In FC 27 Career Mode!","CaniSports"
"tUUR5X5SNc0","Ugw4yxD8mBQhucVvGPh4AaABAg.Aax9bJ7sD1ZAazGiF5o-8R","Ugw4yxD8mBQhucVvGPh4AaABAg","@YusufMasnadi-Shirazi","UC2bTR4ImoPNiQgsBjUoDuBg","@YusufMasnadi-Shirazi","UC2bTR4ImoPNiQgsBjUoDuBg","I think Sayyedmanesh would be a good winger to sign too",1,"2026-09-20T14:07:40Z",2026-09-20 14:07:40,"Career Mode","I Fixed LIVERPOOLS Biggest PROBLEMS In FC 27 Career Mode!","CaniSports"
"tUUR5X5SNc0","UgykvVxGmlR1grOIQtV4AaABAg.Aax90LVJwRTAaxClvrteQh","UgykvVxGmlR1grOIQtV4AaABAg","@dawnatherton478","UCqrsrm7EiB-nZGRGrtXmH0w","@cylianes358","UCVoFA9y0yIrVMB6ZgBprQcA","He signed Lamine Camara from Monaco already, and if you sell isak, he needs to put a buybackclausule on him cause alexander maybe will be very good at the other club",0,"2026-09-19T18:54:44Z",2026-09-19 18:54:44,"Career Mode","I Fixed LIVERPOOLS Biggest PROBLEMS In FC 27 Career Mode!","CaniSports"
"tUUR5X5SNc0","Ugyh_ITladFN5PmGzSd4AaABAg.Aax5Qr_HVYkAax77uW66Ua","Ugyh_ITladFN5PmGzSd4AaABAg","@JordanxDarrenOfficial","UCNNGno0PJrmKwacW1O1xfkw","@hadi.in4k","UC6F5Br71hNBmMLKtvoEP0Ag","😂😂",1,"2026-09-19T18:05:26Z",2026-09-19 18:05:26,"Career Mode","I Fixed LIVERPOOLS Biggest PROBLEMS In FC 27 Career Mode!","CaniSports"
"tUUR5X5SNc0","Ugyh_ITladFN5PmGzSd4AaABAg.Aax5Qr_HVYkAaxMtM8Oekz","Ugyh_ITladFN5PmGzSd4AaABAg","@JordanxDarrenOfficial","UCNNGno0PJrmKwacW1O1xfkw","@JWYEET23","UCSwPYkEs36u10IpaOusZ_pQ","how he not know lol",0,"2026-09-19T20:23:08Z",2026-09-19 20:23:08,"Career Mode","I Fixed LIVERPOOLS Biggest PROBLEMS In FC 27 Career Mode!","CaniSports"
"tUUR5X5SNc0","UgzfOXsXaHL6b3CVMld4AaABAg.Aax4vb4yDJBAax52_iiTpw","UgzfOXsXaHL6b3CVMld4AaABAg","@k_toolit","UCLnbnS-Doi2zRy4dCtaec7A","@BiscuitFaceGaming","UCkfk33MDV-cOVx_88TyHAWQ","hes an absolute elite human to be honest",1,"2026-09-19T17:47:14Z",2026-09-19 17:47:14,"Career Mode","I Fixed LIVERPOOLS Biggest PROBLEMS In FC 27 Career Mode!","CaniSports"
"tUUR5X5SNc0","UgxolSvkreinR8HfHzB4AaABAg.Aax4fwFyiDTAax4sLYAJBa","UgxolSvkreinR8HfHzB4AaABAg","@callumhowe952","UCwMrlm1Z9yA10yX8HrnUKVQ","@BiscuitFaceGaming","UCkfk33MDV-cOVx_88TyHAWQ","hahahahaha",0,"2026-09-19T17:45:42Z",2026-09-19 17:45:42,"Career Mode","I Fixed LIVERPOOLS Biggest PROBLEMS In FC 27 Career Mode!","CaniSports"
"tUUR5X5SNc0","UgxolSvkreinR8HfHzB4AaABAg.Aax4fwFyiDTAayCie2jVAG","UgxolSvkreinR8HfHzB4AaABAg","@callumhowe952","UCwMrlm1Z9yA10yX8HrnUKVQ","@CaniSports","UCL9uvXqF4g5rrw7g3pbrj7g","Hes a crazy crazy man",9,"2026-09-20T04:13:32Z",2026-09-20 04:13:32,"Career Mode","I Fixed LIVERPOOLS Biggest PROBLEMS In FC 27 Career Mode!","CaniSports"
"tUUR5X5SNc0","UgxfzRe-qbClkVZLTld4AaABAg.Aax4bEj_iILAax4uXfW7OF","UgxfzRe-qbClkVZLTld4AaABAg","@WISDOMbeardstroking","UCPMEdhgGMLhxo9nDwk9-KRg","@BiscuitFaceGaming","UCkfk33MDV-cOVx_88TyHAWQ","good good! THE GOLDFISH is safe for now",0,"2026-09-19T17:46:00Z",2026-09-19 17:46:00,"Career Mode","I Fixed LIVERPOOLS Biggest PROBLEMS In FC 27 Career Mode!","CaniSports"
"tUUR5X5SNc0","UgzdwG32i7Qk8oxyMnF4AaABAg.Aax4Sri-i56Aaz3NjL84XJ","UgzdwG32i7Qk8oxyMnF4AaABAg","@HhhggYyyuh","UCKHHFIfSiD-jJloufArKjDw","@CaniSports","UCL9uvXqF4g5rrw7g3pbrj7g","just pressed the cross button dont think i did anything special",0,"2026-09-20T12:11:08Z",2026-09-20 12:11:08,"Career Mode","I Fixed LIVERPOOLS Biggest PROBLEMS In FC 27 Career Mode!","CaniSports"
"tUUR5X5SNc0","UgwE4rOVKrColzLLj8R4AaABAg.Aax48DJu8VGAax4zoPAldA","UgwE4rOVKrColzLLj8R4AaABAg","@Davilsøn-c9n","UCkt6F76796bsZDRuRpnBpdA","@BiscuitFaceGaming","UCkfk33MDV-cOVx_88TyHAWQ","I love herding sheep",0,"2026-09-19T17:46:43Z",2026-09-19 17:46:43,"Career Mode","I Fixed LIVERPOOLS Biggest PROBLEMS In FC 27 Career Mode!","CaniSports"
"tUUR5X5SNc0","UgwE4rOVKrColzLLj8R4AaABAg.Aax48DJu8VGAaxOXMzv31U","UgwE4rOVKrColzLLj8R4AaABAg","@Davilsøn-c9n","UCkt6F76796bsZDRuRpnBpdA","@Daniel-y2v3s","UCsqNYZkj02ReZaScPe-K1yQ","Hear*",1,"2026-09-19T20:37:28Z",2026-09-19 20:37:28,"Career Mode","I Fixed LIVERPOOLS Biggest PROBLEMS In FC 27 Career Mode!","CaniSports"
"tUUR5X5SNc0","UgwE4rOVKrColzLLj8R4AaABAg.Aax48DJu8VGAaxhPu1YGN2","UgwE4rOVKrColzLLj8R4AaABAg","@Davilsøn-c9n","UCkt6F76796bsZDRuRpnBpdA","@Parker223s","UC3V0qqCBRLs4q-yUBl-X-Rg","😂😂im dead bruh",1,"2026-09-19T23:31:13Z",2026-09-19 23:31:13,"Career Mode","I Fixed LIVERPOOLS Biggest PROBLEMS In FC 27 Career Mode!","CaniSports"
"tUUR5X5SNc0","Ugx7hRdpeK48mQGqXiB4AaABAg.Aax3Mk3oRlZAax6MoUp8ze","Ugx7hRdpeK48mQGqXiB4AaABAg","@Omar-w6l5e","UCr7C1z2yyRNWvHakxM_I8pQ","@UnknownAD04","UCuHl-EXN0007xyb0cttM_6A","especially after brighton beat arsenal",1,"2026-09-19T17:58:44Z",2026-09-19 17:58:44,"Career Mode","I Fixed LIVERPOOLS Biggest PROBLEMS In FC 27 Career Mode!","CaniSports"
"tUUR5X5SNc0","UgwY5S1USyTH47ZBvrd4AaABAg.Aax3CWCchp0Ab181djPpvB","UgwY5S1USyTH47ZBvrd4AaABAg","@anugrah4860","UCOdyo5a7jwMONM7wcG3cyGg","@LFCPrexo11","UCni3J-awAsTm0nDHcU7qcMw","Yeah ❤❤",0,"2026-09-21T16:49:32Z",2026-09-21 16:49:32,"Career Mode","I Fixed LIVERPOOLS Biggest PROBLEMS In FC 27 Career Mode!","CaniSports"
"tUUR5X5SNc0","UgxTckNBT9P4Yl2R6lx4AaABAg.Aax2vOFpM6YAax6IKGYhEW","UgxTckNBT9P4Yl2R6lx4AaABAg","@aniketkuchimanchi24_11","UCcTwj89nGfJ_rfJQHkg2ZgA","@sebastianfelix8291","UC9Fb5KL4zjUK2uPXEFA5NMw","nah. let that stick for s2g. cani should continue making half a season ep cm loke back in the day or long vid like sprint to glory",22,"2026-09-19T17:58:08Z",2026-09-19 17:58:08,"Career Mode","I Fixed LIVERPOOLS Biggest PROBLEMS In FC 27 Career Mode!","CaniSports"
"tUUR5X5SNc0","UgxTckNBT9P4Yl2R6lx4AaABAg.Aax2vOFpM6YAax6mdotI96","UgxTckNBT9P4Yl2R6lx4AaABAg","@aniketkuchimanchi24_11","UCcTwj89nGfJ_rfJQHkg2ZgA","@CharliesinParadise","UCB_MNMaCUh2ElelpDHfkceQ","From what iv seen, create a player didnt get ANY DAMN UPGRADE",7,"2026-09-19T18:02:24Z",2026-09-19 18:02:24,"Career Mode","I Fixed LIVERPOOLS Biggest PROBLEMS In FC 27 Career Mode!","CaniSports"
"tUUR5X5SNc0","UgxTckNBT9P4Yl2R6lx4AaABAg.Aax2vOFpM6YAaxBG-u3SMo","UgxTckNBT9P4Yl2R6lx4AaABAg","@aniketkuchimanchi24_11","UCcTwj89nGfJ_rfJQHkg2ZgA","@KornelPopovics","UCjvnmbAxD1BUW87Rq1PWBfQ","I personally do not like player carriers. I watched Jiro's but it wasn't the best althought there were some funny bugs, I think these type of videos are way better.",2,"2026-09-19T18:41:30Z",2026-09-19 18:41:30,"Career Mode","I Fixed LIVERPOOLS Biggest PROBLEMS In FC 27 Career Mode!","CaniSports"
"tUUR5X5SNc0","UgxTckNBT9P4Yl2R6lx4AaABAg.Aax2vOFpM6YAaxD5Ylfn_L","UgxTckNBT9P4Yl2R6lx4AaABAg","@aniketkuchimanchi24_11","UCcTwj89nGfJ_rfJQHkg2ZgA","@brooklynrisiro232","UChYohCX44bP0UWDZyYt8WvQ","I still remember that buffy guy he created some time back...l think he was a midfielder and Played for Villa if l am not mistaken.  What a series that was",3,"2026-09-19T18:57:33Z",2026-09-19 18:57:33,"Career Mode","I Fixed LIVERPOOLS Biggest PROBLEMS In FC 27 Career Mode!","CaniSports"
"tUUR5X5SNc0","UgxTckNBT9P4Yl2R6lx4AaABAg.Aax2vOFpM6YAaxDVUSf9sX","UgxTckNBT9P4Yl2R6lx4AaABAg","@aniketkuchimanchi24_11","UCcTwj89nGfJ_rfJQHkg2ZgA","@IReallyLoveDucks34","UChpjZdmxvxkESYnHl3am6gw","Player career mode is shit",1,"2026-09-19T19:01:05Z",2026-09-19 19:01:05,"Career Mode","I Fixed LIVERPOOLS Biggest PROBLEMS In FC 27 Career Mode!","CaniSports"
"tUUR5X5SNc0","UgxTckNBT9P4Yl2R6lx4AaABAg.Aax2vOFpM6YAaxTPtt2Eqh","UgxTckNBT9P4Yl2R6lx4AaABAg","@aniketkuchimanchi24_11","UCcTwj89nGfJ_rfJQHkg2ZgA","@ariaene4393","UChI2vHtl2bJN2bHQDIV9uhQ","@IReallyLoveDucks34no it isn’t",2,"2026-09-19T21:20:08Z",2026-09-19 21:20:08,"Career Mode","I Fixed LIVERPOOLS Biggest PROBLEMS In FC 27 Career Mode!","CaniSports"
"tUUR5X5SNc0","UgxTckNBT9P4Yl2R6lx4AaABAg.Aax2vOFpM6YAaxZAvGZ47z","UgxTckNBT9P4Yl2R6lx4AaABAg","@aniketkuchimanchi24_11","UCcTwj89nGfJ_rfJQHkg2ZgA","@GoatedChris4life","UCSv-RwFPi6uXv4YS0cCbmKg","@CharliesinParadise There is rivalries now but other than that it’s the exact same",5,"2026-09-19T22:10:31Z",2026-09-19 22:10:31,"Career Mode","I Fixed LIVERPOOLS Biggest PROBLEMS In FC 27 Career Mode!","CaniSports"
"tUUR5X5SNc0","UgxTckNBT9P4Yl2R6lx4AaABAg.Aax2vOFpM6YAayFPWUs5AD","UgxTckNBT9P4Yl2R6lx4AaABAg","@aniketkuchimanchi24_11","UCcTwj89nGfJ_rfJQHkg2ZgA","@MehdizadehEmad","UC6gFCt_TYQOxI4VKLJhZdnQ","No, it is no fun. 
We don't want s2g content here.",0,"2026-09-20T04:37:00Z",2026-09-20 04:37:00,"Career Mode","I Fixed LIVERPOOLS Biggest PROBLEMS In FC 27 Career Mode!","CaniSports"
"tUUR5X5SNc0","UgxTckNBT9P4Yl2R6lx4AaABAg.Aax2vOFpM6YAay_dhgESva","UgxTckNBT9P4Yl2R6lx4AaABAg","@aniketkuchimanchi24_11","UCcTwj89nGfJ_rfJQHkg2ZgA","@clairelee409","UCVzGV8R4sNK3MH2DMToCwuA","Yeah",0,"2026-09-20T07:42:34Z",2026-09-20 07:42:34,"Career Mode","I Fixed LIVERPOOLS Biggest PROBLEMS In FC 27 Career Mode!","CaniSports"
"tUUR5X5SNc0","UgxTckNBT9P4Yl2R6lx4AaABAg.Aax2vOFpM6YAaz5A0OtrKS","UgxTckNBT9P4Yl2R6lx4AaABAg","@aniketkuchimanchi24_11","UCcTwj89nGfJ_rfJQHkg2ZgA","@AreebBandhani","UCH9-L_vSUK3N3HjWKFlg3_g","Caninio😂",6,"2026-09-20T12:26:44Z",2026-09-20 12:26:44,"Career Mode","I Fixed LIVERPOOLS Biggest PROBLEMS In FC 27 Career Mode!","CaniSports"
"tUUR5X5SNc0","UgxTckNBT9P4Yl2R6lx4AaABAg.Aax2vOFpM6YAb11Wj9aiYN","UgxTckNBT9P4Yl2R6lx4AaABAg","@aniketkuchimanchi24_11","UCcTwj89nGfJ_rfJQHkg2ZgA","@glitchgaming-yts","UCM8FjEvag4SlZFxDwb27ujg","​@ariaene4393 it kinda is",0,"2026-09-21T15:52:36Z",2026-09-21 15:52:36,"Career Mode","I Fixed LIVERPOOLS Biggest PROBLEMS In FC 27 Career Mode!","CaniSports"
"tUUR5X5SNc0","Ugx7mdMa3APGLYPaRml4AaABAg.Aax2pd9jxvsAax43xm2_FO","Ugx7mdMa3APGLYPaRml4AaABAg","@InazIsmail","UCe-Q2Pw0i75TbhEHRQI5owQ","@CaniSports","UCL9uvXqF4g5rrw7g3pbrj7g","all in good time my friend.",1,"2026-09-19T17:38:41Z",2026-09-19 17:38:41,"Career Mode","I Fixed LIVERPOOLS Biggest PROBLEMS In FC 27 Career Mode!","CaniSports"
"tUUR5X5SNc0","Ugx7mdMa3APGLYPaRml4AaABAg.Aax2pd9jxvsAax8yYZVH33","Ugx7mdMa3APGLYPaRml4AaABAg","@InazIsmail","UCe-Q2Pw0i75TbhEHRQI5owQ","@InazIsmail","UCe-Q2Pw0i75TbhEHRQI5owQ","​@CaniSportsthanks for reply",0,"2026-09-19T18:21:30Z",2026-09-19 18:21:30,"Career Mode","I Fixed LIVERPOOLS Biggest PROBLEMS In FC 27 Career Mode!","CaniSports"
"tUUR5X5SNc0","UgyrRclufED78-wLEmF4AaABAg.Aax2gkugSEuAax42H-464S","UgyrRclufED78-wLEmF4AaABAg","@TshwareloMatlhare","UCYyDZqEJhEaZSlCiFSrlWDg","@CaniSports","UCL9uvXqF4g5rrw7g3pbrj7g","That would have me working 24/7 brother haha",29,"2026-09-19T17:38:28Z",2026-09-19 17:38:28,"Career Mode","I Fixed LIVERPOOLS Biggest PROBLEMS In FC 27 Career Mode!","CaniSports"
"tUUR5X5SNc0","UgyrRclufED78-wLEmF4AaABAg.Aax2gkugSEuAax5CC9BhTd","UgyrRclufED78-wLEmF4AaABAg","@TshwareloMatlhare","UCYyDZqEJhEaZSlCiFSrlWDg","@PriMe1300","UCIIHymZPia6NVKy1PQt_k2w","​@CaniSports at least give it a try haha",1,"2026-09-19T17:48:33Z",2026-09-19 17:48:33,"Career Mode","I Fixed LIVERPOOLS Biggest PROBLEMS In FC 27 Career Mode!","CaniSports"
"tUUR5X5SNc0","UgyrRclufED78-wLEmF4AaABAg.Aax2gkugSEuAaxb6lR1xVQ","UgyrRclufED78-wLEmF4AaABAg","@TshwareloMatlhare","UCYyDZqEJhEaZSlCiFSrlWDg","@Ppgrare45","UCbJprX2pp2ecjYQjBnTB5FA","​@CaniSports career mode Liverpool sign Mexican  players Isreal reyes",0,"2026-09-19T22:36:10Z",2026-09-19 22:36:10,"Career Mode","I Fixed LIVERPOOLS Biggest PROBLEMS In FC 27 Career Mode!","CaniSports"
"tUUR5X5SNc0","UgyrRclufED78-wLEmF4AaABAg.Aax2gkugSEuAaxdpUyC3PR","UgyrRclufED78-wLEmF4AaABAg","@TshwareloMatlhare","UCYyDZqEJhEaZSlCiFSrlWDg","@unknownxismydad","UCKLAD1rRKsoazpII_oG5mgA","i would want that too. but to much work for our boy",0,"2026-09-19T22:59:53Z",2026-09-19 22:59:53,"Career Mode","I Fixed LIVERPOOLS Biggest PROBLEMS In FC 27 Career Mode!","CaniSports"
"AtMIZq5ukD8","Ugz_l2vxu1Q-0mZSQ_p4AaABAg.AazlQopuWAUAazqyAUbNqw","Ugz_l2vxu1Q-0mZSQ_p4AaABAg","@jamesatkins7630","UCLaqonddTkasee9PF9ngbsw","@joshfromrsfc","UCVt09XIjCjE7XTigvo8aIMQ","It's not the rating it's his far they can shoot their seed in cm",2,"2026-09-20T19:33:09Z",2026-09-20 19:33:09,"Career Mode","MAN UTD FC 27 CAREER MODE! EPISODE 1","Mark Goldbridge"
"AtMIZq5ukD8","UgzLnx9QUarHyTd8CVp4AaABAg.AawP5azxKBEAayLng5TMiN","UgzLnx9QUarHyTd8CVp4AaABAg","@MrHastygamer","UC6SqW9mlrwa_KObKS47-huQ","@1million89","UC5J-mWnBauqWW7GwQ6BFckg","😂😂😂😂",2,"2026-09-20T05:32:52Z",2026-09-20 05:32:52,"Career Mode","MAN UTD FC 27 CAREER MODE! EPISODE 1","Mark Goldbridge"
"AtMIZq5ukD8","UgxrChtkksSbVbu2RdZ4AaABAg.AavrSa61TVOAb-Kia73Wx9","UgxrChtkksSbVbu2RdZ4AaABAg","@Pageoncentered2","UCZdWT_apsQzVpUua00j9Xiw","@RexType2","UChC_Ji3-wl2ENi6tHbx5AOQ","same",0,"2026-09-21T00:01:54Z",2026-09-21 00:01:54,"Career Mode","MAN UTD FC 27 CAREER MODE! EPISODE 1","Mark Goldbridge"
"AtMIZq5ukD8","UgysKb_SiugybDd1Hpl4AaABAg.AavaSn5tybZAaziV2jGe5l","UgysKb_SiugybDd1Hpl4AaABAg","@gtavicer8","UCOr1enn6D7DvGmIH_fcGavw","@SocialBoring","UChv_PhIG1UY_wecPSWpWNRQ","I think the games not done , all the games were still going on",0,"2026-09-20T18:19:08Z",2026-09-20 18:19:08,"Career Mode","MAN UTD FC 27 CAREER MODE! EPISODE 1","Mark Goldbridge"
"AtMIZq5ukD8","UgwI1F62BzyL1XNQxDl4AaABAg.AavLEqaY_ywAb-KgmsphhM","UgwI1F62BzyL1XNQxDl4AaABAg","@CameronGhee","UCfn7lRDTSdYp8YyCd7XXgbA","@RexType2","UChC_Ji3-wl2ENi6tHbx5AOQ","same",0,"2026-09-21T00:01:40Z",2026-09-21 00:01:40,"Career Mode","MAN UTD FC 27 CAREER MODE! EPISODE 1","Mark Goldbridge"
"AtMIZq5ukD8","Ugz46qAXyytwRXSR4dN4AaABAg.AavH_HYKWBxAavw1bBRy-Z","Ugz46qAXyytwRXSR4dN4AaABAg","@Arsenal48","UC2Y4GCMvuYSwsS-6qqlm2Qg","@samuelhanna2798","UCVc1UTiorFRdBoWb75hyU4g","Was about to comment this",1,"2026-09-19T07:00:29Z",2026-09-19 07:00:29,"Career Mode","MAN UTD FC 27 CAREER MODE! EPISODE 1","Mark Goldbridge"
"AtMIZq5ukD8","UgxEPWgHkCX8FfL718h4AaABAg.Aav53gufqcyAawMF5fEngE","UgxEPWgHkCX8FfL718h4AaABAg","@Frivty39","UCWhaU93HWq1zwQ5jv8QTkzg","@15champs","UCsb8NTqpPKdgmkjxqihgWXA","You shouldnt be speculating about goldbridge when you dont know him or anything about his life, so stop trying to get a rumour started without any facts

Other than u guessing wrong probably..",0,"2026-09-19T10:58:16Z",2026-09-19 10:58:16,"Career Mode","MAN UTD FC 27 CAREER MODE! EPISODE 1","Mark Goldbridge"
"AtMIZq5ukD8","UgxEPWgHkCX8FfL718h4AaABAg.Aav53gufqcyAb-R_qy75mT","UgxEPWgHkCX8FfL718h4AaABAg","@Frivty39","UCWhaU93HWq1zwQ5jv8QTkzg","@Frivty39","UCWhaU93HWq1zwQ5jv8QTkzg","@15champsstop being so sensitive and uptight",0,"2026-09-21T01:01:53Z",2026-09-21 01:01:53,"Career Mode","MAN UTD FC 27 CAREER MODE! EPISODE 1","Mark Goldbridge"
"AtMIZq5ukD8","UgzECIR0iXRBGfjkANN4AaABAg.AauyiFToJqiAav2KAiaHz5","UgzECIR0iXRBGfjkANN4AaABAg","@bigmoe44","UCpGBmoaHC-cMmH_HbkGgBAQ","@Adam-f8c","UCDBW2crfXImAP0IzdyFNORQ","Dont buy it then...",0,"2026-09-18T22:44:57Z",2026-09-18 22:44:57,"Career Mode","MAN UTD FC 27 CAREER MODE! EPISODE 1","Mark Goldbridge"
"AtMIZq5ukD8","Ugwly7sz0JLcLfJsHY94AaABAg.AautFh_JDHnAauysq8zkuZ","Ugwly7sz0JLcLfJsHY94AaABAg","@MainNpc316","UC9AUlpCYaO9EFDre8y-3DXg","@doctordan94","UCtrtmBeXTEmScJ4Nl3USr5w","He doesn't buy ea anymore they gave him it",0,"2026-09-18T22:06:08Z",2026-09-18 22:06:08,"Career Mode","MAN UTD FC 27 CAREER MODE! EPISODE 1","Mark Goldbridge"
"AtMIZq5ukD8","UgyC-_ZJYRXcFTau6rN4AaABAg.AauoEg-f0c6AauoQ7QGNFA","UgyC-_ZJYRXcFTau6rN4AaABAg","@daze77gaming","UCI_ubhw6ubMgrjdMm-QphGA","@bigalfxb1796","UCS4Cw1x_lX_wDsyma9A8FoQ","Dynamic overall when a player is inform they go up in rating but when there not they’ll go down",1,"2026-09-18T20:34:41Z",2026-09-18 20:34:41,"Career Mode","MAN UTD FC 27 CAREER MODE! EPISODE 1","Mark Goldbridge"
"AtMIZq5ukD8","UgyC-_ZJYRXcFTau6rN4AaABAg.AauoEg-f0c6AaupVWG91da","UgyC-_ZJYRXcFTau6rN4AaABAg","@daze77gaming","UCI_ubhw6ubMgrjdMm-QphGA","@daze77gaming","UCI_ubhw6ubMgrjdMm-QphGA","@bigalfxb1796Damn..is that a good addition or what?",0,"2026-09-18T20:44:10Z",2026-09-18 20:44:10,"Career Mode","MAN UTD FC 27 CAREER MODE! EPISODE 1","Mark Goldbridge"
"AtMIZq5ukD8","Ugzo5jy8g3y9THiT_Bl4AaABAg.AaumCWhgF3oAaupqfcS1Ot","Ugzo5jy8g3y9THiT_Bl4AaABAg","@GATguy98","UCbakM19hZSIOCscSZr8pRBQ","@Viceace70","UCDCMEU5K299Tl2ygwhBAIbw","Yeah he didn't even finish the last one.",1,"2026-09-18T20:47:11Z",2026-09-18 20:47:11,"Career Mode","MAN UTD FC 27 CAREER MODE! EPISODE 1","Mark Goldbridge"
"AtMIZq5ukD8","UgwTInRi6qwaCk02iQV4AaABAg.AaubQJXVRXoAaumTdgnAyb","UgwTInRi6qwaCk02iQV4AaABAg","@ndkhang3465","UCY3k-VdiwNQhXMTy6XvmkmQ","@gamerboy-c2u8u","UCctPchu7VQ5iqqieyMxh7Aw","Ha",0,"2026-09-18T20:17:42Z",2026-09-18 20:17:42,"Career Mode","MAN UTD FC 27 CAREER MODE! EPISODE 1","Mark Goldbridge"
"AtMIZq5ukD8","UgwTInRi6qwaCk02iQV4AaABAg.AaubQJXVRXoAaw-AP_ll7e","UgwTInRi6qwaCk02iQV4AaABAg","@ndkhang3465","UCY3k-VdiwNQhXMTy6XvmkmQ","@abhijitchakraborty527","UCPz3t_Mh62JaBbOQosH3OOg","😂😂😂😂",4,"2026-09-19T07:36:38Z",2026-09-19 07:36:38,"Career Mode","MAN UTD FC 27 CAREER MODE! EPISODE 1","Mark Goldbridge"
"AtMIZq5ukD8","UgwTInRi6qwaCk02iQV4AaABAg.AaubQJXVRXoAaw1Br9pzyV","UgwTInRi6qwaCk02iQV4AaABAg","@ndkhang3465","UCY3k-VdiwNQhXMTy6XvmkmQ","@philosophy_bot4171","UC68T-4oX4ZGfki8kuTuFuhg","Beep, bop... I'm the Philosophy Bot. Here, have a quote: 

""As far as we can discern, the sole purpose of human existence is to kindle a light in the darkness of mere being.""
~ Carl Jung",4,"2026-09-19T07:54:19Z",2026-09-19 07:54:19,"Career Mode","MAN UTD FC 27 CAREER MODE! EPISODE 1","Mark Goldbridge"
"AtMIZq5ukD8","UgxZ2KRgRxQdXmSrOLR4AaABAg.AauYyXmyNsDAawGSqZFY9G","UgxZ2KRgRxQdXmSrOLR4AaABAg","@jaydenquiroga2737","UCiiZVTjoFtEulshKm2LVW0Q","@chelseacomps4377","UC1F_lcpCmSkUvEg09KxwHGw","Why can we hear the other sounds from the game like crowd at goals and whistles",12,"2026-09-19T10:07:42Z",2026-09-19 10:07:42,"Career Mode","MAN UTD FC 27 CAREER MODE! EPISODE 1","Mark Goldbridge"
"AtMIZq5ukD8","UgxZ2KRgRxQdXmSrOLR4AaABAg.AauYyXmyNsDAazHNdDH9NQ","UgxZ2KRgRxQdXmSrOLR4AaABAg","@jaydenquiroga2737","UCiiZVTjoFtEulshKm2LVW0Q","@aaronnelson3005","UCnOAQdGTBzRmubYBrkopJSg","Also how would every other content creator wearing headphones get on?",4,"2026-09-20T14:13:27Z",2026-09-20 14:13:27,"Career Mode","MAN UTD FC 27 CAREER MODE! EPISODE 1","Mark Goldbridge"
"AtMIZq5ukD8","UgwY_BM_Andz174vg854AaABAg.AauWJyJVKgMAauc9ObYQMg","UgwY_BM_Andz174vg854AaABAg","@Skorpion800","UCVfn2JIIvCxA8yoT6wnAunA","@TJ23-h8u","UCCHL8QzfjLLdT13LmjH5DtA","Lol it’s the company not the employees",1,"2026-09-18T18:47:33Z",2026-09-18 18:47:33,"Career Mode","MAN UTD FC 27 CAREER MODE! EPISODE 1","Mark Goldbridge"
"AtMIZq5ukD8","UgwY_BM_Andz174vg854AaABAg.AauWJyJVKgMAazcGAe0duE","UgwY_BM_Andz174vg854AaABAg","@Skorpion800","UCVfn2JIIvCxA8yoT6wnAunA","@CarlosThadeu","UC3pFiVjRTqupiGx5dXiMPng","I hate how they changed to this phone crap for the news and stuff, I miss the old news UI in careers. It's been like this for years and they wont revert it.....",3,"2026-09-20T17:24:40Z",2026-09-20 17:24:40,"Career Mode","MAN UTD FC 27 CAREER MODE! EPISODE 1","Mark Goldbridge"
"AtMIZq5ukD8","UgwI7KZZwy0qVSw0IC54AaABAg.AauVoIxKaW-Aav2WZgEp75","UgwI7KZZwy0qVSw0IC54AaABAg","@buda7326","UCfxvkfPDGekEJGGcDZ9nvtg","@Adam-f8c","UCDBW2crfXImAP0IzdyFNORQ","Thats real football it happens sometimes... i hope they dont patch it, its better than how its been for years.",0,"2026-09-18T22:46:38Z",2026-09-18 22:46:38,"Career Mode","MAN UTD FC 27 CAREER MODE! EPISODE 1","Mark Goldbridge"
"AtMIZq5ukD8","Ugw5fZza33Mgcfdp7Qd4AaABAg.AauU49K056JAavWIf-122o","Ugw5fZza33Mgcfdp7Qd4AaABAg","@UnitedStand","UCMmVPVb0BwSIOWVeDwlPocQ","@Mpb17-Music-","UCUNhzVw2jExdx8mZFYdz2kQ","Don’t forget to get coaches it will make your players play better",18,"2026-09-19T03:06:53Z",2026-09-19 03:06:53,"Career Mode","MAN UTD FC 27 CAREER MODE! EPISODE 1","Mark Goldbridge"
"AtMIZq5ukD8","Ugw5fZza33Mgcfdp7Qd4AaABAg.AauU49K056JAavwYZ-bx1H","Ugw5fZza33Mgcfdp7Qd4AaABAg","@UnitedStand","UCMmVPVb0BwSIOWVeDwlPocQ","@alekseifedorov949","UC-ys3Pyv1SIRCxauhuDKTlQ","we love u",8,"2026-09-19T07:04:59Z",2026-09-19 07:04:59,"Career Mode","MAN UTD FC 27 CAREER MODE! EPISODE 1","Mark Goldbridge"
"AtMIZq5ukD8","Ugw5fZza33Mgcfdp7Qd4AaABAg.AauU49K056JAaw0k0wcFgR","Ugw5fZza33Mgcfdp7Qd4AaABAg","@UnitedStand","UCMmVPVb0BwSIOWVeDwlPocQ","@forace4ace827","UCWBLy6hgNV30aHqhBYXWYUA","Grandad goldbridge",7,"2026-09-19T07:50:23Z",2026-09-19 07:50:23,"Career Mode","MAN UTD FC 27 CAREER MODE! EPISODE 1","Mark Goldbridge"
"AtMIZq5ukD8","Ugw5fZza33Mgcfdp7Qd4AaABAg.AauU49K056JAb0p8W8rsPz","Ugw5fZza33Mgcfdp7Qd4AaABAg","@UnitedStand","UCMmVPVb0BwSIOWVeDwlPocQ","@APieceOfCheesee","UCSH8FGNPUXBSKl8D6RsXx8Q","Mark it can be heard well you need to turn on commentary on the game settings",2,"2026-09-21T13:55:42Z",2026-09-21 13:55:42,"Career Mode","MAN UTD FC 27 CAREER MODE! EPISODE 1","Mark Goldbridge"
"AtMIZq5ukD8","Ugw5fZza33Mgcfdp7Qd4AaABAg.AauU49K056JAb14WwleKDw","Ugw5fZza33Mgcfdp7Qd4AaABAg","@UnitedStand","UCMmVPVb0BwSIOWVeDwlPocQ","@Vismark1171","UCUQIrjQ-RFOiE82X6h_gLbA","I'd sack the Manager after losing to Hull",0,"2026-09-21T16:18:51Z",2026-09-21 16:18:51,"Career Mode","MAN UTD FC 27 CAREER MODE! EPISODE 1","Mark Goldbridge"
"AtMIZq5ukD8","Ugyt05CPgDOSN2EUIaR4AaABAg.AauU3VlBOqgAauVi2BmY5r","Ugyt05CPgDOSN2EUIaR4AaABAg","@ChelseaCFC77","UCrEC4gZJrhYMKiB5tZx9hrA","@Kitcho771","UCkTrRj-_eZzePJZdl4d1DWQ","I was thinking the same unitl I played it. Lots of differences. AI play actual football. They cross  shoot and foul a lot.",18,"2026-09-18T17:42:31Z",2026-09-18 17:42:31,"Career Mode","MAN UTD FC 27 CAREER MODE! EPISODE 1","Mark Goldbridge"
"AtMIZq5ukD8","Ugyt05CPgDOSN2EUIaR4AaABAg.AauU3VlBOqgAauWQVZ-EQ-","Ugyt05CPgDOSN2EUIaR4AaABAg","@ChelseaCFC77","UCrEC4gZJrhYMKiB5tZx9hrA","@MobielTel","UCZn0GznYJPU9Zywsl4QYXZw","​@Kitcho771is this true? Thats literally the only change i need. I can live with minimal content but AI has been terrible. Can never touch a ball, scripting etc. Does it feel better?",1,"2026-09-18T17:48:43Z",2026-09-18 17:48:43,"Career Mode","MAN UTD FC 27 CAREER MODE! EPISODE 1","Mark Goldbridge"
"AtMIZq5ukD8","Ugyt05CPgDOSN2EUIaR4AaABAg.AauU3VlBOqgAauc6Q8Rb5K","Ugyt05CPgDOSN2EUIaR4AaABAg","@ChelseaCFC77","UCrEC4gZJrhYMKiB5tZx9hrA","@TJ23-h8u","UCCHL8QzfjLLdT13LmjH5DtA","But they added women",3,"2026-09-18T18:47:08Z",2026-09-18 18:47:08,"Career Mode","MAN UTD FC 27 CAREER MODE! EPISODE 1","Mark Goldbridge"
"AtMIZq5ukD8","Ugyt05CPgDOSN2EUIaR4AaABAg.AauU3VlBOqgAaugo00o-dx","Ugyt05CPgDOSN2EUIaR4AaABAg","@ChelseaCFC77","UCrEC4gZJrhYMKiB5tZx9hrA","@JohnDoe4090Ti","UCaLh7J3BNIoacplCbvy-8Ag","@MobielTel yeah gameplay wise it's been great so far. Just hope they don't ruin it with patches a few weeks in like it has happened in recent years",12,"2026-09-18T19:28:11Z",2026-09-18 19:28:11,"Career Mode","MAN UTD FC 27 CAREER MODE! EPISODE 1","Mark Goldbridge"
"AtMIZq5ukD8","Ugyt05CPgDOSN2EUIaR4AaABAg.AauU3VlBOqgAauvg1D5wCV","Ugyt05CPgDOSN2EUIaR4AaABAg","@ChelseaCFC77","UCrEC4gZJrhYMKiB5tZx9hrA","@Jemz886","UCTYdevpXccqrLldzYvHORLA","@JohnDoe4090Tiwhy are you hoping, they are going to ruin it with patches after every buys it",4,"2026-09-18T21:38:10Z",2026-09-18 21:38:10,"Career Mode","MAN UTD FC 27 CAREER MODE! EPISODE 1","Mark Goldbridge"
"AtMIZq5ukD8","Ugyt05CPgDOSN2EUIaR4AaABAg.AauU3VlBOqgAauwEIgifFr","Ugyt05CPgDOSN2EUIaR4AaABAg","@ChelseaCFC77","UCrEC4gZJrhYMKiB5tZx9hrA","@TJ23-h8u","UCCHL8QzfjLLdT13LmjH5DtA","@Kitcho771 you must be new to the game.",1,"2026-09-18T21:42:59Z",2026-09-18 21:42:59,"Career Mode","MAN UTD FC 27 CAREER MODE! EPISODE 1","Mark Goldbridge"
"AtMIZq5ukD8","Ugyt05CPgDOSN2EUIaR4AaABAg.AauU3VlBOqgAaw-tmdgDlC","Ugyt05CPgDOSN2EUIaR4AaABAg","@ChelseaCFC77","UCrEC4gZJrhYMKiB5tZx9hrA","@PizzaDeezNuts","UCcnVeTA777t-ryEgVohL6Nw","@TJ23-h8uTo be fair, the first few weeks before patches aren’t bad and then it goes downhill.",0,"2026-09-19T07:42:58Z",2026-09-19 07:42:58,"Career Mode","MAN UTD FC 27 CAREER MODE! EPISODE 1","Mark Goldbridge"
"AtMIZq5ukD8","Ugyt05CPgDOSN2EUIaR4AaABAg.AauU3VlBOqgAaw1hCcqJhd","Ugyt05CPgDOSN2EUIaR4AaABAg","@ChelseaCFC77","UCrEC4gZJrhYMKiB5tZx9hrA","@Kitcho771","UCkTrRj-_eZzePJZdl4d1DWQ","​@TJ23-h8u What makes you think that or are you trying to say its the same game as 26?",0,"2026-09-19T07:58:44Z",2026-09-19 07:58:44,"Career Mode","MAN UTD FC 27 CAREER MODE! EPISODE 1","Mark Goldbridge"
"AtMIZq5ukD8","UgyuwrOnO-QOdOdo7wp4AaABAg.AauTxSqJWoeAauU2Lpd-5t","UgyuwrOnO-QOdOdo7wp4AaABAg","@Razor123aa","UCPjjHpYrfoHANd4ABMMTf-Q","@UnitedStand","UCMmVPVb0BwSIOWVeDwlPocQ","will do",15,"2026-09-18T17:27:56Z",2026-09-18 17:27:56,"Career Mode","MAN UTD FC 27 CAREER MODE! EPISODE 1","Mark Goldbridge"
"EnXDvcc3TqM","UgxPb-VbN4TQJ1_yNk54AaABAg.AazFCugxZyMAazFwX-DLIy","UgxPb-VbN4TQJ1_yNk54AaABAg","@BFordLancer","UCNWgHP_0lBoB8QqECjZTgoQ","@Viewersfootballofficial","UCq6nTsd64YgmYepTj2AFjEg","Your gonna get it for sure",9,"2026-09-20T14:00:53Z",2026-09-20 14:00:53,"Career Mode","I Takeover Chelsea in FC27 Career Mode!","BFordLancer"
"EnXDvcc3TqM","UgxPb-VbN4TQJ1_yNk54AaABAg.AazFCugxZyMAazG28-LuXg","UgxPb-VbN4TQJ1_yNk54AaABAg","@BFordLancer","UCNWgHP_0lBoB8QqECjZTgoQ","@ACE_THE_FRENCHIE-x9m","UCYlCScy7zwLFZgBDs64GTpg","@Viewersfootballofficial YAAAAAAA",4,"2026-09-20T14:01:47Z",2026-09-20 14:01:47,"Career Mode","I Takeover Chelsea in FC27 Career Mode!","BFordLancer"
"EnXDvcc3TqM","UgxPb-VbN4TQJ1_yNk54AaABAg.AazFCugxZyMAazOMt-EbgR","UgxPb-VbN4TQJ1_yNk54AaABAg","@BFordLancer","UCNWgHP_0lBoB8QqECjZTgoQ","@Viewersfootballofficial","UCq6nTsd64YgmYepTj2AFjEg","@ACE_THE_FRENCHIE-x9m YEAAASA",2,"2026-09-20T15:14:31Z",2026-09-20 15:14:31,"Career Mode","I Takeover Chelsea in FC27 Career Mode!","BFordLancer"
"EnXDvcc3TqM","UgxPb-VbN4TQJ1_yNk54AaABAg.AazFCugxZyMAazh_I89vh6","UgxPb-VbN4TQJ1_yNk54AaABAg","@BFordLancer","UCNWgHP_0lBoB8QqECjZTgoQ","@CollinsOyioma-f9v","UCTxwR_vA3rQwe6t9-75MG4A","do a player career mode",2,"2026-09-20T18:11:07Z",2026-09-20 18:11:07,"Career Mode","I Takeover Chelsea in FC27 Career Mode!","BFordLancer"
"EnXDvcc3TqM","UgxPb-VbN4TQJ1_yNk54AaABAg.AazFCugxZyMAazicaJpvyZ","UgxPb-VbN4TQJ1_yNk54AaABAg","@BFordLancer","UCNWgHP_0lBoB8QqECjZTgoQ","@Official_RandomKid","UCBv4zZcJ6lfNkypik2KResA","Guys Get it to Episode 2, Pls i need some more Entertainment!",2,"2026-09-20T18:20:18Z",2026-09-20 18:20:18,"Career Mode","I Takeover Chelsea in FC27 Career Mode!","BFordLancer"
"EnXDvcc3TqM","UgxPb-VbN4TQJ1_yNk54AaABAg.AazFCugxZyMAb-2tjYY2Ew","UgxPb-VbN4TQJ1_yNk54AaABAg","@BFordLancer","UCNWgHP_0lBoB8QqECjZTgoQ","@bottle2494","UClwHhMqVX1RQK3WQkZQf8mw","please just do it either way this series is great",2,"2026-09-20T21:26:08Z",2026-09-20 21:26:08,"Career Mode","I Takeover Chelsea in FC27 Career Mode!","BFordLancer"
"EnXDvcc3TqM","UgxPb-VbN4TQJ1_yNk54AaABAg.AazFCugxZyMAb2j6FI3wOE","UgxPb-VbN4TQJ1_yNk54AaABAg","@BFordLancer","UCNWgHP_0lBoB8QqECjZTgoQ","@Oscarsharma2015","UC_MuVZLWXo-CCkJuvjbXhAA","Thiago Silva is playing for Fc Porto",0,"2026-09-22T07:41:27Z",2026-09-22 07:41:27,"Career Mode","I Takeover Chelsea in FC27 Career Mode!","BFordLancer"
"EnXDvcc3TqM","UgwPX6W5I-5bpuIihbd4AaABAg.Ab2V3j2loJaAb4W7aJBlai","UgwPX6W5I-5bpuIihbd4AaABAg","@AuraPitchEditz","UCXloAtscZSRg5Ka2myRM-CQ","@BFordLancer","UCNWgHP_0lBoB8QqECjZTgoQ","Coming soon!",1,"2026-09-23T00:17:47Z",2026-09-23 00:17:47,"Career Mode","I Takeover Chelsea in FC27 Career Mode!","BFordLancer"
"EnXDvcc3TqM","UgwHbvCKqfoVuEW32L54AaABAg.Ab1DihacEnnAb1FLwgwy1H","UgwHbvCKqfoVuEW32L54AaABAg","@Kngz.22","UCfwA7eMzON1xYPsgHj9_mwQ","@BFordLancer","UCNWgHP_0lBoB8QqECjZTgoQ","basically lmao",2,"2026-09-21T17:53:28Z",2026-09-21 17:53:28,"Career Mode","I Takeover Chelsea in FC27 Career Mode!","BFordLancer"
"EnXDvcc3TqM","UgxusiwI3L6SKfkEPXR4AaABAg.Ab0kXaxRdEnAb0sNpGofjI","UgxusiwI3L6SKfkEPXR4AaABAg","@Davi-t7h7t","UCFoIePlyr6OSiaKcQzHTl4Q","@BFordLancer","UCNWgHP_0lBoB8QqECjZTgoQ","he cooked me lol",2,"2026-09-21T14:24:00Z",2026-09-21 14:24:00,"Career Mode","I Takeover Chelsea in FC27 Career Mode!","BFordLancer"
"EnXDvcc3TqM","Ugz_ZLVSNr5AZQ05sNB4AaABAg.Ab0T3WHUPIqAb0sMN7q9xM","Ugz_ZLVSNr5AZQ05sNB4AaABAg","@ZainHassanthegoat","UCg8qHfGqIGeQ4N85PZsjyVQ","@BFordLancer","UCNWgHP_0lBoB8QqECjZTgoQ","elite ball knowledge!",0,"2026-09-21T14:23:49Z",2026-09-21 14:23:49,"Career Mode","I Takeover Chelsea in FC27 Career Mode!","BFordLancer"
"EnXDvcc3TqM","UgzViMXuPMvYcW8PH7d4AaABAg.Ab0A1eCb0GaAb0xkyH1w4g","UgzViMXuPMvYcW8PH7d4AaABAg","@Rajwhite21","UCxr_bB6q_I8_CnH18OAnVHg","@JD16brislington","UC3GG7tqkbxrqwQt6sU6ytPA","Oh no…",0,"2026-09-21T15:11:00Z",2026-09-21 15:11:00,"Career Mode","I Takeover Chelsea in FC27 Career Mode!","BFordLancer"
"EnXDvcc3TqM","Ugx2d9hD_WZco3FTCPt4AaABAg.Ab-v4L0BNrTAb5T9MpOwvY","Ugx2d9hD_WZco3FTCPt4AaABAg","@fw.williamss","UCguOFS_wc92x6NpbBt_q8BQ","@17rjp","UCwMKXn2j9KN4DNmqlU_Wfdg","Either they scanned his face and he looked like that on the day he went in, or he didn't go get his face scanned lol. Neither the fault of EA",1,"2026-09-23T09:11:03Z",2026-09-23 09:11:03,"Career Mode","I Takeover Chelsea in FC27 Career Mode!","BFordLancer"
"EnXDvcc3TqM","Ugw_TPOyHngMDd7m7FB4AaABAg.Ab-N7mYlxynAb0sPHPv_BC","Ugw_TPOyHngMDd7m7FB4AaABAg","@kingtshilobo1849","UCtY_luoKDU_QJv4Rue88fgw","@BFordLancer","UCNWgHP_0lBoB8QqECjZTgoQ","yeah i believe so!",0,"2026-09-21T14:24:12Z",2026-09-21 14:24:12,"Career Mode","I Takeover Chelsea in FC27 Career Mode!","BFordLancer"
"EnXDvcc3TqM","UgwOOYSboRge7djSty14AaABAg.AazeoluTeINAb-ncX2Ascn","UgwOOYSboRge7djSty14AaABAg","@ZvenoBlox","UCbcqswjO7aU-GdSnsEqoVpQ","@j4ni0lC28","UCuXAeBdX_zBHDFT7CWuMKkQ","Bro broke his dihh🥀",1,"2026-09-21T04:23:13Z",2026-09-21 04:23:13,"Career Mode","I Takeover Chelsea in FC27 Career Mode!","BFordLancer"
"EnXDvcc3TqM","UgwfHYHtN1tcZ8vPrMd4AaABAg.Aazcfm8m9BnAazhFS7-SnJ","UgwfHYHtN1tcZ8vPrMd4AaABAg","@ZoneGeesSquad","UCuUVRVkKhcVPQbxB2Wuc70g","@BFordLancer","UCNWgHP_0lBoB8QqECjZTgoQ","Welcome bro! Glad you enjoyed!",1,"2026-09-20T18:08:16Z",2026-09-20 18:08:16,"Career Mode","I Takeover Chelsea in FC27 Career Mode!","BFordLancer"
"EnXDvcc3TqM","UgyWcI3zZSHQI6mJitx4AaABAg.Aaza-fQjxY2Ab1pDqja6Xc","UgyWcI3zZSHQI6mJitx4AaABAg","@bossbaby4466-l3d","UCJSTQRneFj-bmToMdBRDK1g","@bossbaby4466-l3d","UCJSTQRneFj-bmToMdBRDK1g","no way the goat hearted my comment .W",2,"2026-09-21T23:15:40Z",2026-09-21 23:15:40,"Career Mode","I Takeover Chelsea in FC27 Career Mode!","BFordLancer"
"EnXDvcc3TqM","Ugx5bhmpYibWBJV0Jsp4AaABAg.AazZj2b6h1aAazgaiBp7MU","Ugx5bhmpYibWBJV0Jsp4AaABAg","@KIRA_088","UCGpBPzfw2P1dBrDY7jAJLdA","@BFordLancer","UCNWgHP_0lBoB8QqECjZTgoQ","CMON CHELSEA!",3,"2026-09-20T18:02:34Z",2026-09-20 18:02:34,"Career Mode","I Takeover Chelsea in FC27 Career Mode!","BFordLancer"
"EnXDvcc3TqM","Ugx5bhmpYibWBJV0Jsp4AaABAg.AazZj2b6h1aAazmwrNULyH","Ugx5bhmpYibWBJV0Jsp4AaABAg","@KIRA_088","UCGpBPzfw2P1dBrDY7jAJLdA","@CIRYL11","UCGZIaEO3FSyXTOLeLBYOqIA","Goodwin is there",2,"2026-09-20T18:58:01Z",2026-09-20 18:58:01,"Career Mode","I Takeover Chelsea in FC27 Career Mode!","BFordLancer"
"EnXDvcc3TqM","Ugx5bhmpYibWBJV0Jsp4AaABAg.AazZj2b6h1aAb-ucSeLluk","Ugx5bhmpYibWBJV0Jsp4AaABAg","@KIRA_088","UCGpBPzfw2P1dBrDY7jAJLdA","@Itscoldx","UC1EjeG9_w5iaM0FrtWqwSIw","@CIRYL11 always love goodwin",1,"2026-09-21T05:24:23Z",2026-09-21 05:24:23,"Career Mode","I Takeover Chelsea in FC27 Career Mode!","BFordLancer"
"EnXDvcc3TqM","UgzjwobCw_IJV3C-Z3x4AaABAg.AazYjG1-ZLJAb-f1oF-qRk","UgzjwobCw_IJV3C-Z3x4AaABAg","@Pando1773","UCov-oSaTSAwrfpkmaSBa7AQ","@Eride101","UCPUi1ZpPnAEQRbcMlC7rG-A","Agreed mate",0,"2026-09-21T03:08:10Z",2026-09-21 03:08:10,"Career Mode","I Takeover Chelsea in FC27 Career Mode!","BFordLancer"
"EnXDvcc3TqM","Ugz_APQfYCuCStqP_-94AaABAg.AazUtcuPv_pAazWoGr6ZaA","Ugz_APQfYCuCStqP_-94AaABAg","@JOAOPEDROGLAZER","UCR2KZ3icT_S_gnUzY8idpeA","@BFordLancer","UCNWgHP_0lBoB8QqECjZTgoQ","I use classic, then make the height 0 and the zoom max",0,"2026-09-20T16:28:18Z",2026-09-20 16:28:18,"Career Mode","I Takeover Chelsea in FC27 Career Mode!","BFordLancer"
"EnXDvcc3TqM","UgxcWzsoqiJMdiUsfjp4AaABAg.AazRjUxiFIDAazWqHPuRCp","UgxcWzsoqiJMdiUsfjp4AaABAg","@senatorarmstrong4168","UCV2TDce3YvwD6FR0g42K3Pw","@BFordLancer","UCNWgHP_0lBoB8QqECjZTgoQ","dub!",1,"2026-09-20T16:28:34Z",2026-09-20 16:28:34,"Career Mode","I Takeover Chelsea in FC27 Career Mode!","BFordLancer"
"EnXDvcc3TqM","UgxQEl4vNcVqMhgLaUV4AaABAg.AazPk7rhV1JAazWri58ng6","UgxQEl4vNcVqMhgLaUV4AaABAg","@AbdulrahmanAlAli-y8w","UC1Nn0FmmWCsV8ZKmqv-qLcA","@BFordLancer","UCNWgHP_0lBoB8QqECjZTgoQ","yo!",0,"2026-09-20T16:28:46Z",2026-09-20 16:28:46,"Career Mode","I Takeover Chelsea in FC27 Career Mode!","BFordLancer"
"EnXDvcc3TqM","UgwelmbLwV3ug_wlTLJ4AaABAg.AazMAUy9KATAazRX1poZxf","UgwelmbLwV3ug_wlTLJ4AaABAg","@raoufzibra7522","UCYd-7L-Qox3L7KWsQEkDaSQ","@BFordLancer","UCNWgHP_0lBoB8QqECjZTgoQ","bro they are both bald, i got confused lmaooooo",49,"2026-09-20T15:42:07Z",2026-09-20 15:42:07,"Career Mode","I Takeover Chelsea in FC27 Career Mode!","BFordLancer"
"EnXDvcc3TqM","UgwelmbLwV3ug_wlTLJ4AaABAg.AazMAUy9KATAazSgu7H0XD","UgwelmbLwV3ug_wlTLJ4AaABAg","@raoufzibra7522","UCYd-7L-Qox3L7KWsQEkDaSQ","@thelegendpatua","UCpVip4UQfNDbEdFzTWbvaxQ","was literally about to say that",7,"2026-09-20T15:52:20Z",2026-09-20 15:52:20,"Career Mode","I Takeover Chelsea in FC27 Career Mode!","BFordLancer"
"EnXDvcc3TqM","UgwelmbLwV3ug_wlTLJ4AaABAg.AazMAUy9KATAb0xNtqRBHH","UgwelmbLwV3ug_wlTLJ4AaABAg","@raoufzibra7522","UCYd-7L-Qox3L7KWsQEkDaSQ","@CarlS-z1w","UCK0UbQwiAP39knoS3uY32vw","@BFordLancerlol lmao bro can you heart me please",5,"2026-09-21T15:07:43Z",2026-09-21 15:07:43,"Career Mode","I Takeover Chelsea in FC27 Career Mode!","BFordLancer"
"EnXDvcc3TqM","UgxcHDPIcOW9HrK6FuJ4AaABAg.AazJUgDjGOCAazhiz_uAjx","UgxcHDPIcOW9HrK6FuJ4AaABAg","@NelsonEgya-u2z","UCMjF5wKd9iAcPvfSEEU2D8Q","@qaali2103","UClDlzX0Ha0YlHFEAacvRStg","Ikr",0,"2026-09-20T18:12:26Z",2026-09-20 18:12:26,"Career Mode","I Takeover Chelsea in FC27 Career Mode!","BFordLancer"
"EnXDvcc3TqM","UgzD45WafMQmOkaI77h4AaABAg.AazHu2VJddXAazRc_65jsn","UgzD45WafMQmOkaI77h4AaABAg","@Mustafa-f5e9v","UCLyOnP90rmEWC-3CPnJI_KA","@primrosedumani2288","UCP1sv0k9oM9VVI7G74vaj4g","S2G should have terminated rashford contract and sign Williams",5,"2026-09-20T15:43:01Z",2026-09-20 15:43:01,"Career Mode","I Takeover Chelsea in FC27 Career Mode!","BFordLancer"
"EnXDvcc3TqM","UgzD45WafMQmOkaI77h4AaABAg.AazHu2VJddXAazatjjQqlz","UgzD45WafMQmOkaI77h4AaABAg","@Mustafa-f5e9v","UCLyOnP90rmEWC-3CPnJI_KA","@zaydaan_mo5948","UCxSSGBI5zuN23dhx8wtz4Qw","@primrosedumani2288he needed money for nico williams and board apparently only said 1 signing and would only give 2 if he SOLD rashford",0,"2026-09-20T17:12:44Z",2026-09-20 17:12:44,"Career Mode","I Takeover Chelsea in FC27 Career Mode!","BFordLancer"
"EnXDvcc3TqM","UgzD45WafMQmOkaI77h4AaABAg.AazHu2VJddXAazht1a9-kF","UgzD45WafMQmOkaI77h4AaABAg","@Mustafa-f5e9v","UCLyOnP90rmEWC-3CPnJI_KA","@eddieherrera5314","UCxeZZW8_MOW-SYuXl5PXI3w","Probably his negotiation setting is on lenient",1,"2026-09-20T18:13:48Z",2026-09-20 18:13:48,"Career Mode","I Takeover Chelsea in FC27 Career Mode!","BFordLancer"
"EnXDvcc3TqM","Ugxd3FYN76T6gyYFjLd4AaABAg.AazHQscT-FiAazHXlAUuOW","Ugxd3FYN76T6gyYFjLd4AaABAg","@danielletchanque1441","UCR91HSkZPUJ49v2JJXWroMA","@BFordLancer","UCNWgHP_0lBoB8QqECjZTgoQ","10,000 likes and ill do it!",0,"2026-09-20T14:14:50Z",2026-09-20 14:14:50,"Career Mode","I Takeover Chelsea in FC27 Career Mode!","BFordLancer"
"EnXDvcc3TqM","UgzPR4B9clzEl_NcBvR4AaABAg.AazHDyMZNDqAaziofjW1on","UgzPR4B9clzEl_NcBvR4AaABAg","@YusufMasnadi-Shirazi","UC2bTR4ImoPNiQgsBjUoDuBg","@KINGOFCRAFT-o1i","UCcqwXoDeTjP9uYXdRq1VTOQ","For 5hrs",2,"2026-09-20T18:21:57Z",2026-09-20 18:21:57,"Career Mode","I Takeover Chelsea in FC27 Career Mode!","BFordLancer"
"EnXDvcc3TqM","UgwNtv9Xt-SnYw6rV2J4AaABAg.AazHAIJ3uxuAazHSXHpqek","UgwNtv9Xt-SnYw6rV2J4AaABAg","@FFC-sdr","UCsUUAtF3rnKEgVb1RmFI1ZQ","@BFordLancer","UCNWgHP_0lBoB8QqECjZTgoQ","Good to know! Thanks bro!",1,"2026-09-20T14:14:07Z",2026-09-20 14:14:07,"Career Mode","I Takeover Chelsea in FC27 Career Mode!","BFordLancer"
"EnXDvcc3TqM","UgwNtv9Xt-SnYw6rV2J4AaABAg.AazHAIJ3uxuAazKSHpUL8x","UgwNtv9Xt-SnYw6rV2J4AaABAg","@FFC-sdr","UCsUUAtF3rnKEgVb1RmFI1ZQ","@FFC-sdr","UCsUUAtF3rnKEgVb1RmFI1ZQ","@BFordLancer ur welcomee
cuz i realised a lot of utubers just gave up when they saw like ""low"" or ""very low"" for like player interest so im spreading",1,"2026-09-20T14:40:18Z",2026-09-20 14:40:18,"Career Mode","I Takeover Chelsea in FC27 Career Mode!","BFordLancer"
"EnXDvcc3TqM","Ugy09MMmgSSCHkeJbIV4AaABAg.AazDHYGvgyMAazFWH0ESWm","Ugy09MMmgSSCHkeJbIV4AaABAg","@rep9303","UCHn_VPPR9jyZ81t5ZB0bAIQ","@BFordLancer","UCNWgHP_0lBoB8QqECjZTgoQ","Sorry bro I don’t speak French",0,"2026-09-20T13:57:09Z",2026-09-20 13:57:09,"Career Mode","I Takeover Chelsea in FC27 Career Mode!","BFordLancer"
"EnXDvcc3TqM","UgzYLlkFRvUreha97bN4AaABAg.AazCjE-I8rzAazEzicu5Qo","UgzYLlkFRvUreha97bN4AaABAg","@Jaxoon17","UCIG7opkm7eAhkBYzHGvL9rQ","@BFordLancer","UCNWgHP_0lBoB8QqECjZTgoQ","It’s just a career mode bro, not meant to be super realistic. Also I had no idea what I was doing with the installments lol",0,"2026-09-20T13:52:34Z",2026-09-20 13:52:34,"Career Mode","I Takeover Chelsea in FC27 Career Mode!","BFordLancer"
"EnXDvcc3TqM","UgzdAGioQvMzeDeuCCd4AaABAg.AazBfqetDFjAazF1Q-LkKt","UgzdAGioQvMzeDeuCCd4AaABAg","@Finn-t1n7p","UCb93q0XLqsR-vbvlyppCV_Q","@BFordLancer","UCNWgHP_0lBoB8QqECjZTgoQ","EARLY AF",0,"2026-09-20T13:52:57Z",2026-09-20 13:52:57,"Career Mode","I Takeover Chelsea in FC27 Career Mode!","BFordLancer"
"EnXDvcc3TqM","UgzdAGioQvMzeDeuCCd4AaABAg.AazBfqetDFjAazF93z6hyH","UgzdAGioQvMzeDeuCCd4AaABAg","@Finn-t1n7p","UCb93q0XLqsR-vbvlyppCV_Q","@Finn-t1n7p","UCb93q0XLqsR-vbvlyppCV_Q","@BFordLancer yo no way you’re the goat tysm 🎉",0,"2026-09-20T13:53:59Z",2026-09-20 13:53:59,"Career Mode","I Takeover Chelsea in FC27 Career Mode!","BFordLancer"
"EnXDvcc3TqM","UgysaslgMTr1AXIOCGp4AaABAg.AazBZz225qZAazDdWV1bc1","UgysaslgMTr1AXIOCGp4AaABAg","@Ragebaiter7x7","UCaO7TEDtcW05MfA7oGVvTGA","@BFordLancer","UCNWgHP_0lBoB8QqECjZTgoQ","Bro I said don’t make fun of him 😂",76,"2026-09-20T13:40:48Z",2026-09-20 13:40:48,"Career Mode","I Takeover Chelsea in FC27 Career Mode!","BFordLancer"
"EnXDvcc3TqM","UgysaslgMTr1AXIOCGp4AaABAg.AazBZz225qZAazEnw8Ogeq","UgysaslgMTr1AXIOCGp4AaABAg","@Ragebaiter7x7","UCaO7TEDtcW05MfA7oGVvTGA","@Safwan_khan-2.O","UCZ8Ok_ep5NiI7F9mASSi4EQ","Let make ""old man"" a meme. OLD MAN",3,"2026-09-20T13:50:58Z",2026-09-20 13:50:58,"Career Mode","I Takeover Chelsea in FC27 Career Mode!","BFordLancer"
"EnXDvcc3TqM","UgysaslgMTr1AXIOCGp4AaABAg.AazBZz225qZAazFqqQf_Bs","UgysaslgMTr1AXIOCGp4AaABAg","@Ragebaiter7x7","UCaO7TEDtcW05MfA7oGVvTGA","@Viewersfootballofficial","UCq6nTsd64YgmYepTj2AFjEg","@Safwan_khan-2.O OLD MAN LOL😂",3,"2026-09-20T14:00:06Z",2026-09-20 14:00:06,"Career Mode","I Takeover Chelsea in FC27 Career Mode!","BFordLancer"
"EnXDvcc3TqM","UgysaslgMTr1AXIOCGp4AaABAg.AazBZz225qZAazG-BGXP8H","UgysaslgMTr1AXIOCGp4AaABAg","@Ragebaiter7x7","UCaO7TEDtcW05MfA7oGVvTGA","@ACE_THE_FRENCHIE-x9m","UCYlCScy7zwLFZgBDs64GTpg","@Viewersfootballofficial OLD MANNNN",2,"2026-09-20T14:01:22Z",2026-09-20 14:01:22,"Career Mode","I Takeover Chelsea in FC27 Career Mode!","BFordLancer"
"EnXDvcc3TqM","UgysaslgMTr1AXIOCGp4AaABAg.AazBZz225qZAazNN7amlPd","UgysaslgMTr1AXIOCGp4AaABAg","@Ragebaiter7x7","UCaO7TEDtcW05MfA7oGVvTGA","@Safwan_khan-2.O","UCZ8Ok_ep5NiI7F9mASSi4EQ","​@BFordLancer OLD MAN",7,"2026-09-20T15:05:49Z",2026-09-20 15:05:49,"Career Mode","I Takeover Chelsea in FC27 Career Mode!","BFordLancer"
"EnXDvcc3TqM","UgysaslgMTr1AXIOCGp4AaABAg.AazBZz225qZAazXyoQur99","UgysaslgMTr1AXIOCGp4AaABAg","@Ragebaiter7x7","UCaO7TEDtcW05MfA7oGVvTGA","@CoolSnapCrashBoy","UCDPabcE8LsC_cxRcRtT39lQ","​@BFordLancer Let's go Love the video",2,"2026-09-20T16:38:28Z",2026-09-20 16:38:28,"Career Mode","I Takeover Chelsea in FC27 Career Mode!","BFordLancer"
"EnXDvcc3TqM","UgysaslgMTr1AXIOCGp4AaABAg.AazBZz225qZAazt13grx5h","UgysaslgMTr1AXIOCGp4AaABAg","@Ragebaiter7x7","UCaO7TEDtcW05MfA7oGVvTGA","@LeviAdu-b1s","UCca1aCscv69wMuyItZYtBPQ","@BFordLancer respect the man",1,"2026-09-20T19:51:09Z",2026-09-20 19:51:09,"Career Mode","I Takeover Chelsea in FC27 Career Mode!","BFordLancer"
"EnXDvcc3TqM","UgysaslgMTr1AXIOCGp4AaABAg.AazBZz225qZAb1QQCJnwVl","UgysaslgMTr1AXIOCGp4AaABAg","@Ragebaiter7x7","UCaO7TEDtcW05MfA7oGVvTGA","@Safwan_khan-2.O","UCZ8Ok_ep5NiI7F9mASSi4EQ","​@LeviAdu-b1s i'm talking about the manager and not him",0,"2026-09-21T19:30:10Z",2026-09-21 19:30:10,"Career Mode","I Takeover Chelsea in FC27 Career Mode!","BFordLancer"
"EnXDvcc3TqM","UgysaslgMTr1AXIOCGp4AaABAg.AazBZz225qZAb1QgMszVkw","UgysaslgMTr1AXIOCGp4AaABAg","@Ragebaiter7x7","UCaO7TEDtcW05MfA7oGVvTGA","@LeviAdu-b1s","UCca1aCscv69wMuyItZYtBPQ","@Safwan_khan-2.Ono really",0,"2026-09-21T19:32:31Z",2026-09-21 19:32:31,"Career Mode","I Takeover Chelsea in FC27 Career Mode!","BFordLancer"
"EnXDvcc3TqM","UgwCGnsVYIdTtyYShyZ4AaABAg.AazBSD4RK03AazDxCSqC1g","UgwCGnsVYIdTtyYShyZ4AaABAg","@charskull","UCdVw91MCDyr5l1PYEJwTWtA","@BFordLancer","UCNWgHP_0lBoB8QqECjZTgoQ","Bro Caicedo and James held it down the whole video, we didn’t need one 😂",0,"2026-09-20T13:43:29Z",2026-09-20 13:43:29,"Career Mode","I Takeover Chelsea in FC27 Career Mode!","BFordLancer"
"EnXDvcc3TqM","UgwCGnsVYIdTtyYShyZ4AaABAg.AazBSD4RK03AazFCZ3XGFF","UgwCGnsVYIdTtyYShyZ4AaABAg","@charskull","UCdVw91MCDyr5l1PYEJwTWtA","@RandomVirals_0","UCGposp4uVVKCfOlNl_1K3XQ","@BFordLancer But that’s the biggest issue rn…. I was waiting on that and it never came….. Lwk L ball knowledge, gotta fix that",1,"2026-09-20T13:54:28Z",2026-09-20 13:54:28,"Career Mode","I Takeover Chelsea in FC27 Career Mode!","BFordLancer"
"EnXDvcc3TqM","UgwCGnsVYIdTtyYShyZ4AaABAg.AazBSD4RK03AazH90t0L4n","UgwCGnsVYIdTtyYShyZ4AaABAg","@charskull","UCdVw91MCDyr5l1PYEJwTWtA","@tbrnsulav3148","UCqyVfI_9HEdVXBT7xMbK1SQ","@RandomVirals_0 agreeed reece is best at RCB for us. shoul dhave gotten a cdm.",1,"2026-09-20T14:11:27Z",2026-09-20 14:11:27,"Career Mode","I Takeover Chelsea in FC27 Career Mode!","BFordLancer"
"EnXDvcc3TqM","UgwCGnsVYIdTtyYShyZ4AaABAg.AazBSD4RK03AazI9UVSyUR","UgwCGnsVYIdTtyYShyZ4AaABAg","@charskull","UCdVw91MCDyr5l1PYEJwTWtA","@charskull","UCdVw91MCDyr5l1PYEJwTWtA","​@BFordLancer yeah but you signed a cb. Which reece james is better at than midfield.  Why not move james to cb and sign a cm",0,"2026-09-20T14:20:16Z",2026-09-20 14:20:16,"Career Mode","I Takeover Chelsea in FC27 Career Mode!","BFordLancer"
"EnXDvcc3TqM","UgxegaMDzYUh5IkBphB4AaABAg.AazBQ03Xg45AazBxghv1C0","UgxegaMDzYUh5IkBphB4AaABAg","@DreGaming09","UC52lF4uK8SfgS3ZI1WLyfVA","@LF17g","UCndJO-PF3EFD9PInBxe18GA","sonnnn",1,"2026-09-20T13:26:05Z",2026-09-20 13:26:05,"Career Mode","I Takeover Chelsea in FC27 Career Mode!","BFordLancer"
"EnXDvcc3TqM","UgxegaMDzYUh5IkBphB4AaABAg.AazBQ03Xg45AazsH-SOzBy","UgxegaMDzYUh5IkBphB4AaABAg","@DreGaming09","UC52lF4uK8SfgS3ZI1WLyfVA","@quixPPG","UCZ-FsrmUBDKAvNPHBuDUQlw","yea ha..",2,"2026-09-20T19:44:36Z",2026-09-20 19:44:36,"Career Mode","I Takeover Chelsea in FC27 Career Mode!","BFordLancer"
"EnXDvcc3TqM","UgxegaMDzYUh5IkBphB4AaABAg.AazBQ03Xg45Ab-dGhm3Y8T","UgxegaMDzYUh5IkBphB4AaABAg","@DreGaming09","UC52lF4uK8SfgS3ZI1WLyfVA","@Eride101","UCPUi1ZpPnAEQRbcMlC7rG-A","stfu🙏🥹",0,"2026-09-21T02:52:43Z",2026-09-21 02:52:43,"Career Mode","I Takeover Chelsea in FC27 Career Mode!","BFordLancer"
"EnXDvcc3TqM","UgwQOXYPl79ZsV4FrE54AaABAg.AazBCeUHdI3AazBY1FSdRE","UgwQOXYPl79ZsV4FrE54AaABAg","@crispybacon8078","UCZZ8WCdw6Xikx5hqZUKWFtw","@DreGaming09","UC52lF4uK8SfgS3ZI1WLyfVA","His tiktok is my guess",2,"2026-09-20T13:22:26Z",2026-09-20 13:22:26,"Career Mode","I Takeover Chelsea in FC27 Career Mode!","BFordLancer"
"EnXDvcc3TqM","UgwQOXYPl79ZsV4FrE54AaABAg.AazBCeUHdI3AazBnycrwNw","UgwQOXYPl79ZsV4FrE54AaABAg","@crispybacon8078","UCZZ8WCdw6Xikx5hqZUKWFtw","@crispybacon8078","UCZZ8WCdw6Xikx5hqZUKWFtw","@DreGaming09 i meant meme team of the year for the tiktok",0,"2026-09-20T13:24:45Z",2026-09-20 13:24:45,"Career Mode","I Takeover Chelsea in FC27 Career Mode!","BFordLancer"
"EnXDvcc3TqM","UgwQOXYPl79ZsV4FrE54AaABAg.AazBCeUHdI3AazDigsN31-","UgwQOXYPl79ZsV4FrE54AaABAg","@crispybacon8078","UCZZ8WCdw6Xikx5hqZUKWFtw","@BFordLancer","UCNWgHP_0lBoB8QqECjZTgoQ","Real ones remember!",2,"2026-09-20T13:41:31Z",2026-09-20 13:41:31,"Career Mode","I Takeover Chelsea in FC27 Career Mode!","BFordLancer"
"EnXDvcc3TqM","UgwQOXYPl79ZsV4FrE54AaABAg.AazBCeUHdI3AazEnYDaJ9d","UgwQOXYPl79ZsV4FrE54AaABAg","@crispybacon8078","UCZZ8WCdw6Xikx5hqZUKWFtw","@crispybacon8078","UCZZ8WCdw6Xikx5hqZUKWFtw","@BFordLancer yo bford, been following since the Paris fc goalie career, keep up the brill content champ",0,"2026-09-20T13:50:55Z",2026-09-20 13:50:55,"Career Mode","I Takeover Chelsea in FC27 Career Mode!","BFordLancer"
"EnXDvcc3TqM","Ugxxle_C7rdTYFg_7JF4AaABAg.AazAp6-r8NDAazDgmsllws","Ugxxle_C7rdTYFg_7JF4AaABAg","@J9primetime","UC6WVC11Ob4EjixZOQHM-OaA","@BFordLancer","UCNWgHP_0lBoB8QqECjZTgoQ","I just met him at the FC27 launch event, I have a short coming with him soon!",1,"2026-09-20T13:41:15Z",2026-09-20 13:41:15,"Career Mode","I Takeover Chelsea in FC27 Career Mode!","BFordLancer"
"EnXDvcc3TqM","UgxJUGnE8JVILV2kvUd4AaABAg.AazASywtWMKAazFSNRHBmW","UgxJUGnE8JVILV2kvUd4AaABAg","@BallerBLN","UCobx5mPNsUQ-LQTPs1VGy2g","@BFordLancer","UCNWgHP_0lBoB8QqECjZTgoQ","Siuuuuu!",0,"2026-09-20T13:56:37Z",2026-09-20 13:56:37,"Career Mode","I Takeover Chelsea in FC27 Career Mode!","BFordLancer"
"EnXDvcc3TqM","UgxfkIIahbwfliNi06J4AaABAg.Aaz9mItOpcvAb-NN7KWIph","UgxfkIIahbwfliNi06J4AaABAg","@SoccerMasterBillion","UCj3Mly_auliM3CK60QTqYRA","@kingtshilobo1849","UCtY_luoKDU_QJv4Rue88fgw","Do they finally have everyone in game commentary name?",0,"2026-09-21T00:25:03Z",2026-09-21 00:25:03,"Career Mode","I Takeover Chelsea in FC27 Career Mode!","BFordLancer"
"EnXDvcc3TqM","UgxL72MBMEEsFlczL_N4AaABAg.Aaz9dzWuZVkAazAnqfrajj","UgxL72MBMEEsFlczL_N4AaABAg","@DaeguCityFCWasTaken-alt","UC-zFrwuFoYjhcGF9EBz02eQ","@NewsFromCelios","UCRZD_GVK0TapY-I4lZ5wK4A","I don’t think he would do a south korea career mode since there wouldnt be champions league and people won’t find entertaining",1,"2026-09-20T13:16:00Z",2026-09-20 13:16:00,"Career Mode","I Takeover Chelsea in FC27 Career Mode!","BFordLancer"
"EnXDvcc3TqM","UgxL72MBMEEsFlczL_N4AaABAg.Aaz9dzWuZVkAazBMcmnFVT","UgxL72MBMEEsFlczL_N4AaABAg","@DaeguCityFCWasTaken-alt","UC-zFrwuFoYjhcGF9EBz02eQ","@DaeguCityFCWasTaken-alt","UC-zFrwuFoYjhcGF9EBz02eQ","​@NewsFromCelios They find more of this. But as a Daegu FC fan, sadly this favorite team remove from the game. Also if they have mods, the Asian Champions League might be excited to play in FC27.",1,"2026-09-20T13:20:53Z",2026-09-20 13:20:53,"Career Mode","I Takeover Chelsea in FC27 Career Mode!","BFordLancer"
"EnXDvcc3TqM","UgxL72MBMEEsFlczL_N4AaABAg.Aaz9dzWuZVkAazEvkoBUpz","UgxL72MBMEEsFlczL_N4AaABAg","@DaeguCityFCWasTaken-alt","UC-zFrwuFoYjhcGF9EBz02eQ","@Luke_-_","UCkheKf17d_CLFoMl2LTbF5Q","@DaeguCityFCWasTaken-alt aye you definitely support them 😂",1,"2026-09-20T13:52:02Z",2026-09-20 13:52:02,"Career Mode","I Takeover Chelsea in FC27 Career Mode!","BFordLancer"
"EnXDvcc3TqM","UgxL72MBMEEsFlczL_N4AaABAg.Aaz9dzWuZVkAazFfVFVtuD","UgxL72MBMEEsFlczL_N4AaABAg","@DaeguCityFCWasTaken-alt","UC-zFrwuFoYjhcGF9EBz02eQ","@DaeguCityFCWasTaken-alt","UC-zFrwuFoYjhcGF9EBz02eQ","​@Luke_-_ Maybe. I'm a Daegu FC fan. I think Bucheon might have a perfect save for career mode.",1,"2026-09-20T13:58:33Z",2026-09-20 13:58:33,"Career Mode","I Takeover Chelsea in FC27 Career Mode!","BFordLancer"
"EnXDvcc3TqM","UgxL72MBMEEsFlczL_N4AaABAg.Aaz9dzWuZVkAazJmRHzIRi","UgxL72MBMEEsFlczL_N4AaABAg","@DaeguCityFCWasTaken-alt","UC-zFrwuFoYjhcGF9EBz02eQ","@TrashcanFn","UCpf0rNwz_Zwx9YNQPPAgMFQ","Jesus loves you, God bless! ❤️",1,"2026-09-20T14:34:27Z",2026-09-20 14:34:27,"Career Mode","I Takeover Chelsea in FC27 Career Mode!","BFordLancer"
"EnXDvcc3TqM","UgxL72MBMEEsFlczL_N4AaABAg.Aaz9dzWuZVkAazKFPlNGn_","UgxL72MBMEEsFlczL_N4AaABAg","@DaeguCityFCWasTaken-alt","UC-zFrwuFoYjhcGF9EBz02eQ","@DaeguCityFCWasTaken-alt","UC-zFrwuFoYjhcGF9EBz02eQ","​@TrashcanFn Who is Jesus Christ? Bro I'm catholic, why are doing to my comment? And why are you here?",1,"2026-09-20T14:38:33Z",2026-09-20 14:38:33,"Career Mode","I Takeover Chelsea in FC27 Career Mode!","BFordLancer"
"EnXDvcc3TqM","UgwDshwkn_eExXh745J4AaABAg.Aaz9DRslyHMAaz9JINXQc1","UgwDshwkn_eExXh745J4AaABAg","@thomythom","UC_-oWdtu01atO_exmTAiPSw","@Jdd_d","UCa2_3R3SOmESyhiLJ9w9C-w","No bro",0,"2026-09-20T13:02:58Z",2026-09-20 13:02:58,"Career Mode","I Takeover Chelsea in FC27 Career Mode!","BFordLancer"
