"videoId","commentId","author","authorChannelId","commentText","likeCount","publishedAt","replyCount","publishedTime","category","videoTitle","creator"
"ArCjNDHyn80","UgzywUnncaTBaYutJcp4AaABAg","@mmango123","UC1I5XSm9zlj7utO-BSRVymw","Exactly the same as the last 10 fifa/FC games, oh apart from new kits and rosters. We need a rival football game!!",1,"2026-09-25T08:44:01Z",0,2026-09-25 08:44:01,"Review","EA Sports FC 27 Review - The Final Verdict","GamingBolt"
"ArCjNDHyn80","UgylCq1dNPU47u096bJ4AaABAg","@Itslilbar","UCU3T7O2sD8eeZyYwLHjVuxg","FIFA is boring, never understood what is fun about it, never liked it.",0,"2026-09-25T07:50:50Z",0,2026-09-25 07:50:50,"Review","EA Sports FC 27 Review - The Final Verdict","GamingBolt"
"ArCjNDHyn80","UgzgW8GQTiqmOpcYkLh4AaABAg","@VáliMusic77","UCtkHCe6ec2fYiYNWfcj4dlA","100m for rashford?! You're dreaming 😂

The gameplay looks atrocious.
Not wasting anymore money on this dead franchise",0,"2026-09-25T06:38:02Z",0,2026-09-25 06:38:02,"Review","EA Sports FC 27 Review - The Final Verdict","GamingBolt"
"ArCjNDHyn80","Ugx3G4TVo8_WjPgWSAB4AaABAg","@panzerfaust1987","UCWK95WZBiZVi7fgtczbX14g","Oh shit, here we go again.",0,"2026-09-25T06:07:50Z",0,2026-09-25 06:07:50,"Review","EA Sports FC 27 Review - The Final Verdict","GamingBolt"
"ArCjNDHyn80","UgwaMnS7q_dW2ilejBl4AaABAg","@aboagye_q7","UC_N9nO8o2zkFQY58gdUPM4g","why the same team/player/ presentation and intro as fc26 ..same la liga , premier league and champions league presentation",0,"2026-09-25T00:34:41Z",0,2026-09-25 00:34:41,"Review","EA Sports FC 27 Review - The Final Verdict","GamingBolt"
"ArCjNDHyn80","UgyrWQPGTllgzAdaF2h4AaABAg","@JamieOkeeffe-j9n","UChANfaXwrVB8PvUDL04X9Rg","You can't attack, you can't defend. The game is somehow worse every release.",0,"2026-09-24T21:20:15Z",0,2026-09-24 21:20:15,"Review","EA Sports FC 27 Review - The Final Verdict","GamingBolt"
"ArCjNDHyn80","UgzUfvFhniOOSTyT4x14AaABAg","@Si_telly","UCBmSKL5D3XlODXNInBynG4w","It's horrendous and the worst fifa I have played. The beta was even better",0,"2026-09-24T21:15:53Z",0,2026-09-24 21:15:53,"Review","EA Sports FC 27 Review - The Final Verdict","GamingBolt"
"ArCjNDHyn80","Ugw6ljhZuFrxtXBFY294AaABAg","@tresormakalebombashi5057","UC9QTC2yBCGW_viO259zFtzA","Nothing new just fc 25; 26",0,"2026-09-24T20:21:42Z",0,2026-09-24 20:21:42,"Review","EA Sports FC 27 Review - The Final Verdict","GamingBolt"
"ArCjNDHyn80","UgzF36tSlIlmBjZbIBx4AaABAg","@nipunjamewar8731","UCqdmRzqSsc96TFzKZ44L93Q","Ever since EA added AcceleRATE in FIFA 23, the dribbling feels like you are ice-skating and the passing feels like you are playing ping-pong.

AcceleRATE isn't in the PS4/XboxOne version of FIFA 23-FC 27, so if anyone wants to experience FC 27 with FIFA 22's gameplay, check out the PS4/XboxOne version.",0,"2026-09-24T20:14:02Z",0,2026-09-24 20:14:02,"Review","EA Sports FC 27 Review - The Final Verdict","GamingBolt"
"ArCjNDHyn80","Ugw64m86Z3HNdb-c2QN4AaABAg","@andremagalhaes8839","UC_FqK_l8JDwbInlyQdq-IzQ","You said you like the mode ""Authentical""... I'm off.",0,"2026-09-24T17:58:46Z",0,2026-09-24 17:58:46,"Review","EA Sports FC 27 Review - The Final Verdict","GamingBolt"
"ArCjNDHyn80","Ugxp1DOrOf-_K4XKzgh4AaABAg","@DrewTony","UCr0Hpk7EzrsIFMsJTxIOBFg","Its crazy like do they actually test the the ""final product"" themselves? And if they did how have they came with the assumption that the game is fit for release to their customers. They probably had a deadline to release otherwise theyd lose money if they released it late. Im done with EA cant wait for GTA6 and the new God of War!",0,"2026-09-24T17:31:06Z",0,2026-09-24 17:31:06,"Review","EA Sports FC 27 Review - The Final Verdict","GamingBolt"
"ArCjNDHyn80","Ugzy6-rWFIoyi7W1Byx4AaABAg","@DrewTony","UCr0Hpk7EzrsIFMsJTxIOBFg","Its bad when ive gone back to Fc26, and i dont go a session without something pissing me off",0,"2026-09-24T17:25:03Z",0,2026-09-24 17:25:03,"Review","EA Sports FC 27 Review - The Final Verdict","GamingBolt"
"ArCjNDHyn80","Ugz3IeT7f5ZHaXEwmxh4AaABAg","@eskomoWon","UC14kFXURZ2GuEUNZ9zP6mOw","I've already played this game 4 years ago. Just wait till the first patch comes out.",0,"2026-09-24T15:20:38Z",0,2026-09-24 15:20:38,"Review","EA Sports FC 27 Review - The Final Verdict","GamingBolt"
"ArCjNDHyn80","Ugx1i-5ua2SIS48l0jd4AaABAg","@eNyaaaw","UCPi-7ZWb040xk5EZtnPVFYA","this looks so shit as always.  same dumb running animations, same dumb ai, same dumb game.",2,"2026-09-24T13:19:01Z",0,2026-09-24 13:19:01,"Review","EA Sports FC 27 Review - The Final Verdict","GamingBolt"
"ArCjNDHyn80","UgxDIBehJSx9JrhcDet4AaABAg","@mariacodrescu1462","UCVKl1rF9yBZphevfEyF7Y4g","This game needs a patch ASAP. Defenders are trash",1,"2026-09-24T10:28:40Z",0,2026-09-24 10:28:40,"Review","EA Sports FC 27 Review - The Final Verdict","GamingBolt"
"ArCjNDHyn80","UgywVWRZD81Re4hsm294AaABAg","@Ivy_Robins","UC4buBbbHtyOzqlvFt6KN5Bw","Has anyone, involved in making the game, seen an actual football game? Because this doesn’t look like football. It looks like sh**t lol",1,"2026-09-24T08:49:15Z",0,2026-09-24 08:49:15,"Review","EA Sports FC 27 Review - The Final Verdict","GamingBolt"
"ArCjNDHyn80","UgwgboYMcTmfzlopkFd4AaABAg","@alessandrodelpierojuventus8156","UCPS3XvHB-NhckJXGaAQpWpQ","ARCADE pinball circus fake bubble gum football without substance with many rugby scores 9-5 8-4 etc lol  ..Everything is great on Walt Disney's game until the kick off lol  ...eFootball gameplay shits on this",1,"2026-09-24T07:56:18Z",0,2026-09-24 07:56:18,"Review","EA Sports FC 27 Review - The Final Verdict","GamingBolt"
"ArCjNDHyn80","Ugxw8-4xTBVfdTA8_C94AaABAg","@Sergi.Galiano","UC2CrIC1SS7SBO5Sgiy2u5rw","It's actually wild how this game hasnt visually improved in like 7 years. Nobody cares about the closeups, the actual game should feel way more realistic by now",2,"2026-09-24T07:35:44Z",0,2026-09-24 07:35:44,"Review","EA Sports FC 27 Review - The Final Verdict","GamingBolt"
"ArCjNDHyn80","Ugzl6zJ6LwhpE1YIFal4AaABAg","@Dawg99999","UCXFSnuFkAyROily8e80RsUA","Tbh the gameplay has improved",0,"2026-09-24T06:53:11Z",0,2026-09-24 06:53:11,"Review","EA Sports FC 27 Review - The Final Verdict","GamingBolt"
"ArCjNDHyn80","Ugxk1JnZw3rErXYWymV4AaABAg","@kasoniakisangani","UCzaLG7ZVOAt8BXfgOuoanSg","Such a very generous rating. 8/10?! Seriously, it doesn't look like there's that much change to the career mode. I don't play Ultimate Team, but I know a lot of people play that mode, but barely any mention of it in this video. Anyways, as far as career mode, the only change is with transfers, and that's it. How about realistic revenue increases when changing stadiums? Or something rewarding after your 7th or 8th season in a particular career? And when it comes to changing stadiums, how about realistic stadium changes. If you're playing as Stade de Reims in career mode, it's unrealistic to move from a 25,000 capacity stadium to a 80,000 capacity stadium. Yet, the latter is still available?! I'd also like to see a UEFA coefficient, or some global power ranking in career mode. I wonder if there's a Club World Cup in FC 27? EA Sports never mentioned it in their video though. How about the option to slightly change the kit in your 6th or 7th season in career mode, or something like that? So, it looks like career mode will mostly be the same old, same old. No buy. I'll still listen to the soundtrack though.",2,"2026-09-24T06:15:05Z",0,2026-09-24 06:15:05,"Review","EA Sports FC 27 Review - The Final Verdict","GamingBolt"
"ArCjNDHyn80","Ugy1LjBdlvlVZaFYrLB4AaABAg","@HATTORI82","UC7ajhQPIwd_V0AxHOc3GDnQ","Way to manual to be actually fun at this point. Its always been hard enough plotting your next move, never mind wondering whether itll even work.",0,"2026-09-24T00:57:06Z",0,2026-09-24 00:57:06,"Review","EA Sports FC 27 Review - The Final Verdict","GamingBolt"
"ArCjNDHyn80","UgyyjZLTLXB69hXABo54AaABAg","@Adzyy_D","UC-ogw8Y-D1QLhH7zDchftsg","Manager mode is defo different, players lvls go up and down like a yoyo",0,"2026-09-23T22:44:32Z",0,2026-09-23 22:44:32,"Review","EA Sports FC 27 Review - The Final Verdict","GamingBolt"
"ArCjNDHyn80","UgytR8Qsvr2f7zs3tl94AaABAg","@AntonioCusenza","UCaVvxf4lwJeN_-6F5osgeQQ","Fifa 22 was better, even 23 did better job",1,"2026-09-23T21:15:22Z",0,2026-09-23 21:15:22,"Review","EA Sports FC 27 Review - The Final Verdict","GamingBolt"
"ArCjNDHyn80","UgxLbVBsfjbKHImTich4AaABAg","@bomsompro","UCfuSVgRVZe85-sv02fZdMYQ","I will not buy untill they really change it you guys should do the same!",1,"2026-09-23T20:25:03Z",0,2026-09-23 20:25:03,"Review","EA Sports FC 27 Review - The Final Verdict","GamingBolt"
"ArCjNDHyn80","UgxFN8AJlEEu1FnYdw94AaABAg","@Tacofan5752","UCVtOw_wLcnQqpLwMod1v42Q","wtf are those graphics lmao",2,"2026-09-23T19:15:49Z",0,2026-09-23 19:15:49,"Review","EA Sports FC 27 Review - The Final Verdict","GamingBolt"
"ArCjNDHyn80","UgxbFj8JkkxJhGBVY9t4AaABAg","@howlingmadwarbot","UCQEm9e7MT31uyfvXE23mm4w","It's fun as hell and the grounds is pretty cool",0,"2026-09-23T18:41:19Z",0,2026-09-23 18:41:19,"Review","EA Sports FC 27 Review - The Final Verdict","GamingBolt"
"ArCjNDHyn80","UgzaF4YoePVhIK5D9Od4AaABAg","@zbossigma","UCZw9lZX6yItwhyRKarZ-Imw","I don't know if it's just me, but I've noticed that EA FC 26 is running extremely slow and lagging heavily, even though I'm playing strictly offline in Career Mode. It's honestly unbelievable how slow everything loads, almost like EA is intentionally trying to force me into buying EA FC 27. Much to their disappointment, I won't be buying it full price—if I can't play this one properly, so be it, but I'm only picking up the new one when it goes on sale for €20. It's incredible how shameless they've become.",0,"2026-09-23T17:47:11Z",0,2026-09-23 17:47:11,"Review","EA Sports FC 27 Review - The Final Verdict","GamingBolt"
"ArCjNDHyn80","UgySgUpw81Rojt25h9l4AaABAg","@princeowiredu2022","UCUwFtoSWWfCZw3_oLGUYI6Q","His many minutes did you play the game",0,"2026-09-23T17:13:20Z",0,2026-09-23 17:13:20,"Review","EA Sports FC 27 Review - The Final Verdict","GamingBolt"
"ArCjNDHyn80","UgyjmmFNz0K-iGnWdNB4AaABAg","@jackstevenson8463","UCA8Noq0RG89UrKtTjbIN2Jw","Exact SAME commentary, exact SAME gameplay, new kits!",1,"2026-09-23T16:47:18Z",0,2026-09-23 16:47:18,"Review","EA Sports FC 27 Review - The Final Verdict","GamingBolt"
"ArCjNDHyn80","UgxLUg862V8x9KXwqYR4AaABAg","@fambilu","UCQeJHqf9uzLLwIcu5dZkrtw","I havent played any FIFA game in the last 5 years, looks unchanged to me xD",2,"2026-09-23T16:30:45Z",0,2026-09-23 16:30:45,"Review","EA Sports FC 27 Review - The Final Verdict","GamingBolt"
"ArCjNDHyn80","Ugxyna0PUfz606CfCdZ4AaABAg","@3E30P","UCQ47Y95pBPsk5SPAlxzyH9A","every year is even more disappointing",3,"2026-09-23T15:32:57Z",0,2026-09-23 15:32:57,"Review","EA Sports FC 27 Review - The Final Verdict","GamingBolt"
"ArCjNDHyn80","Ugyq51CR_4ldOAv-4tV4AaABAg","@SICARIOx7","UCTpSAuSZ6GBSo59nQ8kiJzg","50k views 😅😅 say's a lot",0,"2026-09-23T13:52:44Z",0,2026-09-23 13:52:44,"Review","EA Sports FC 27 Review - The Final Verdict","GamingBolt"
"ArCjNDHyn80","Ugx1QInzxh023YaXZiB4AaABAg","@ElecktrroBoy","UCGzzNEQfZZxM4oEX_5a0-uA","This is 26 when it came out .
Then it becomes trash month by month with updates made with intention by EA so that next year when U buy 28 you will say , YES THIS IS IT , LOOK THE DIFFERENCE, year by year since 2015 , or 2018",0,"2026-09-23T13:50:25Z",0,2026-09-23 13:50:25,"Review","EA Sports FC 27 Review - The Final Verdict","GamingBolt"
"ArCjNDHyn80","Ugyf5Mds9Eo7L_KkM4x4AaABAg","@youngmicrowave127","UCNW1MkHoPi5WnBNcGnBM5ng","Are we allowed to defend or is this a feature we need to pay for because I can’t see any defence in this game",1,"2026-09-23T13:19:27Z",0,2026-09-23 13:19:27,"Review","EA Sports FC 27 Review - The Final Verdict","GamingBolt"
"ArCjNDHyn80","UgzZ629NprJXmDtioYV4AaABAg","@Kivvimc","UCyqZkBh16epzRSRtvIcZmyw","i havent touched this game for like 2 years and this looks identical as fc24/25 yall are paying 100 dollars for the same game every year like genuine goycattle lmao",1,"2026-09-23T12:50:52Z",0,2026-09-23 12:50:52,"Review","EA Sports FC 27 Review - The Final Verdict","GamingBolt"
"ArCjNDHyn80","UgzFoSpN63CwTf0RDAd4AaABAg","@abdelrahmanberri5990","UCbXUQBC2J5YsA8LPDMA2jPQ","The game looks like pes now",1,"2026-09-23T11:49:53Z",0,2026-09-23 11:49:53,"Review","EA Sports FC 27 Review - The Final Verdict","GamingBolt"
"ArCjNDHyn80","Ugx9yXS6Ooc5kra3cG54AaABAg","@CaptainMatteus","UCFcCNOegQg_qtkTuHDWcL-A","Can’t polish a 💩 same old garbage. Last decent one was FIFA 10.",3,"2026-09-23T10:17:12Z",0,2026-09-23 10:17:12,"Review","EA Sports FC 27 Review - The Final Verdict","GamingBolt"
"ArCjNDHyn80","UgycDwdboz4G7Ft7JFV4AaABAg","@Thehowlingbaboon","UCVeShDpjwyIPsukHgqSJ3ug","It no longer looks like football. I'll stick to Fifa 17.",6,"2026-09-23T09:30:50Z",0,2026-09-23 09:30:50,"Review","EA Sports FC 27 Review - The Final Verdict","GamingBolt"
"ArCjNDHyn80","UgyAQ2cCRecg6MrPIrR4AaABAg","@Bensminiatures","UCdqFs3M2PQq5uCiTfnzEDSw","Let me guess without eveb watching tbe video. More of the same shit as before??",1,"2026-09-23T08:43:56Z",0,2026-09-23 08:43:56,"Review","EA Sports FC 27 Review - The Final Verdict","GamingBolt"
"ArCjNDHyn80","UgywDBtiN6-9_ytJJuF4AaABAg","@Earthling_FC","UCaBvmLxb4uxgWEQFVnlSePA","Will there finally be a 2K/Madden style camera? Nope. How so many people still play looking from the side is beyond me. At least try it EA!!!",0,"2026-09-23T07:45:31Z",0,2026-09-23 07:45:31,"Review","EA Sports FC 27 Review - The Final Verdict","GamingBolt"
"ArCjNDHyn80","Ugz_DR8jLLK8_HU5xOt4AaABAg","@Earthling_FC","UCaBvmLxb4uxgWEQFVnlSePA","Why are the players so small?",0,"2026-09-23T07:43:01Z",0,2026-09-23 07:43:01,"Review","EA Sports FC 27 Review - The Final Verdict","GamingBolt"
"ArCjNDHyn80","UgyKq-rpIf-AljWCWxl4AaABAg","@Paul-s1h","UCCq2oX5PqZJwWcKMA-m_qoQ","I can’t wait till Thursday, best FC game so far.",1,"2026-09-23T06:33:48Z",0,2026-09-23 06:33:48,"Review","EA Sports FC 27 Review - The Final Verdict","GamingBolt"
"ArCjNDHyn80","Ugx1xuzAEiCRlcRwJv14AaABAg","@S3RAVA3LM","UCybA0wiaF-AKsAOpRdIfUXw","Stop saying ""improvements."" Stop.",3,"2026-09-23T05:33:58Z",0,2026-09-23 05:33:58,"Review","EA Sports FC 27 Review - The Final Verdict","GamingBolt"
"ArCjNDHyn80","UgxGKd6UFhMAgqhrpKB4AaABAg","@dimitriskotsis9254","UC7vqUf1hL9-mGTvJZUQ5l9Q","9.90 Euros, maybe i buy it",1,"2026-09-23T04:55:36Z",0,2026-09-23 04:55:36,"Review","EA Sports FC 27 Review - The Final Verdict","GamingBolt"
"ArCjNDHyn80","UgzKAOX_5XVizNXRlVp4AaABAg","@SkepticMinds1","UCbCp2LrN86XkUv3U2ztmi5A","Wow sh$t EA…why are they still in business?",0,"2026-09-23T04:01:32Z",0,2026-09-23 04:01:32,"Review","EA Sports FC 27 Review - The Final Verdict","GamingBolt"
"ArCjNDHyn80","UgxIVaNtEv0hwn8Tf5J4AaABAg","@RetroChiZ","UCwTs86SYB89cFMRLBtnzRlw","Not a single word said about the gameplay lol",2,"2026-09-23T02:04:48Z",1,2026-09-23 02:04:48,"Review","EA Sports FC 27 Review - The Final Verdict","GamingBolt"
"ArCjNDHyn80","UgxbelWPQ5UW-piO_9p4AaABAg","@rubz1372","UCz1XUqnCgrMmLf8806ITTLQ","The hub world to get to pro clubs i so clunky. The only good thing is finesse is nerfed",1,"2026-09-23T01:03:57Z",0,2026-09-23 01:03:57,"Review","EA Sports FC 27 Review - The Final Verdict","GamingBolt"
"ArCjNDHyn80","UgwDYmg8gj9n82QmoxB4AaABAg","@frankmorenojr6147","UCapFELGKplMdOKBzya1tD_g","Waiting for black friday",3,"2026-09-23T01:03:45Z",0,2026-09-23 01:03:45,"Review","EA Sports FC 27 Review - The Final Verdict","GamingBolt"
"ArCjNDHyn80","Ugx2gwqs-9PCn5ZeKzZ4AaABAg","@billyisback30","UC9yyuaPaKBfRuC_9cjYUDtg","Will buy this on a sale. I am not putting my hard earned money on this.",5,"2026-09-23T00:41:54Z",1,2026-09-23 00:41:54,"Review","EA Sports FC 27 Review - The Final Verdict","GamingBolt"
"ArCjNDHyn80","Ugz15vMTD7X2biSrRoN4AaABAg","@dripsonice413","UCE6ZDRe0utVkQlAm44YbnTg","Who tf spends their time on career mode with fifa",1,"2026-09-22T23:59:24Z",2,2026-09-22 23:59:24,"Review","EA Sports FC 27 Review - The Final Verdict","GamingBolt"
"ArCjNDHyn80","UgyX2XPWaOKKo4jd04F4AaABAg","@joshgates","UCQi7R129RvbDHlof3ufdbzQ","Im not getting into the hype this year after years of a broken game that has glitches and bugs. I'm ok with the lack of improvements year on year, but the level of polish is getting increasingly bad and does not even get fixed after feedback. Im finding it affects me mentally, as my love for football is so deep. For anybody like me, please save yourself and play FL2026, or wait for FL2027/ Fifa16 Infinity mod on PC.",1,"2026-09-22T23:48:50Z",0,2026-09-22 23:48:50,"Review","EA Sports FC 27 Review - The Final Verdict","GamingBolt"
"ArCjNDHyn80","Ugykbtt6TXz5eQ5Keeh4AaABAg","@fatohorror","UCxPIgwKZsau-p8qS61FFkAw","He much were you pay?",0,"2026-09-22T23:27:09Z",0,2026-09-22 23:27:09,"Review","EA Sports FC 27 Review - The Final Verdict","GamingBolt"
"ArCjNDHyn80","UgwoBYzVcgy5os5B7hp4AaABAg","@intergalacticmuffin7071","UC6dnoq50uej9LeLpPJdRr4g","The new transfer system is dead on arrival no one asked for it they added it to break the game more, moral system still broken and cant turn the trap off, players still dictate their rolls and demand to leave if not played for 2 games in a row despite you allegedly being the manager, teams still doing unrealistic signings liverpool have 8 goal keepers on my save including Alison, mamardashvillie, Costa, restes and others. This is the last game I buy I am done with the crap their tactic is clear break career mode so badly you quit and play UT I will never open the UT starter pack or even acknowledge its existence if I wanted a casino id go Vegas.",1,"2026-09-22T23:03:10Z",0,2026-09-22 23:03:10,"Review","EA Sports FC 27 Review - The Final Verdict","GamingBolt"
"ArCjNDHyn80","UgylxTw2BZW12BOfrDF4AaABAg","@OnPoint_247","UCgHvWUSGi4CiQUnrkcpwTeA","What?! 8 for this shit! You're not real dude! A 7 is to much!",1,"2026-09-22T22:36:21Z",0,2026-09-22 22:36:21,"Review","EA Sports FC 27 Review - The Final Verdict","GamingBolt"
"ArCjNDHyn80","UgyGKcIBmDVq7bU74qZ4AaABAg","@chirpywiggins5796","UCO--dFticpVwTTw1HqTSZCg","It looks ABSOLUTE GASH !  If you don’t realise by now you’re being robbed I can’t help you.",1,"2026-09-22T22:29:31Z",0,2026-09-22 22:29:31,"Review","EA Sports FC 27 Review - The Final Verdict","GamingBolt"
"ArCjNDHyn80","Ugw3s-t2eV0h2mR8a994AaABAg","@clockworkslave0180","UCv_TFCaNcwFwsUgUQblbaEA","Ill never play an EA game ever",1,"2026-09-22T21:54:55Z",1,2026-09-22 21:54:55,"Review","EA Sports FC 27 Review - The Final Verdict","GamingBolt"
"ArCjNDHyn80","Ugx5gp2n3xuGoDp0pNl4AaABAg","@lord_carmesim","UCukS2w693jNI7BPQWvHZLLQ","The video starts with single player match scoring a goal in amateur difficulty. Not even sure it's worth hearing the rest of the review...",2,"2026-09-22T21:39:54Z",0,2026-09-22 21:39:54,"Review","EA Sports FC 27 Review - The Final Verdict","GamingBolt"
"ArCjNDHyn80","UgzR486NfnegXZ9wTaR4AaABAg","@JaeJohnson-u1u","UChl7y0YxOa2YglETqWTDFdg","EA Reskin 27",3,"2026-09-22T21:30:34Z",0,2026-09-22 21:30:34,"Review","EA Sports FC 27 Review - The Final Verdict","GamingBolt"
"ArCjNDHyn80","Ugx8JloxLYiHWYhhQ5N4AaABAg","@trza49er","UC_33gdr9WJHzr45ziSITftQ","That first goal they showed tells you all you need to know, I’d love to have an EA dev explain to me what the back line defenders were doing there. 🤦‍♂️🖕",14,"2026-09-22T21:14:10Z",1,2026-09-22 21:14:10,"Review","EA Sports FC 27 Review - The Final Verdict","GamingBolt"
"ArCjNDHyn80","UgwUDxxaNhgjnawajQd4AaABAg","@genX_gamers","UC31bDKCWZBuh9Pw37gi_WIA","So the gameplay is exactly the same. 

Got it",1,"2026-09-22T21:11:48Z",0,2026-09-22 21:11:48,"Review","EA Sports FC 27 Review - The Final Verdict","GamingBolt"
"ArCjNDHyn80","Ugx5wtHMHvq2rc5-v8J4AaABAg","@wolf99000","UCm-dqHFIhnci0sR-_ttbe6w","Same crap all they care about is ultimate team and milking people of cash while career mode has lost more leagues and gains non to replace them at some point the ways it’s going they will only have the big five leagues",2,"2026-09-22T21:10:43Z",0,2026-09-22 21:10:43,"Review","EA Sports FC 27 Review - The Final Verdict","GamingBolt"
"ArCjNDHyn80","UgxGOGAAiRyIGeS_d7R4AaABAg","@GamerGuyMatt1892","UCxNkm_kMIgqrFx8EFxciVAQ","Derek Rae’s voice on commentary makes my ears bleed.",2,"2026-09-22T21:02:48Z",1,2026-09-22 21:02:48,"Review","EA Sports FC 27 Review - The Final Verdict","GamingBolt"
"ArCjNDHyn80","Ugzp9Wfkcvbxz3_VK-Z4AaABAg","@Engleberta","UC1Q9amSFNnvnhrDs5bKd41g","It’s not a football game. Play efootball instead",1,"2026-09-22T20:57:48Z",0,2026-09-22 20:57:48,"Review","EA Sports FC 27 Review - The Final Verdict","GamingBolt"
"ArCjNDHyn80","UgztbqMwMDERW3rsatB4AaABAg","@Juaniguitarra86","UCcvGl6aQ1O4r32VyFAhDi4A","Looks really bad tbh",1,"2026-09-22T20:41:29Z",0,2026-09-22 20:41:29,"Review","EA Sports FC 27 Review - The Final Verdict","GamingBolt"
"ArCjNDHyn80","UgyERJEDNGoO8WgsO254AaABAg","@howtotechruet","UC6PBFMfxc6MgBaJLEDy6aQA","just shut up",0,"2026-09-22T20:37:53Z",0,2026-09-22 20:37:53,"Review","EA Sports FC 27 Review - The Final Verdict","GamingBolt"
"ArCjNDHyn80","UgykEvXt0YqbwKDb4Lx4AaABAg","@NukaColaKrush","UC6X0wzyZH3GwwKRtiYQLoDg","AI defending is brain dead",1,"2026-09-22T20:31:36Z",0,2026-09-22 20:31:36,"Review","EA Sports FC 27 Review - The Final Verdict","GamingBolt"
"ArCjNDHyn80","UgzX_radDxcv9Td_OVl4AaABAg","@NukaColaKrush","UC6X0wzyZH3GwwKRtiYQLoDg","Could've been an update",1,"2026-09-22T20:22:43Z",0,2026-09-22 20:22:43,"Review","EA Sports FC 27 Review - The Final Verdict","GamingBolt"
"ArCjNDHyn80","UgwRtuhYXGUGIG7tobt4AaABAg","@MrkZndstr","UCH22RnEAG694cb9Cy4vHxIw","EA shills. Unfollowed.",1,"2026-09-22T19:56:35Z",0,2026-09-22 19:56:35,"Review","EA Sports FC 27 Review - The Final Verdict","GamingBolt"
"ArCjNDHyn80","UgxokOEjdhbIHaTn_SZ4AaABAg","@Emulator_Crossing","UCZ2EUL0tzqWcoMDeXi4bTBQ","The running animations are soo cartoony..",9,"2026-09-22T19:52:52Z",0,2026-09-22 19:52:52,"Review","EA Sports FC 27 Review - The Final Verdict","GamingBolt"
"ArCjNDHyn80","Ugx0bQxKltvO1KHb06h4AaABAg","@jameswebster4502","UC17wQHOsEwxTlZnL2hFpC5A","Same trash 😂 just like in real life",2,"2026-09-22T19:51:21Z",0,2026-09-22 19:51:21,"Review","EA Sports FC 27 Review - The Final Verdict","GamingBolt"
"ArCjNDHyn80","UgxVkJH1plElUxSWJ-l4AaABAg","@Rubicon9","UCRHbCHi6ET30yPFizRGDj1g","Wow. Ea pay you. You lost my respect.  Im unsubbing",2,"2026-09-22T19:45:40Z",0,2026-09-22 19:45:40,"Review","EA Sports FC 27 Review - The Final Verdict","GamingBolt"
"ArCjNDHyn80","Ugw9-P7kJn4prqo7IrR4AaABAg","@trojans7","UCB_1HLnbVP8-8_dEiqChXQw","An 8?!?!?! LMFAO, GTFOH, Dude!",1,"2026-09-22T19:39:45Z",0,2026-09-22 19:39:45,"Review","EA Sports FC 27 Review - The Final Verdict","GamingBolt"
"ArCjNDHyn80","Ugw_zfvkDmnB-YJ-9IR4AaABAg","@igotyou62darthvat","UC33G8dLQNWTNtVO4s_aSylg","I played the trial, it plays almost the same. Attackers Still feels like skating. Defenders do not tackle consistently. Not worth 70$. Maybe a 10$ buy.",5,"2026-09-22T19:30:20Z",0,2026-09-22 19:30:20,"Review","EA Sports FC 27 Review - The Final Verdict","GamingBolt"
"ArCjNDHyn80","UgwfbJcq3XySmStoWmV4AaABAg","@egk99","UCnQu7atogrESTFuAvuvjwOQ","8/10??? 

Seriously??",3,"2026-09-22T19:24:59Z",0,2026-09-22 19:24:59,"Review","EA Sports FC 27 Review - The Final Verdict","GamingBolt"
"ArCjNDHyn80","UgyG-3zJoC5PfXci5g54AaABAg","@kkrr3677","UCFCiY1UAYRYVCrSLvsOCokQ","It’s so scripted for pay to win",2,"2026-09-22T19:17:51Z",0,2026-09-22 19:17:51,"Review","EA Sports FC 27 Review - The Final Verdict","GamingBolt"
"ArCjNDHyn80","UgxvCORGkKZnCl3IrIx4AaABAg","@OmarPinto-w4y","UCnXAtsVvgpBp0bANMbBoqZA","I tried the ea play 10 hour trial and deleted the game in an hour. It’s worst than fc 26. The strikers track back and defend like prime Rodri.",3,"2026-09-22T19:17:26Z",0,2026-09-22 19:17:26,"Review","EA Sports FC 27 Review - The Final Verdict","GamingBolt"
"ArCjNDHyn80","Ugy865o1aJZLHNYCzeF4AaABAg","@SICARIOx7","UCTpSAuSZ6GBSo59nQ8kiJzg","Make FIFA Games Great Again is so Dead and boring for years now scripted gameplay boring soundtrack missing leagues missing stadiums Missing players 🤦",1,"2026-09-22T19:17:21Z",0,2026-09-22 19:17:21,"Review","EA Sports FC 27 Review - The Final Verdict","GamingBolt"
"ArCjNDHyn80","Ugz2_ZDXlP9vyT-Pxyt4AaABAg","@HotScones-3231c","UCmJNyCH0XwFAlVd2rC5hlkQ","Look at the state of the defender's behaviour at 1:09.",8,"2026-09-22T19:16:30Z",0,2026-09-22 19:16:30,"Review","EA Sports FC 27 Review - The Final Verdict","GamingBolt"
"ArCjNDHyn80","Ugz3kyK6kbKGO_tv1zR4AaABAg","@D_LizardKing","UCCl46DU7jXVvUNnkotl4sVA","For those who have played the game, I am still on FC 24. Is it a good time to upgrade? I have seen ppl complaint as the game controls are Mehh at best. But i maily play career.manager mode . ALSO, how is the optimization on PC?",1,"2026-09-22T18:54:31Z",0,2026-09-22 18:54:31,"Review","EA Sports FC 27 Review - The Final Verdict","GamingBolt"
"ArCjNDHyn80","Ugzm7fkhL6Jx_t7WQlh4AaABAg","@KushMonster92","UCiLgZUzonPkIXoI3orB_yTQ","Ur pronunciation of the names gdamn",0,"2026-09-22T18:53:29Z",0,2026-09-22 18:53:29,"Review","EA Sports FC 27 Review - The Final Verdict","GamingBolt"
"ArCjNDHyn80","UgxIwqxsI7TOcuhcXkZ4AaABAg","@D3stroyer369","UCNfv-I7oY-AnAupFATn1t4w","I tried the game on my PS5 by buying an one month subscription to EA Play. I had 10 hours to try it and guess what: after 2 hours on Carrer Mode I removed the game because of the horrendous gameplay (both Authentic and Competitive) and believe me I'm a veteran and an Ultimate difficulty player so I know what I'm talking about. Now I can officially say that my journey with FIFA/FC is finally over for good !",35,"2026-09-22T18:13:27Z",4,2026-09-22 18:13:27,"Review","EA Sports FC 27 Review - The Final Verdict","GamingBolt"
"ArCjNDHyn80","UgwYPjcW9WaqwaHkSGV4AaABAg","@cod4787","UCqrS12X2Xjl-JcKnMxJ6sKw","It is only our fault. We make those EA's lazy, Greedy pigs richer every year for literally doing nothing. You gave this game a 8? Shame on you. This is a disgusting and unreliable review.",2,"2026-09-22T18:07:13Z",0,2026-09-22 18:07:13,"Review","EA Sports FC 27 Review - The Final Verdict","GamingBolt"
"ArCjNDHyn80","UgyUE4y4nZSjhxxTopl4AaABAg","@timwalker6470","UChlz2X1nd1InNhhmOPoqMxw","I only pay 'play now', I start at the bottom of the alphabet and work my way to 'A'...using the SAME teams in each league to play each other home vs away kits, then play with their 3rd\alternate Kits then move to the next team. I set the game's timer near the fastest (5), so it doesn't take long. I have played every one since 'FIFA 1995'(or 1994, the year Scotland qualified for the World Cup) on SNES, owned everyone since 'FIFA 97' on 'PS', 'FIFA\EAFC' games are just a fun time killer to me.
I have a pretty good surround sound system, started playing Knockout Tour in 'Mario Kart: World Tour', I can hear green shells coming from far back through my right back speaker...don't veer right, same with my left speaker don't veer left. yesterday I heard the three-green shells coming like an upside down triangle from behind me just drive in a straight line. I a looking forward to playing 'EA FC 27' this year...that opening goal with the crowd sounds great. I like the different chants, stadium voices speaking in that country's native language. EA Sports just needs to work on the gameplay, this year looks vastly improved, the presentation has always been there. Thursday night at 10pm G.M.T for me.",0,"2026-09-22T17:24:02Z",0,2026-09-22 17:24:02,"Review","EA Sports FC 27 Review - The Final Verdict","GamingBolt"
"ArCjNDHyn80","UgyFMbrMd-xu2B7zT8V4AaABAg","@krowbar2009","UCurqRBHwfeO9-xq_Ik3EvmQ","I cant listen to the same commentary again in a new full priced game i just cant.
Ill wait till its 15 quid or in gamepass.",6,"2026-09-22T17:13:06Z",0,2026-09-22 17:13:06,"Review","EA Sports FC 27 Review - The Final Verdict","GamingBolt"
"ArCjNDHyn80","UgzaIDcRK8_oQyEFwgd4AaABAg","@edoardofedrighi2102","UCR2e9EKvc8W8qZbog958HQw","My last FIFA was FIFA 09 😂",1,"2026-09-22T17:06:28Z",1,2026-09-22 17:06:28,"Review","EA Sports FC 27 Review - The Final Verdict","GamingBolt"
"ArCjNDHyn80","UgyYpwE5-HLKwhMHy4p4AaABAg","@4clicksleft","UCJBbw_R2e3WWmxX6sWhoOWA","Outside of gameplay i give it a 9 as there is so much to do in the game in all fairness but gameplay is a flat 6",0,"2026-09-22T16:49:28Z",0,2026-09-22 16:49:28,"Review","EA Sports FC 27 Review - The Final Verdict","GamingBolt"
"ArCjNDHyn80","Ugz_S5ms-jvG30lDJ3t4AaABAg","@Met182","UCu4CGZCsFukUeRfSufZXwLw","Just look at the defenders from 1:04 - 3 of them there and then suddenly no one marking anyone lol",19,"2026-09-22T16:45:32Z",0,2026-09-22 16:45:32,"Review","EA Sports FC 27 Review - The Final Verdict","GamingBolt"
"ArCjNDHyn80","UgywP-UWCJOC5L2HuSp4AaABAg","@ESMorg","UCKDHCULA2Uipi9jssOFSCAA","I’ve realized EA has pretty much given up on actually improving its modern sports games. I’m just hoping it’s because they’re preparing for a major shift in sports gaming with how fast AI, VR, and AR are advancing.

I saw a clip a while back where a guy predicted that sports games could eventually feel more like board games, except you’d have holograms of the actual players playing right in front of you. If that’s where we’re headed, that would be dope. 

But that’s honestly the only reasoning i have as to why EA keeps dropping games, getting subpar reviews, and then make no changes the next year. Rinse and repeat.",2,"2026-09-22T16:44:48Z",0,2026-09-22 16:44:48,"Review","EA Sports FC 27 Review - The Final Verdict","GamingBolt"
"ArCjNDHyn80","UgzAglQEDcmYbvKn3cB4AaABAg","@griddyingzidane","UCC_kvGxtRFtXYuTTPSRz_8w","another sell out channel, unsubbed",2,"2026-09-22T16:33:57Z",0,2026-09-22 16:33:57,"Review","EA Sports FC 27 Review - The Final Verdict","GamingBolt"
"ArCjNDHyn80","UgxPObFaDcTi8DliZfF4AaABAg","@nandomatanu","UCAW3UeyzA8xQ4Pvcyq2fRdg","""who say they don't deserve to be on front"" 😂",1,"2026-09-22T16:17:52Z",0,2026-09-22 16:17:52,"Review","EA Sports FC 27 Review - The Final Verdict","GamingBolt"
"ArCjNDHyn80","UgxIuG91n3OhVaafkKJ4AaABAg","@gezblair","UCkf4rrIHl7KZQmIaldJ5_oA","Let’s face it, no review is going to change your mind. You know if you are buying it or not.",12,"2026-09-22T16:07:31Z",2,2026-09-22 16:07:31,"Review","EA Sports FC 27 Review - The Final Verdict","GamingBolt"
"ArCjNDHyn80","UgwoGmsawRU3Cwo_bIV4AaABAg","@jarnoh9568","UC8j9_VMb8ng-3Mx8yZbSqig","new year, same game. Same shitload of stress with the comeback system etc. No buy.",1,"2026-09-22T15:34:26Z",0,2026-09-22 15:34:26,"Review","EA Sports FC 27 Review - The Final Verdict","GamingBolt"
"ArCjNDHyn80","Ugy7A7ca9u3kVhMGAXt4AaABAg","@CastroJr92","UCsYzdzE6LIkLWdMjkktzqZQ","8/10??? When Player Career was left virtually untouched?",0,"2026-09-22T15:26:30Z",0,2026-09-22 15:26:30,"Review","EA Sports FC 27 Review - The Final Verdict","GamingBolt"
"ArCjNDHyn80","UgwserHwpjnosmdvheN4AaABAg","@Zet-zenkai","UCFxBVwoEANBK03bghMnptSA","im still on fifa 2022 .I'm not upgrading until fifa 2030",0,"2026-09-22T15:21:39Z",0,2026-09-22 15:21:39,"Review","EA Sports FC 27 Review - The Final Verdict","GamingBolt"
"ArCjNDHyn80","Ugwd2hpnCiNCBKyRdIJ4AaABAg","@chrismccoll2269","UCh7cOVcvWM4vXTene821yfQ","The animations look terrible, players skating and twisting in unrealistic ways. 8/10 ??",3,"2026-09-22T15:18:15Z",0,2026-09-22 15:18:15,"Review","EA Sports FC 27 Review - The Final Verdict","GamingBolt"
"ArCjNDHyn80","Ugy8zWsi7CjjECKFXmt4AaABAg","@harrimx","UCI7Ny0Ejh1xeyv0ZbV8zktA","Counter attack at 4:46 yet the hull players are walking haha... but yeah 8 out of 10, great review gamingbolt -_ -",2,"2026-09-22T15:12:14Z",0,2026-09-22 15:12:14,"Review","EA Sports FC 27 Review - The Final Verdict","GamingBolt"
"ArCjNDHyn80","UgwzklhiMyR1_IOR-314AaABAg","@enowmessi2844","UCzkExunK4SkD-gXjJ7RX6mQ","This is my best fifa since fifa 15",0,"2026-09-22T14:59:37Z",2,2026-09-22 14:59:37,"Review","EA Sports FC 27 Review - The Final Verdict","GamingBolt"
"ArCjNDHyn80","Ugy5Fgmsv9Kft1NOSyl4AaABAg","@JDHCreations","UC6T-G4788_N0O3kjebTpFMA","It literally looks bo different to fc25 and fc26. Same shit, with a different number. Whoopty doo",1,"2026-09-22T14:59:19Z",0,2026-09-22 14:59:19,"Review","EA Sports FC 27 Review - The Final Verdict","GamingBolt"
"ArCjNDHyn80","Ugy8qvSxmog-erX6Qy94AaABAg","@enowmessi2844","UCzkExunK4SkD-gXjJ7RX6mQ","I got the game today and it is so much better this year. Goal keepers are so good, shooting isnt over powered like before and the game feels smoother.",4,"2026-09-22T14:59:17Z",4,2026-09-22 14:59:17,"Review","EA Sports FC 27 Review - The Final Verdict","GamingBolt"
"ArCjNDHyn80","Ugy9z4MINFLUdeyLTCN4AaABAg","@clash4cityrocker","UCxHifPebgNb4LHo_U2XJWgQ","Can you choose the stadium or weather/time of day when playing online matches yet?",3,"2026-09-22T14:27:00Z",0,2026-09-22 14:27:00,"Review","EA Sports FC 27 Review - The Final Verdict","GamingBolt"
"ArCjNDHyn80","Ugybof9JqOVuKr9gnMF4AaABAg","@Corxresa","UC9aSDAEtddoK4TGZaAqsT7w","Just wish there was an option to opt out on the press conference stopping your calendar sim altogether constantly",4,"2026-09-22T14:24:22Z",0,2026-09-22 14:24:22,"Review","EA Sports FC 27 Review - The Final Verdict","GamingBolt"
"ArCjNDHyn80","Ugx8GwfPHGJ4Rje4dvR4AaABAg","@marioiyigun8313","UCNjR_fxkslR0mBdUFneZF_A","Wie einfach gestrickt muss man sein, um jedes Jahr diesen minimal angepassten Blödsinn zum Vollpreis zu kaufen?",2,"2026-09-22T14:21:00Z",0,2026-09-22 14:21:00,"Review","EA Sports FC 27 Review - The Final Verdict","GamingBolt"
"ArCjNDHyn80","UgwZSJ3z5RjMjaRUT4F4AaABAg","@Bikertyke","UCPPfvhAh-brv8QqZLw3wpyQ","Yes I will buy it again. Just for new kits etc. Yes it's £60 and expensive. But I don't buy many games and enjoy a bit of career mode. Never online. I do occasionally play the older one's like 17, 22, 24 which are installed on my PS5 Pro.",3,"2026-09-22T13:59:19Z",0,2026-09-22 13:59:19,"Review","EA Sports FC 27 Review - The Final Verdict","GamingBolt"
"ArCjNDHyn80","UgwiuDyPYaN_rdVUxhB4AaABAg","@Anonnymous89532","UCobW-CmHNlz99055JaHlaAg","Don't like it don't buy it nobody simple.",4,"2026-09-22T13:52:28Z",0,2026-09-22 13:52:28,"Review","EA Sports FC 27 Review - The Final Verdict","GamingBolt"
"ArCjNDHyn80","UgyxXSR_qeYH59iGEhR4AaABAg","@KnixRaider_7528","UCwDpMRarR7Q297lBedVWeMA","🗑🗑🗑",0,"2026-09-22T13:49:48Z",0,2026-09-22 13:49:48,"Review","EA Sports FC 27 Review - The Final Verdict","GamingBolt"
"ArCjNDHyn80","Ugy1Z7RF1MoNXNv7rX94AaABAg","@pekvek","UCLJsI8VQf7ll1K-niJLtfCA","Did I mention menu's look horrible",0,"2026-09-22T13:48:39Z",0,2026-09-22 13:48:39,"Review","EA Sports FC 27 Review - The Final Verdict","GamingBolt"
"ArCjNDHyn80","UgzhiSxQUbQf5Ug76DR4AaABAg","@pekvek","UCLJsI8VQf7ll1K-niJLtfCA","At 00:05 defense stops to let you score. That is EA keeping you artificially happy for spending your money",1,"2026-09-22T13:46:34Z",1,2026-09-22 13:46:34,"Review","EA Sports FC 27 Review - The Final Verdict","GamingBolt"
"ArCjNDHyn80","Ugy-U1zbxVwbHaAqzLd4AaABAg","@jerrydandrige2506","UC4BPy7-jN5TKuuctAVV1rig","I already know what it's like I've played EAFC26",104,"2026-09-22T13:32:40Z",2,2026-09-22 13:32:40,"Review","EA Sports FC 27 Review - The Final Verdict","GamingBolt"
"ArCjNDHyn80","UgzccfIUuZ_FS6zCMO94AaABAg","@Don380s","UC1Xpdi48nDFVnJl8gD6GnfQ","They still haven’t touched player career",1,"2026-09-22T13:17:16Z",0,2026-09-22 13:17:16,"Review","EA Sports FC 27 Review - The Final Verdict","GamingBolt"
"ArCjNDHyn80","Ugy9IQLhMWW7IGxiBBR4AaABAg","@Marcelo83uk","UCpmB1Alz_S6bVGdS3NbTJgw","Looks shite like the others... haven't bought a sports game in years",1,"2026-09-22T12:36:00Z",0,2026-09-22 12:36:00,"Review","EA Sports FC 27 Review - The Final Verdict","GamingBolt"
"ArCjNDHyn80","UgyO4tGINSH2lko-boh4AaABAg","@TevyaSmolka","UCnkfbrpEXZA03n-2FBdVbPQ","Same stuff different year and honestly at this point I don’t follow sports games",1,"2026-09-22T12:17:32Z",0,2026-09-22 12:17:32,"Review","EA Sports FC 27 Review - The Final Verdict","GamingBolt"
"ArCjNDHyn80","UgwF1oFYH6mUfyXimB14AaABAg","@EH_1995","UCoh6fLMPAMN2BJMl7vAEwEw","Haven’t bought an FC game since 22 but been missing have a football game to play, so think this is the year I jump back in, purely for the career mode changes and slower gameplay.",4,"2026-09-22T12:15:16Z",2,2026-09-22 12:15:16,"Review","EA Sports FC 27 Review - The Final Verdict","GamingBolt"
"ArCjNDHyn80","UgxUOMtzNWjHVjepuQ54AaABAg","@ApacheScalper","UCjTcuJwbKE8GkfvoAxA2kzQ","How can you give these patched same old shit sports games an 8. There’s no way",1,"2026-09-22T12:07:40Z",0,2026-09-22 12:07:40,"Review","EA Sports FC 27 Review - The Final Verdict","GamingBolt"
"ArCjNDHyn80","Ugz0c6E4jqRXp8VfPAx4AaABAg","@davidpinto1195","UCedYOHfvgTVTeoJ5PnC3C6g","HOW MUCH IS EA PAYING YOU?",99,"2026-09-22T12:00:08Z",2,2026-09-22 12:00:08,"Review","EA Sports FC 27 Review - The Final Verdict","GamingBolt"
"ArCjNDHyn80","UgxDX2JsK8TejT1d9jV4AaABAg","@NonsoHendrix","UCSRhwYdl9FV-yIK2HBH-PjA","guy looks like he's playing on beginner lol how can you truly review a game on that difficulty",2,"2026-09-22T11:59:33Z",0,2026-09-22 11:59:33,"Review","EA Sports FC 27 Review - The Final Verdict","GamingBolt"
"ArCjNDHyn80","UgzV2fqwQDeAeV50aMt4AaABAg","@elbeardo1549","UCSayIlPNyS5kJ8yM0RqZ6dQ","Sorry but heading is still atrocious",3,"2026-09-22T11:25:38Z",0,2026-09-22 11:25:38,"Review","EA Sports FC 27 Review - The Final Verdict","GamingBolt"
"ArCjNDHyn80","Ugwsrsc5x_5rSWhIzxp4AaABAg","@TarekTamo","UCaO-op_lQHvRrCJlXugcA7A","7:07 Paulo WHO????",12,"2026-09-22T11:11:53Z",4,2026-09-22 11:11:53,"Review","EA Sports FC 27 Review - The Final Verdict","GamingBolt"
"ArCjNDHyn80","UgwFXOrXkFPJL3lqjMx4AaABAg","@GamerPattie","UCvxBY2Fyv83YH_U8y3b3oyg","The authentic and competitive gameplay isn't a new feature (debut in FC26) but you talk about it like it is. Only thing new is transfer and press conference overhaul and the grounds, of which only half is decent. But hey let's give them an 8😂",24,"2026-09-22T10:55:44Z",0,2026-09-22 10:55:44,"Review","EA Sports FC 27 Review - The Final Verdict","GamingBolt"
"ArCjNDHyn80","Ugxf5WXuYkYwHaFgdS94AaABAg","@lewist379","UCqtAeVjvm_IEpeCxJU_FjUA","Looks very unrealistic.... Man utd playing well in those clips is quite unbelievable",195,"2026-09-22T10:55:35Z",6,2026-09-22 10:55:35,"Review","EA Sports FC 27 Review - The Final Verdict","GamingBolt"
"ArCjNDHyn80","Ugx1jpyOI75_ropVeRR4AaABAg","@Walk_with_Martin","UCHBxsUwKU4lN8RpUrkR8FIA","Offline? Probably a better version than the last game. But I solely play clubs. 

No new boots. 
The grounds as a way to gain extra microtransactions
The same new features. 
The game looks exactly the same. 
Etc. 
Etc.

This is Ea Fc 26 V2.0",2,"2026-09-22T10:34:57Z",0,2026-09-22 10:34:57,"Review","EA Sports FC 27 Review - The Final Verdict","GamingBolt"
"ArCjNDHyn80","Ugwgg_aKj8NNA5NfHdt4AaABAg","@dylanlee4674","UC2_CtGr4CpJKBb-Sf7hOl5g","Fist the wolverine video and now a 8/10 for this. Nah dude what's going on 😔",5,"2026-09-22T10:24:43Z",2,2026-09-22 10:24:43,"Review","EA Sports FC 27 Review - The Final Verdict","GamingBolt"
"ArCjNDHyn80","UgwjXg2PQL47qrjjmP14AaABAg","@PizzaMozzarellaGR11","UCc16WfzDVMuS_tuOe85IweA","Same shit, different year",253,"2026-09-22T10:24:26Z",22,2026-09-22 10:24:26,"Review","EA Sports FC 27 Review - The Final Verdict","GamingBolt"
"ArCjNDHyn80","Ugxd3ADqwccHNE-nTCp4AaABAg","@MuhammadImran93","UC-fIdvjQeJFUegEYBrOQQRw","They need to stop producing yearly sport games, especially FIFA/EA FC series. Overall mechanics and gameplay improvements are so minor: It should have been a downloadable update instead. I swear I can play FIFA/EA FC from 3 or 4 year ago and not notice any difference.",114,"2026-09-22T10:08:15Z",18,2026-09-22 10:08:15,"Review","EA Sports FC 27 Review - The Final Verdict","GamingBolt"
"ArCjNDHyn80","UgwTOioNykVreMLGE6Z4AaABAg","@gregnezz","UCJnhwPHBmZ5nP75jdbjh5kw","EA DEVS I want to play Co-Op Seasons mode with realistic fixtures of a league, like if mid table teams were playing on the weekend and you get assigned 1 of those teams in the fixtures.  Example Leeds vs Palace from last weekend.  That's realistic! not watching the Turtle and Vini fly around the pitch every bloody game.

Man, I just want Co-Op seasons to be far more improved with blocking iditotic sad users from picking PSG, France and Madrid every bloody game. 

EA devs could put in a team limit count or a Co-Op Seasons Game mode, where a player can't pick the same team more than 3-4 times in a row or pick 5 star teams constantly.",2,"2026-09-22T10:05:05Z",0,2026-09-22 10:05:05,"Review","EA Sports FC 27 Review - The Final Verdict","GamingBolt"
"ArCjNDHyn80","UgzIyhxXWOXkM0la6El4AaABAg","@sgood1995","UCc-Fvu8kjYKZTcW-KhY3fxA","8 out of 10 my ass HAHAHAHAHAHA more like 4 out of 10",49,"2026-09-22T10:04:18Z",2,2026-09-22 10:04:18,"Review","EA Sports FC 27 Review - The Final Verdict","GamingBolt"
"ArCjNDHyn80","Ugw7RzZkz1-7Z209aA54AaABAg","@0zerosun","UCkiuXLGpXz_isJ8V3sjz0uQ","looks worse than fifa 10, the movement and animations are just diabolical... same shit every year. Even the players look like kids, why is the scale so off?",4,"2026-09-22T10:00:29Z",0,2026-09-22 10:00:29,"Review","EA Sports FC 27 Review - The Final Verdict","GamingBolt"
"ArCjNDHyn80","UgzytDwxfjzwl0X3wcp4AaABAg","@WonderKidB619-g2","UCIKy3bvKZBOHb37FjvGSh9g","Still no animation for PL Scoreboard lmao",2,"2026-09-22T09:57:48Z",0,2026-09-22 09:57:48,"Review","EA Sports FC 27 Review - The Final Verdict","GamingBolt"
"ArCjNDHyn80","UgxcqFM-ooM2dHZZfW54AaABAg","@ValentinTodea13","UCu8EVA3n-Iva3n8I4B__kyA","the menu looks literally the same, i ll just go back to fifa 09.",16,"2026-09-22T09:53:31Z",1,2026-09-22 09:53:31,"Review","EA Sports FC 27 Review - The Final Verdict","GamingBolt"
"ArCjNDHyn80","UgxOcp8f33rTbGDsned4AaABAg","@Bkblakk","UCE0RmDlm1G461P39iQp9uVA","🔥🚒",0,"2026-09-22T09:51:34Z",0,2026-09-22 09:51:34,"Review","EA Sports FC 27 Review - The Final Verdict","GamingBolt"
"ArCjNDHyn80","UgzpD6oJDP3B4Xc5qop4AaABAg","@Coldman4274","UCdx9NXQ8r_TXjtpSU2ucYgA","1등",2,"2026-09-22T09:51:26Z",0,2026-09-22 09:51:26,"Review","EA Sports FC 27 Review - The Final Verdict","GamingBolt"
"PSDe1xhBpfU","UgylbdaaPD4ykgU_gdJ4AaABAg","@calabamian","UCAOwEddfwBtCEXtL0oKxN-g","Keeping my 99s, thx.",0,"2026-09-22T11:16:53Z",0,2026-09-22 11:16:53,"Review","My Initial Thoughts on The FC 27 Gameplay!","Inception FC"
"PSDe1xhBpfU","UgzYhOh3Qgyzfkr2-3l4AaABAg","@Tigreeeeeee","UC7vuMlXSx0B8acTmxpzjSaw","DRAFT = 100% HACKERS

enjoy that sHIT",1,"2026-09-22T07:24:14Z",0,2026-09-22 07:24:14,"Review","My Initial Thoughts on The FC 27 Gameplay!","Inception FC"
"PSDe1xhBpfU","UgwkFf5g7yV4wQBi39N4AaABAg","@decepcioncf1617","UCeznfv-WngFFPMjHZj0H2UQ","I'm glad I haven't purchased. Will not purchase.",0,"2026-09-22T01:07:08Z",0,2026-09-22 01:07:08,"Review","My Initial Thoughts on The FC 27 Gameplay!","Inception FC"
"PSDe1xhBpfU","UgwKVPngkO2P4Y1h8Dx4AaABAg","@officiadoYouTube","UCDB4R4yJb3RRwnxKdriC09A","7 months later:

EA is incompetent. This is a 1 hour ++ rant video.",0,"2026-09-22T00:29:21Z",0,2026-09-22 00:29:21,"Review","My Initial Thoughts on The FC 27 Gameplay!","Inception FC"
"PSDe1xhBpfU","Ugwf1krVupN_Bnf2HVB4AaABAg","@barbalata4842","UCmipTrVS-SsN-YFBKbBs-Wg","I lost so much interes in this game that I can't even watch the full video😢😢",2,"2026-09-21T20:00:34Z",0,2026-09-21 20:00:34,"Review","My Initial Thoughts on The FC 27 Gameplay!","Inception FC"
"PSDe1xhBpfU","UgylFgpu5z7rjug7XsF4AaABAg","@arianpouresmaeili2202","UCdHLZo8ZUUBjab08iZBE_mQ","even in the nice goals you scored every forward run is straight. the players are like: i dont care where the open space is, im just gonna run straight",0,"2026-09-21T14:17:01Z",0,2026-09-21 14:17:01,"Review","My Initial Thoughts on The FC 27 Gameplay!","Inception FC"
"PSDe1xhBpfU","Ugwb5gCwkjqaP3Iemup4AaABAg","@drivingmadness2717","UCG9PJTEfaNwxQcXYkVMQ21A","So confused why yall hate against Counter attacking playstyles, in real life we watch prem team sit back and counter all the times to beat better opponents. Now LBC in general is messed up, but calling for quick counter taken out doesn’t make sense, yeah is it lame to sit back all game yeah but sometimes dudes know their outmatched n it’s their only chance. Lost a game last night 1-0, where I had all possession and 150+ more passes than my opponent, yeah I was mad but it was cool to me cause that reminded me of barca chelsea back in the day and now figuring out bew tactics to figure out how to break these guys honestly.",0,"2026-09-21T12:58:10Z",0,2026-09-21 12:58:10,"Review","My Initial Thoughts on The FC 27 Gameplay!","Inception FC"
"PSDe1xhBpfU","UgwWMwgVBiZgSPIfb0N4AaABAg","@naeljammaz3868","UCfd9csH4fYII_uOclfOLv1g","I miss fc26 😅",0,"2026-09-21T10:13:13Z",0,2026-09-21 10:13:13,"Review","My Initial Thoughts on The FC 27 Gameplay!","Inception FC"
"PSDe1xhBpfU","UgxyKDsRTgJUyQo2FWJ4AaABAg","@Cofinho92","UCj9mUTi9EZaGZU8zNvG7C6Q","Haven't bought this game...My life is so good without that frustration.",1,"2026-09-21T06:45:56Z",0,2026-09-21 06:45:56,"Review","My Initial Thoughts on The FC 27 Gameplay!","Inception FC"
"PSDe1xhBpfU","UgyvxlGpuukU3KFApHl4AaABAg","@SummerTv67","UCUQGMelUXO-fPQqYBoJB0Jg","Honestly, I think FC is like this because EA has no real competition.",0,"2026-09-21T04:52:26Z",0,2026-09-21 04:52:26,"Review","My Initial Thoughts on The FC 27 Gameplay!","Inception FC"
"PSDe1xhBpfU","UgwMI4vHmqHQwQC4rul4AaABAg","@TM-hm8ep","UCAXzp6qSwBqi4UwHu5Eyj6w","is the same chat all the time,, next year the same,,,, this sounds like fifa junkies,,thid drug is not pure enough and so on",0,"2026-09-20T18:31:57Z",0,2026-09-20 18:31:57,"Review","My Initial Thoughts on The FC 27 Gameplay!","Inception FC"
"PSDe1xhBpfU","UgxhJGAX7bqpZgo_4JB4AaABAg","@randombedroomguitarrist5253","UCDNSJ_wSQSrzLCg1HzDsLvA","Anybody migrated to Efootball and does it satisfy the online football fix enough or do you need to come back to fc ?",0,"2026-09-20T17:03:48Z",0,2026-09-20 17:03:48,"Review","My Initial Thoughts on The FC 27 Gameplay!","Inception FC"
"PSDe1xhBpfU","UgxVpdG8WuTSr-94WRB4AaABAg","@randombedroomguitarrist5253","UCDNSJ_wSQSrzLCg1HzDsLvA","This game is just a drug with football skins. Packing cards and scoring always the same goals. It's ok to play it as long as you think you're playing a slot machine game with some arcade football flavour stuff",0,"2026-09-20T16:48:49Z",0,2026-09-20 16:48:49,"Review","My Initial Thoughts on The FC 27 Gameplay!","Inception FC"
"PSDe1xhBpfU","Ugysp4IRjxcm2DszmH14AaABAg","@luclindo10","UCsNqkScIF-o89ReAt842ZSw","Who is Bogdan you are referring to?",0,"2026-09-20T16:45:02Z",0,2026-09-20 16:45:02,"Review","My Initial Thoughts on The FC 27 Gameplay!","Inception FC"
"PSDe1xhBpfU","UgzV_eB27HNu2yED1r14AaABAg","@614Menace","UCD4cvHWr4-IpOfwFxOlevHQ","I like the Grounds so far but im sure that wont last long.",0,"2026-09-20T16:14:15Z",0,2026-09-20 16:14:15,"Review","My Initial Thoughts on The FC 27 Gameplay!","Inception FC"
"PSDe1xhBpfU","UgxhnVbX8zzFS326kmN4AaABAg","@Hugo_x_Gabriel","UCCyFEODIrc_-V-9PcHt87IA","The Goat has Spoken 💪",0,"2026-09-20T15:00:09Z",0,2026-09-20 15:00:09,"Review","My Initial Thoughts on The FC 27 Gameplay!","Inception FC"
"PSDe1xhBpfU","UgwniW4WPd1JdVHfw3x4AaABAg","@Holamoco17","UC9oYMYJ7NpQibbaPve0KXaw","❤❤❤",0,"2026-09-20T13:38:00Z",0,2026-09-20 13:38:00,"Review","My Initial Thoughts on The FC 27 Gameplay!","Inception FC"
"PSDe1xhBpfU","UgzZKsVjRN-rQjAnAc14AaABAg","@cosmicdancer-e7l","UCwovZtb3JpJZB-5mh9SSmqw","you not crazy, as soon as you ask yourself if you are crazy. you not. questioning is the best thing. efootball was good until 2025...efootball passing and shooting is fully automated....dribbling is the only great thing in efootball and the ambience....passing and shooting feels so much better in fc. the roles and playstyles made the game with no runs what so ever.",0,"2026-09-20T12:49:40Z",0,2026-09-20 12:49:40,"Review","My Initial Thoughts on The FC 27 Gameplay!","Inception FC"
"PSDe1xhBpfU","Ugxz_7VFJC2XRSpvV6V4AaABAg","@King_Shavers","UCctHZXnzcedVZsqpCXGO73A","you're blaming the community for doing the same thing a second year in a row but what you fail to realize is EA gave us the same game for second year in a row and everyone still bought it to do the same shit as last year. it's time to move on lmao",0,"2026-09-20T12:40:12Z",1,2026-09-20 12:40:12,"Review","My Initial Thoughts on The FC 27 Gameplay!","Inception FC"
"PSDe1xhBpfU","UgyprVlkwxlS8KAg7Wd4AaABAg","@jamesb17uk","UCr82ijx8SGtUqAVCejnN-xA","KURT MENTIONED MADOOOOOOOOO",0,"2026-09-20T12:14:04Z",0,2026-09-20 12:14:04,"Review","My Initial Thoughts on The FC 27 Gameplay!","Inception FC"
"PSDe1xhBpfU","UgyQJpBgMpHu2Rvvs-J4AaABAg","@jamesb17uk","UCr82ijx8SGtUqAVCejnN-xA","Your room is insane bro how did you afford that",0,"2026-09-20T11:35:53Z",1,2026-09-20 11:35:53,"Review","My Initial Thoughts on The FC 27 Gameplay!","Inception FC"
"PSDe1xhBpfU","UgyLMWuJBYztpHUfcgZ4AaABAg","@Knights7n","UC4Uu6aQz3SHCAXPpdqR9c4g","Efootball is just beautiful",2,"2026-09-20T11:26:09Z",0,2026-09-20 11:26:09,"Review","My Initial Thoughts on The FC 27 Gameplay!","Inception FC"
"PSDe1xhBpfU","UgwWBLNHk-K9pciAIGR4AaABAg","@RyanSpringer1984","UC23s28APcl5C7hhin1G9sFQ","I play longball (not long ball counter) in efootball",0,"2026-09-20T11:20:59Z",0,2026-09-20 11:20:59,"Review","My Initial Thoughts on The FC 27 Gameplay!","Inception FC"
"PSDe1xhBpfU","Ugw4hawcn2pxRJekgV14AaABAg","@bes555fc","UCKfzTYjxNqfJPMGupRcqL6w","The more I watch fc gameplay the more I want to play eFootball",0,"2026-09-20T10:56:31Z",0,2026-09-20 10:56:31,"Review","My Initial Thoughts on The FC 27 Gameplay!","Inception FC"
"PSDe1xhBpfU","UgySHR6hMtub4Jvzuhd4AaABAg","@Denisp1979","UC8cv--P3daVlSXA1TrsdsLw","The boy is back.",2,"2026-09-20T10:29:22Z",0,2026-09-20 10:29:22,"Review","My Initial Thoughts on The FC 27 Gameplay!","Inception FC"
"PSDe1xhBpfU","UgytT28s6QrQjCZ5IXV4AaABAg","@gelatopapi85","UCpzxqKewfDfFiNZVtf8W3DA","31:44 had to zoom in hahaha",0,"2026-09-20T10:23:25Z",0,2026-09-20 10:23:25,"Review","My Initial Thoughts on The FC 27 Gameplay!","Inception FC"
"PSDe1xhBpfU","UgxXDBaCywaMrLOvZhN4AaABAg","@karldavies348","UCFsaA4gtc0MwcyXilFegPzw","It’s a copy and paste feels exactly like last yrs game zzzz EA are lazy",0,"2026-09-20T10:08:52Z",0,2026-09-20 10:08:52,"Review","My Initial Thoughts on The FC 27 Gameplay!","Inception FC"
"PSDe1xhBpfU","UgwgPRhBPWQe4qCKRmt4AaABAg","@MrHaMdOoN89","UCBNM1j2fGqWuDEDvudp-Pqw","The brainwashing is there for over a decade when you pay a yearly fully priceed game for an update.",0,"2026-09-20T10:00:47Z",0,2026-09-20 10:00:47,"Review","My Initial Thoughts on The FC 27 Gameplay!","Inception FC"
"PSDe1xhBpfU","UgzgPUYZ-OGgKY2NdRB4AaABAg","@brandonzanetti9411","UCQRO93ksAlZAy9LyUBJLOTw","We can’t pack Manager League Consumables btw… try search for PL or Bundesliga etc…",0,"2026-09-20T09:46:17Z",0,2026-09-20 09:46:17,"Review","My Initial Thoughts on The FC 27 Gameplay!","Inception FC"
"PSDe1xhBpfU","Ugxzb-rtXKdrUdMJcWp4AaABAg","@Malazan10","UCcIwb8zg43YMEpxcd5Wfnuw","Love your analysis of the football gaming battle between eFootball and EA Sports FC!

I turned off the power gauge in eFootball and bro… it’s SO much harder 😭🔥 But honestly, I’m loving it! Makes every pass and shot feel way more satisfying. 🎮⚽",4,"2026-09-20T09:33:39Z",0,2026-09-20 09:33:39,"Review","My Initial Thoughts on The FC 27 Gameplay!","Inception FC"
"PSDe1xhBpfU","UgxnVCXJ2pga7nSb4tp4AaABAg","@scarrrrr8582","UCiSeNZ4d7NDoKpHBETxVxlg","MAESTRO ISTG WATCHIN AN ARTIST THAT EFOOTBALL SEQUENCE WAS SUM ELSE",0,"2026-09-20T07:52:36Z",0,2026-09-20 07:52:36,"Review","My Initial Thoughts on The FC 27 Gameplay!","Inception FC"
"PSDe1xhBpfU","UgzcjEyk2Nlbb7WMPrx4AaABAg","@theswitchbladex","UC2jCURDiq1i3otu8Tv3GHyA","who's bogdan?",0,"2026-09-20T07:46:07Z",0,2026-09-20 07:46:07,"Review","My Initial Thoughts on The FC 27 Gameplay!","Inception FC"
"PSDe1xhBpfU","UgzcNKjfA6pRSQaQ88R4AaABAg","@IgalEmona","UCt4-ed45JbKH6gt2SJdGhDw","WHAT ABOUT MENTIONING THE MARIO CART SPEED????? WHY IS STILL SO FAST GAME???? 
FOOTBALL IS BUILDUP GAME NOT TENNIS!!!
GOD!!!",0,"2026-09-20T07:29:22Z",0,2026-09-20 07:29:22,"Review","My Initial Thoughts on The FC 27 Gameplay!","Inception FC"
"PSDe1xhBpfU","Ugzd3fmqFZXKn4Du-Z94AaABAg","@Oweng21","UCPZqrG7S3CXyuanTE5gYg2A","My battery feels drained even just watching someone else play FC",1,"2026-09-20T07:11:07Z",0,2026-09-20 07:11:07,"Review","My Initial Thoughts on The FC 27 Gameplay!","Inception FC"
"PSDe1xhBpfU","UgxPGcsl_FNHXGyBSvB4AaABAg","@bluechampx","UCpAd_g4UVmPnAw2KgHHhusQ","The so called 'football goal' you showed was not a football. It was a pinball goal. Another product of FC's systems.",0,"2026-09-20T06:48:08Z",0,2026-09-20 06:48:08,"Review","My Initial Thoughts on The FC 27 Gameplay!","Inception FC"
"PSDe1xhBpfU","UgxMJMzGUQ1t8f_ePfN4AaABAg","@ambientsounds1416","UCjMWhk7CeM3imrb2Guy7Wyw","Whats funny is that I actually prefer FC26 over FC27 by a mile",0,"2026-09-20T06:34:59Z",0,2026-09-20 06:34:59,"Review","My Initial Thoughts on The FC 27 Gameplay!","Inception FC"
"PSDe1xhBpfU","UgzJ18g_t8bKgT335at4AaABAg","@sethpatsanza7935","UCmIhcyL-UaCgl_JKCqgO6Cw","I really need a refund, this was a mistake. Its just fc26 with a few twicks and what i hated in fc26 is 90% there.",0,"2026-09-20T05:34:35Z",0,2026-09-20 05:34:35,"Review","My Initial Thoughts on The FC 27 Gameplay!","Inception FC"
"PSDe1xhBpfU","UgzEgn4MsrNSWoXB8gF4AaABAg","@GigglyGamer137","UC_amMWE7ydSG-JgNqjHcW_Q","They left the sliders on, every player feels like a 90+ even bronzes",0,"2026-09-20T05:16:42Z",0,2026-09-20 05:16:42,"Review","My Initial Thoughts on The FC 27 Gameplay!","Inception FC"
"PSDe1xhBpfU","Ugwz-BituMR68V-C-yx4AaABAg","@imn0tbatman","UCigPFnTzcjW6swZQnDqfHAw","playerlock is cancer",0,"2026-09-20T05:12:09Z",0,2026-09-20 05:12:09,"Review","My Initial Thoughts on The FC 27 Gameplay!","Inception FC"
"PSDe1xhBpfU","UgzW9g-rRyoomQ1cMAR4AaABAg","@cappagamingTTV","UCPdUfimyLH-tiqQ0bIBeTlg","Did you say you were going to give us the tactic you used?",0,"2026-09-20T04:54:14Z",1,2026-09-20 04:54:14,"Review","My Initial Thoughts on The FC 27 Gameplay!","Inception FC"
"PSDe1xhBpfU","UgzScJKo9DdmKv09jJ14AaABAg","@JC_973","UCSvIOVQBgtU4tH6cn1kFAkA","i've been watching your streams and rants since you had single digits views on twitch.  i can confidently say you are a man of conviction, and have never changed your tune.  you've always just cared about the game we love and wish was in a better spot.  mad respect for what you do.  i sometimes wish i could have a voice but i dont envy the hate you receive at all just for wanting things to be better.  thanks for fighting for us man.  real ones appreciate you",13,"2026-09-20T04:38:26Z",1,2026-09-20 04:38:26,"Review","My Initial Thoughts on The FC 27 Gameplay!","Inception FC"
"PSDe1xhBpfU","UgwMEBZbfr3hrn7ygX14AaABAg","@ChocolateAdonis024","UCGyBxJEuITNsEwoUV1SKybw","So you're saying stick to efootball 2021?",0,"2026-09-20T03:36:04Z",0,2026-09-20 03:36:04,"Review","My Initial Thoughts on The FC 27 Gameplay!","Inception FC"
"PSDe1xhBpfU","Ugw6U-0OGe-6nOPS5094AaABAg","@DaveyAsA","UCFg8iwPHEeH07LTHZOcxcNg","Gameplay is trash, some nice changes to career mode. 4/10",0,"2026-09-20T03:16:45Z",0,2026-09-20 03:16:45,"Review","My Initial Thoughts on The FC 27 Gameplay!","Inception FC"
"PSDe1xhBpfU","UgyERTird2PDJV8tuat4AaABAg","@DigitalDeity404","UC3ouReGSFdaYW9Y30CxbYBA","Ngl ts is like Disney on ice 💀",0,"2026-09-20T02:57:25Z",0,2026-09-20 02:57:25,"Review","My Initial Thoughts on The FC 27 Gameplay!","Inception FC"
"PSDe1xhBpfU","UgzZbew-9CP_tH852nd4AaABAg","@noduj","UCYLIJTg-Ycbyrc_NO2cn7jw","I'm so glad i only payed 16€ for a month of EA pro, i can't enjoy ea fc anymore after playing efootball for 8 months. Please Konami fix your game and make better content.",0,"2026-09-20T02:20:31Z",0,2026-09-20 02:20:31,"Review","My Initial Thoughts on The FC 27 Gameplay!","Inception FC"
"PSDe1xhBpfU","UgzIMyibcxJJoeAwxAZ4AaABAg","@markm7411","UCBA2ZYgabnD-rz9cNSn0LVw","This is the first fifa in history which needs a patch after release, all the others were good on release and were destroyed with the first patch, this one haves so many problems, passing is way to slow, player movement terrible, stamina is broken",4,"2026-09-20T02:19:34Z",0,2026-09-20 02:19:34,"Review","My Initial Thoughts on The FC 27 Gameplay!","Inception FC"
"PSDe1xhBpfU","UgxMcKwj3suSm4J_7ut4AaABAg","@ngubser22","UCulg1ipGuNu6vkN-q3jeq1Q","you and Nickrtfm got me to play efootball and because of that I dont plan on purchasing FC27. I found myself doing more sbc/upgrade grinding than actually playing the game. I prefer efootball gameplay, but I know it's not for everyone",9,"2026-09-20T02:10:03Z",0,2026-09-20 02:10:03,"Review","My Initial Thoughts on The FC 27 Gameplay!","Inception FC"
"PSDe1xhBpfU","UgybN7q-wqlWAH4wAT94AaABAg","@Engleberta","UC1Q9amSFNnvnhrDs5bKd41g","Another paid to win team. Coinami is so money hungry",0,"2026-09-20T01:19:23Z",0,2026-09-20 01:19:23,"Review","My Initial Thoughts on The FC 27 Gameplay!","Inception FC"
"PSDe1xhBpfU","Ugwo3N6YB-e4jfWZDlR4AaABAg","@javierchan1738","UCeiY0Ksz3_T-daOeFEruwJA","What is ur efootball camera settings?",0,"2026-09-20T01:13:09Z",0,2026-09-20 01:13:09,"Review","My Initial Thoughts on The FC 27 Gameplay!","Inception FC"
"PSDe1xhBpfU","Ugy6oWxmn_7xuEQz0lt4AaABAg","@CGKIL","UC3AEg-VTm0kWb-IUB4UYcLg","Inceptions doctor wondering why his blood pressure skyrockets every sept",45,"2026-09-20T01:08:54Z",3,2026-09-20 01:08:54,"Review","My Initial Thoughts on The FC 27 Gameplay!","Inception FC"
"PSDe1xhBpfU","Ugy6N7yRquDxe-uo9T54AaABAg","@r0yalr0sePT","UC1uSRglg5bPwVXfBFC1YEbQ","Agora explica a estes otarios como e que antigamente defendiamos com 3/4 jogadores com constantes trocas de player no analogico e o um Second Man press usável mas nao OP.. Porque sem essas mecanicas todos os jogos este ano vao ser +5 golos pra cada lado.. Eu te desafio a fazeres uns jogos comigo, eu te mostrar nos fifas antigos o que é skill gap na defesa.. E tenho a certeza que vais passar a pedir a estes burros da EA pra trazerem os features possiveis de defender como os bons jogadores defendiam antigamente.. FC ta morto n ha volta a dar.. Pega o FIFA 16 e começa de novo a partir daí.. Simples.. Nao ha skill a defender.. Eu e tu mano-a-mano Vou te relembrar o que era criar dificuldade ao teu adversario pra marcar 1 golo. Eu defendia com 3/4/5 jogadores ao mesmo tempo Incep.. Hoje em dia por melhor que defenda vou sempre sofrer +3 golos com esses pinos que eu sei o que querem fazer.. Leio-lhes como LIVROS e ainda assim n adianta. Jogamos mano a mano FIFA 12-18 eu relembro-te o que é um player serio competitivo defensivamente.. E é so 1 dos varios pontos que tenho a corrigir neste merda que n jogo desde 2021/22 ahahaha esquece Jogo casual do crlh n tem skill nenhum",0,"2026-09-20T00:46:11Z",0,2026-09-20 00:46:11,"Review","My Initial Thoughts on The FC 27 Gameplay!","Inception FC"
"PSDe1xhBpfU","UgyDu9A_6SqqSZWO4WF4AaABAg","@oussamaboumir820","UCFi8trNviu-Utit7XFzThLw","👍🏼👍🏼👍🏼",0,"2026-09-20T00:42:14Z",0,2026-09-20 00:42:14,"Review","My Initial Thoughts on The FC 27 Gameplay!","Inception FC"
"PSDe1xhBpfU","UgwU6OcCbYSYywJ0Vh54AaABAg","@leuaymouhib2746","UCL4sKvp4QgR_pP0ALcpczxA","Bruh first few games I played had a passing glitch and when I fixed it it became fc26 but more clunky and slow",0,"2026-09-20T00:29:53Z",0,2026-09-20 00:29:53,"Review","My Initial Thoughts on The FC 27 Gameplay!","Inception FC"
"PSDe1xhBpfU","UgzJbcMRcTwTT1S-5p14AaABAg","@nicholasmacguire6361","UC2c__JnsiDgjEYOxZwTPR4g","Fuck, maybe enjoy the fucking game",0,"2026-09-20T00:19:16Z",0,2026-09-20 00:19:16,"Review","My Initial Thoughts on The FC 27 Gameplay!","Inception FC"
"PSDe1xhBpfU","UgxfekT4nP-i47qm1nt4AaABAg","@Silverr369","UCJ6PdsUa1d9hRYe0nKydXXQ","Game is trash",0,"2026-09-20T00:14:03Z",0,2026-09-20 00:14:03,"Review","My Initial Thoughts on The FC 27 Gameplay!","Inception FC"
"PSDe1xhBpfU","UgzMr8o7mgckQ7pzayd4AaABAg","@stanners21","UCi7pzFfMouqDx796pxf_1ZQ","I’ve never known a gaming community that’s plays a game EVERY DAY and complains how shit it is.",4,"2026-09-20T00:08:37Z",1,2026-09-20 00:08:37,"Review","My Initial Thoughts on The FC 27 Gameplay!","Inception FC"
"PSDe1xhBpfU","UgxriK0Ows9hzBPZbKV4AaABAg","@zabialee4104","UCAuVbVHC717q5MWmX3YvmTw","46 minutes 
they call skill gap 😂😂😂😂 bro this game is something else only left stick",0,"2026-09-19T23:56:13Z",0,2026-09-19 23:56:13,"Review","My Initial Thoughts on The FC 27 Gameplay!","Inception FC"
"PSDe1xhBpfU","Ugw7AXGVaxFuEGT2_X94AaABAg","@danielsempere3395","UCe6vkslRjT9Qwgsq3w4LvBg","One more like from a Efootball player",3,"2026-09-19T23:46:07Z",0,2026-09-19 23:46:07,"Review","My Initial Thoughts on The FC 27 Gameplay!","Inception FC"
"PSDe1xhBpfU","UgyMfr3LyyUWkt4bPyV4AaABAg","@brooklynhoodfavorite7972","UCviAGlhcLqGHyoKZecK6VDA","Ea sold their souls a while ago. Putting girls into the game. And making promos for anything. Games made for kids bro",6,"2026-09-19T23:44:37Z",0,2026-09-19 23:44:37,"Review","My Initial Thoughts on The FC 27 Gameplay!","Inception FC"
"PSDe1xhBpfU","Ugyjp6xgttbLVDFSbq14AaABAg","@maurybat8625","UCN9mNc2k3nPqQIL1c1x9lXQ","Offensive IA with smart running in the spaces and stupid defenders IA  staying without attempting to close or running behind the strikers goin into ??? That May be real football action??😅",1,"2026-09-19T23:38:04Z",0,2026-09-19 23:38:04,"Review","My Initial Thoughts on The FC 27 Gameplay!","Inception FC"
"PSDe1xhBpfU","UgxbcOKleQJa0QCyrnJ4AaABAg","@duppie2913","UCcJcUzjHWbv8ozjflRizcJg","W inception vid",0,"2026-09-19T23:05:37Z",0,2026-09-19 23:05:37,"Review","My Initial Thoughts on The FC 27 Gameplay!","Inception FC"
"PSDe1xhBpfU","UgyRiRtGtWfyxzI3_gR4AaABAg","@mayankpatel2288-l5i","UCOrh87HfCtHiqvzNBeRX9Ag","Thankyou Inception for everything you have done for this community. You are the goat man. I love you.",1,"2026-09-19T22:57:55Z",0,2026-09-19 22:57:55,"Review","My Initial Thoughts on The FC 27 Gameplay!","Inception FC"
"PSDe1xhBpfU","UgxCMTZZACW2PWMbBfl4AaABAg","@Cypher652","UCnCXU2fH5aJ-ykOpoP70dEg","What are these 4312 tactics?",0,"2026-09-19T22:37:16Z",0,2026-09-19 22:37:16,"Review","My Initial Thoughts on The FC 27 Gameplay!","Inception FC"
"PSDe1xhBpfU","Ugxnl9yHS0yDTHFvIX94AaABAg","@HaxbyHaxby","UCF5-N2Ocyvh67qsQt0hcbNw","Everyone of you paid for a update what they named it fc27 😂 but just remember one thing the 1st patch will be free but you will have another new version of it 😂",0,"2026-09-19T22:19:04Z",0,2026-09-19 22:19:04,"Review","My Initial Thoughts on The FC 27 Gameplay!","Inception FC"
"PSDe1xhBpfU","Ugx0TpdiHDB9Ugfbqph4AaABAg","@ThisIsObyno","UCMx0TiUn6qCnHHG6_14omrg","Just waiting patiently for the patch.😂😂😂",0,"2026-09-19T21:57:53Z",0,2026-09-19 21:57:53,"Review","My Initial Thoughts on The FC 27 Gameplay!","Inception FC"
"PSDe1xhBpfU","UgzOg11elg6c3sdBNxJ4AaABAg","@ProsperYT","UCDGrA8FsenCDX3vJijB9eNA","Ping Pong 27",9,"2026-09-19T21:44:59Z",0,2026-09-19 21:44:59,"Review","My Initial Thoughts on The FC 27 Gameplay!","Inception FC"
"PSDe1xhBpfU","Ugwb3sZ9I92UfkiJZCZ4AaABAg","@mobsteru","UCOdXOVJq49lsBShLEqtmJBw","the GOAT is back! you are the ONE! keep the good work! ⚫☝",0,"2026-09-19T21:18:54Z",0,2026-09-19 21:18:54,"Review","My Initial Thoughts on The FC 27 Gameplay!","Inception FC"
"PSDe1xhBpfU","UgyozWGPmRUzMux0usJ4AaABAg","@GraizenBrann","UCWmVsgd78YgKLzB4vD8yt_A","L2 trapball L1 trigger runners L1 Triangle 27.",2,"2026-09-19T21:18:31Z",0,2026-09-19 21:18:31,"Review","My Initial Thoughts on The FC 27 Gameplay!","Inception FC"
"PSDe1xhBpfU","Ugy6ffnuPctpHWxkC8p4AaABAg","@Bodomrick","UCrwdxfd3aFXeQwbWEFoP0Mg","Shit gameplay attacking or defending, players are braindead",1,"2026-09-19T21:07:26Z",0,2026-09-19 21:07:26,"Review","My Initial Thoughts on The FC 27 Gameplay!","Inception FC"
"PSDe1xhBpfU","UgzJAu5qb2uHv5Yrsex4AaABAg","@mehdi.9307","UCbdAfmvQ6XmF0of0FPNEbpA","First time I see someone boot up another game live up during an analysis of ANOTHER game to PROVE his words",5,"2026-09-19T21:00:41Z",0,2026-09-19 21:00:41,"Review","My Initial Thoughts on The FC 27 Gameplay!","Inception FC"
"PSDe1xhBpfU","UgzSVZRxPTvSh0ZlCsR4AaABAg","@anderschristensen2717","UCMEPb5S_vNVA5V4tLQpoQYA","is he mentally ill?",0,"2026-09-19T20:58:44Z",0,2026-09-19 20:58:44,"Review","My Initial Thoughts on The FC 27 Gameplay!","Inception FC"
"PSDe1xhBpfU","UgwGikZViI2jgwP0NkN4AaABAg","@aran7teen","UCy7faDbNcEk-IiGpW83K-qw","If efootball had a yearly reset, so everyone went back to an equal playing field, it’d be clear of fifa.",4,"2026-09-19T20:51:22Z",0,2026-09-19 20:51:22,"Review","My Initial Thoughts on The FC 27 Gameplay!","Inception FC"
"PSDe1xhBpfU","UgzQDphjnGIYnO5PIOl4AaABAg","@hamzabenkhaldoun","UCXYPlz-UcAv0QjfsyygY4zA","31:51 chefs kiss . So beautiful",1,"2026-09-19T20:44:57Z",0,2026-09-19 20:44:57,"Review","My Initial Thoughts on The FC 27 Gameplay!","Inception FC"
"PSDe1xhBpfU","UgxfrNtJxulY9I6A5b94AaABAg","@francisrammalo5082","UCnAhcHoavb6GfmxlTaz5o2g","The EA senses were tingling",0,"2026-09-19T20:44:50Z",0,2026-09-19 20:44:50,"Review","My Initial Thoughts on The FC 27 Gameplay!","Inception FC"
"PSDe1xhBpfU","UgwCqvv3vgSuKKIFM0R4AaABAg","@ricardogoes6559","UCgVAj1nfOcPssmUetyJvrXg","Quick?????????",0,"2026-09-19T20:43:13Z",0,2026-09-19 20:43:13,"Review","My Initial Thoughts on The FC 27 Gameplay!","Inception FC"
"PSDe1xhBpfU","UgxdN2lj33pY-9MfAwF4AaABAg","@Alias248","UCllK6Z9LPjnLYf-W4c8VjdQ","I want my money back",4,"2026-09-19T20:39:45Z",0,2026-09-19 20:39:45,"Review","My Initial Thoughts on The FC 27 Gameplay!","Inception FC"
"PSDe1xhBpfU","UgxXlybyLjI-nLwylLF4AaABAg","@privatepile64sir","UCa4Uromr6Jl2hOU_GZ8yOgw","Ive had to turn off.....listening to u say how the game would be better without LBC and now quick counter aswell😂 all because you struggle against them. Possession is literally LBCs kryptonite. Also you can play Possession football with LBC, just like you can play counter attacking football with possession......one touch spamming pass goals are brain rot.....you're so self absorbed you think only your opinion matters. Please leave efootball alone, you've complained about fc for years and influenced its deterioration.",1,"2026-09-19T20:18:33Z",1,2026-09-19 20:18:33,"Review","My Initial Thoughts on The FC 27 Gameplay!","Inception FC"
"PSDe1xhBpfU","Ugz-hNUQfIXrShxiJGl4AaABAg","@jonahraposo2906","UCjhvEreoXql5kAKlKjSf3IQ","Santa Clara???? I didn’t know u were azorean",0,"2026-09-19T20:14:16Z",0,2026-09-19 20:14:16,"Review","My Initial Thoughts on The FC 27 Gameplay!","Inception FC"
"PSDe1xhBpfU","UgxE_ONOvTmzUQs0vpZ4AaABAg","@Tyroneforest11","UCvDBVkcU8Mb8I6mroxC_aJA","I got 13 minutes into this video and had to stop. Because I realised the next 55 minutes was just going to be a pointless annoying rant without anything useful. Hard to listen to this.😢 😢",1,"2026-09-19T20:11:39Z",0,2026-09-19 20:11:39,"Review","My Initial Thoughts on The FC 27 Gameplay!","Inception FC"
"PSDe1xhBpfU","Ugy-8uBiilhwl-UnMuB4AaABAg","@DillonCody-f5c","UCbZui8yfGmaKdKae0Y1ixmQ","Just let me know when it is free so I can play career mode",0,"2026-09-19T20:04:40Z",0,2026-09-19 20:04:40,"Review","My Initial Thoughts on The FC 27 Gameplay!","Inception FC"
"PSDe1xhBpfU","UgyaX8_hHqHPUD4_f6R4AaABAg","@rizo9511","UCozbj5wN_T-OF9r9_fFAzgA","There's still people who play park the bus and run back with their CM .. istg",0,"2026-09-19T19:56:21Z",0,2026-09-19 19:56:21,"Review","My Initial Thoughts on The FC 27 Gameplay!","Inception FC"
"PSDe1xhBpfU","UgzM0Wgm2bmqV05SBkx4AaABAg","@D3NNIS96","UCTC1ElNv_tmuUrj-ii31EnQ","Du musst mit E Football zusammen arbeiten und denn mal helfen 🎉😮",1,"2026-09-19T19:47:48Z",0,2026-09-19 19:47:48,"Review","My Initial Thoughts on The FC 27 Gameplay!","Inception FC"
"PSDe1xhBpfU","Ugyd_SiiwSsTPo-23wZ4AaABAg","@MikeInniss","UC6PSSKQGTOOa7TbJlzlym1g","I do love the new manual defending but attacking feels the same",2,"2026-09-19T19:43:23Z",0,2026-09-19 19:43:23,"Review","My Initial Thoughts on The FC 27 Gameplay!","Inception FC"
"PSDe1xhBpfU","UgwTvnHx76qyRj1tcKh4AaABAg","@xodripatata694","UCjUyCplH37qEa3Q-JTw_Rag","watching you play efootball is so addicting icl bro",8,"2026-09-19T19:40:44Z",0,2026-09-19 19:40:44,"Review","My Initial Thoughts on The FC 27 Gameplay!","Inception FC"
"PSDe1xhBpfU","UgzVFn_FujKM2M3zubB4AaABAg","@typho6279","UCKWzAufXEzzBcO-XwCLFEaQ","I aspire to pass and have the vision like inception in GOALS.",0,"2026-09-19T19:18:31Z",0,2026-09-19 19:18:31,"Review","My Initial Thoughts on The FC 27 Gameplay!","Inception FC"
"PSDe1xhBpfU","Ugzn2LyYji62t8EGUfB4AaABAg","@beboasu","UCRDEYryatPAOm_YjrDEG-yQ","Is it good or not ? I don’t have time watching an hour long video",0,"2026-09-19T19:17:31Z",1,2026-09-19 19:17:31,"Review","My Initial Thoughts on The FC 27 Gameplay!","Inception FC"
"PSDe1xhBpfU","UgzO0XE6xC6b_yr5TFN4AaABAg","@abendigopeck6596","UC9voWZ_niOipi-fQlRkxvFg","Excellent analysis",1,"2026-09-19T19:15:47Z",0,2026-09-19 19:15:47,"Review","My Initial Thoughts on The FC 27 Gameplay!","Inception FC"
"PSDe1xhBpfU","UgyhJXi9hvhAXrs9xVh4AaABAg","@AdamAliAden","UCpmKRyS2Qm_3lVMWnW1AlSg","Efootball gameplay is more entertaining and enjoyable to watch!!",8,"2026-09-19T19:14:09Z",0,2026-09-19 19:14:09,"Review","My Initial Thoughts on The FC 27 Gameplay!","Inception FC"
"PSDe1xhBpfU","Ugw_lafAIiPljgMxb954AaABAg","@soul-878","UCKK_5jxkRDfTuFXNCOAmZNg","Another year I'm not playing this game, yet another year I'm tuning in to see Inception's rant about it",36,"2026-09-19T19:13:21Z",3,2026-09-19 19:13:21,"Review","My Initial Thoughts on The FC 27 Gameplay!","Inception FC"
"PSDe1xhBpfU","Ugx9Iz4q2hy9mZnNaCx4AaABAg","@fmjogajogador6648","UCiHkf2OdD5nN7sTZ66Zny-Q","He’s started smiling when he plays eFootball… bro is cooking.",78,"2026-09-19T19:06:37Z",0,2026-09-19 19:06:37,"Review","My Initial Thoughts on The FC 27 Gameplay!","Inception FC"
"PSDe1xhBpfU","Ugzh-yBh8aSRxQA5yyN4AaABAg","@1ManArmy4life","UCKBPYPuww-Tv2Ezfw4pHGxA","Bruh i cancelled this bs from my life rather play and watch my son play football than this fk boi game ain’t nothing changed but graphics they just fk yall over with OOO THIS YEAR THAT WHOPTI WHAPTI AINT SHIT HAPPENED NOR CHANGED SO NEVER AGAIN",0,"2026-09-19T18:59:55Z",0,2026-09-19 18:59:55,"Review","My Initial Thoughts on The FC 27 Gameplay!","Inception FC"
"PSDe1xhBpfU","UgzM0bH9YKK1DY7Vw-h4AaABAg","@michaelcrimp2308","UCi01hQOfniKJc8sByJkA8sQ","I’ve played every FIFA since 1993.
Totally agree with everything you have been saying for years mate",13,"2026-09-19T18:55:24Z",0,2026-09-19 18:55:24,"Review","My Initial Thoughts on The FC 27 Gameplay!","Inception FC"
"PSDe1xhBpfU","UgxfSR8xtzAwAKL_J2x4AaABAg","@Omar205-b3s","UCFE39GXHdREX3skAHQDy81A","Nah the passion is oozing from this video😭",8,"2026-09-19T18:52:06Z",0,2026-09-19 18:52:06,"Review","My Initial Thoughts on The FC 27 Gameplay!","Inception FC"
"PSDe1xhBpfU","Ugz_5qJbVAKf9D3oDVN4AaABAg","@TheAVboy1","UC_wtFo5nUHdz_Ot5c423i6Q","Bro your using your iq too much dumb it down next vid so ea can try to understand",1,"2026-09-19T18:50:24Z",0,2026-09-19 18:50:24,"Review","My Initial Thoughts on The FC 27 Gameplay!","Inception FC"
"PSDe1xhBpfU","Ugw4t63hHzV1N30jKbR4AaABAg","@vmax_bh1564","UCWEbJEE5mnx66ggtAzuldLg","Bro why don't you talk about pro clubs???????? It's a big shit there with their fucking ground things",0,"2026-09-19T18:46:52Z",0,2026-09-19 18:46:52,"Review","My Initial Thoughts on The FC 27 Gameplay!","Inception FC"
"PSDe1xhBpfU","UgykLXHjmYWqGRYabNN4AaABAg","@HEXAGON11","UCEl3XwLWiMlyubJa7AsyMQQ","I know that you won't see this comment but
I really hope that you sonehow get a studio and develop a real football game cuz you truly understand what a real football game suppose to be and what we football lovers want",2,"2026-09-19T18:46:26Z",0,2026-09-19 18:46:26,"Review","My Initial Thoughts on The FC 27 Gameplay!","Inception FC"
"PSDe1xhBpfU","UgwprcukVDLhaWaoJWB4AaABAg","@PrecisionzFPS","UCHjHEdK_FMlvw46ZE_OBrgA","my opinion has arrived",2,"2026-09-19T18:41:06Z",0,2026-09-19 18:41:06,"Review","My Initial Thoughts on The FC 27 Gameplay!","Inception FC"
"PSDe1xhBpfU","Ugw6xLzLmpUOdcYWmth4AaABAg","@diido-swagins687","UCfbzHYzd-DNCKRvkk7LJLvw","Its just a addiction game, it all sucks and it has sucked for years",11,"2026-09-19T18:39:25Z",0,2026-09-19 18:39:25,"Review","My Initial Thoughts on The FC 27 Gameplay!","Inception FC"
"PSDe1xhBpfU","UgzhDaHoMx7jHmF5K994AaABAg","@tolusaba","UCtNtCEDzxidsBxS1sJ34YqA","they'll fix it next year on fc28",6,"2026-09-19T18:35:32Z",1,2026-09-19 18:35:32,"Review","My Initial Thoughts on The FC 27 Gameplay!","Inception FC"
"PSDe1xhBpfU","UgyNoOb-zF_xlpimUmh4AaABAg","@Gymaddict91","UCDfqiXPGWdlrmMH1FmEaopw","Efootball's gameplay clears fc 26,27,28,29,30...",34,"2026-09-19T18:28:24Z",5,2026-09-19 18:28:24,"Review","My Initial Thoughts on The FC 27 Gameplay!","Inception FC"
"PSDe1xhBpfU","Ugx5M4EOGB3tpmAvKCl4AaABAg","@romrom960","UCkmSfN6hceWd5l1oJmhkhOQ","Nice stage !! I liked the White walls bedroom desk corner though 😜",3,"2026-09-19T18:27:39Z",0,2026-09-19 18:27:39,"Review","My Initial Thoughts on The FC 27 Gameplay!","Inception FC"
"PSDe1xhBpfU","UgxuFiNv7T2Tc4exJzd4AaABAg","@Definitely_Not_Angel","UC9uj1O9-18uw7TxDpYbvE2g","Goals 2.0 update feels better this",0,"2026-09-19T18:25:25Z",0,2026-09-19 18:25:25,"Review","My Initial Thoughts on The FC 27 Gameplay!","Inception FC"
"PSDe1xhBpfU","UgzZBLIF_UBDqbCdgm54AaABAg","@hogarth15","UC-79TPTXG8m47KZ_hxMWixw","Basically i'm just so bored of Fifa, only played 3hrs of the 10hr trial.",19,"2026-09-19T18:22:41Z",0,2026-09-19 18:22:41,"Review","My Initial Thoughts on The FC 27 Gameplay!","Inception FC"
"PSDe1xhBpfU","Ugx-bxKh7mw7lYXavSd4AaABAg","@Doomx9","UC0sLDx6c9PXsqzEZWyMQ5Iw","Here we go again, we will be there",0,"2026-09-19T18:18:13Z",0,2026-09-19 18:18:13,"Review","My Initial Thoughts on The FC 27 Gameplay!","Inception FC"
"PSDe1xhBpfU","Ugzejo4ATU6CyPAq1VR4AaABAg","@SaturnAscends26","UCH0yB0_v3_tonrpq4jEY3EQ","Inception is the definition of goofy",0,"2026-09-19T18:15:26Z",0,2026-09-19 18:15:26,"Review","My Initial Thoughts on The FC 27 Gameplay!","Inception FC"
"PSDe1xhBpfU","UgxY_nwpm2hSeXV02pl4AaABAg","@chinnish08","UC0UmZ5BweS0M7FzzKAa_ehw","A long winded Inception FC video, we back boys",24,"2026-09-19T18:11:58Z",0,2026-09-19 18:11:58,"Review","My Initial Thoughts on The FC 27 Gameplay!","Inception FC"
"PSDe1xhBpfU","Ugw1el-RR71S3u2mejB4AaABAg","@chancellorjoemay4177","UCTGnTjtNdnvg_XFfvkHx3zg","“Hey guys we’re gonna do a quick initial my thoughts” glance at the time, an hour long 😂😂😂😂😭😭 only inception",0,"2026-09-19T18:11:26Z",0,2026-09-19 18:11:26,"Review","My Initial Thoughts on The FC 27 Gameplay!","Inception FC"
"PSDe1xhBpfU","UgyJzoP-szfrB_ABHlV4AaABAg","@Adi20054","UCtDZEuRgmqVSAZ2pN_w1kkg","Can't you be on their gameplay team? (asking seriously)",5,"2026-09-19T18:09:08Z",4,2026-09-19 18:09:08,"Review","My Initial Thoughts on The FC 27 Gameplay!","Inception FC"
"PSDe1xhBpfU","Ugw21BgKONlCI6r6x9J4AaABAg","@efootballsiuuu","UCBg2AMaHoEylIna8n0nKJPg","I'm listening to the goat's lecture.. love it",7,"2026-09-19T17:55:26Z",0,2026-09-19 17:55:26,"Review","My Initial Thoughts on The FC 27 Gameplay!","Inception FC"
"PSDe1xhBpfU","UgzMLyGDLXtnaKzorkR4AaABAg","@chuckyaruss8606","UCy3yPanG316uuvM7v_U2-Tw","Game is still trash.",22,"2026-09-19T17:54:07Z",2,2026-09-19 17:54:07,"Review","My Initial Thoughts on The FC 27 Gameplay!","Inception FC"
"PSDe1xhBpfU","UgzwB8C38OpExHpx-sR4AaABAg","@imotionzz_14","UCn_kSpUHJVja8VD8JtpamjQ","If you’re trying to play football go outside and play football?",7,"2026-09-19T17:54:05Z",3,2026-09-19 17:54:05,"Review","My Initial Thoughts on The FC 27 Gameplay!","Inception FC"
"PSDe1xhBpfU","UgwDW2gK_WphmeRwLNl4AaABAg","@Babayvn","UCYuysQ0xkN5aoCYb5liAnDg","Efootball is calling",15,"2026-09-19T17:53:26Z",5,2026-09-19 17:53:26,"Review","My Initial Thoughts on The FC 27 Gameplay!","Inception FC"
"PSDe1xhBpfU","UgwJlZkHonl_H6ytHON4AaABAg","@mbappe-s8i","UCoaoKvPjC_xJ95LKJ4xNyNA","the game so shit that bro had to play another game in the video of fc😭😭😭",186,"2026-09-19T17:52:28Z",2,2026-09-19 17:52:28,"Review","My Initial Thoughts on The FC 27 Gameplay!","Inception FC"
"PSDe1xhBpfU","UgxpQJoOb4Cdt1YQ2Gx4AaABAg","@ImMrToasty","UChfzXr1qdsVXFAHClTxd2Rw","bro said quick lol",29,"2026-09-19T17:49:04Z",0,2026-09-19 17:49:04,"Review","My Initial Thoughts on The FC 27 Gameplay!","Inception FC"
"PSDe1xhBpfU","UgzvM3p8nHiseTjZh3h4AaABAg","@ringodeathstarr6070","UC_KLv-m2US4Kj23uBFgJv1w","Efootball feels like chess and EA FC feels like epilepsy episode.",120,"2026-09-19T17:42:29Z",4,2026-09-19 17:42:29,"Review","My Initial Thoughts on The FC 27 Gameplay!","Inception FC"
"PSDe1xhBpfU","UgxnqcnJlNBsmriMys14AaABAg","@Hlaviccc","UC7zs9G79R_tphqLe-KcB3_Q","Let’s be honest EA is never going to turn this into a proper football game. It’s been broken for years. They keep trying to patch things up but the whole thing is rotten at its core. This year gameplay does feel a bit fresher and I’ll give them that but I agree that 90% of the goals I concede look nothing like actual football. Players just sprint straight through my defence while pulling off insane skill moves. The game rewards people for randomly wiggling the right stick without even knowing what move is going to come out. Come on that’s not how football works.",74,"2026-09-19T17:41:58Z",7,2026-09-19 17:41:58,"Review","My Initial Thoughts on The FC 27 Gameplay!","Inception FC"
"PSDe1xhBpfU","UgzjV3IHzVhvEU40rRt4AaABAg","@alexissalinas2469","UCR17JmOe0-qvXDT0VoG8w7w","Im just glad you posted a Analysis video of the game Inception. Your the ONLY one so far keeping it real. Im on the fence of getting it, but this video helped and that gallery grind i find such a chore in Ultimate team.",98,"2026-09-19T17:28:37Z",5,2026-09-19 17:28:37,"Review","My Initial Thoughts on The FC 27 Gameplay!","Inception FC"
"PSDe1xhBpfU","Ugyhy8dkb0_qBe5x15N4AaABAg","@HPsyche3","UCXE5osXr27ktlZslrPLoumQ","OMFG 31:51 is disgusting! Under that ratty LBC pressure spamming? Didn't even take the first shot on goal which probably wouldn't have gone in, my word! God if only Konami would fix their game, scummy company",0,"2026-09-19T17:26:54Z",0,2026-09-19 17:26:54,"Review","My Initial Thoughts on The FC 27 Gameplay!","Inception FC"
"PSDe1xhBpfU","UgyhwcmIA_uw0c3cUwp4AaABAg","@michaelcampbell3607","UC584hZAgxwTKv4HZc6cBejA","Anyone have a fix for the passing/flick up glitch",0,"2026-09-19T17:24:02Z",2,2026-09-19 17:24:02,"Review","My Initial Thoughts on The FC 27 Gameplay!","Inception FC"
"PSDe1xhBpfU","UgyufHKK8RKf_r0D_LN4AaABAg","@MajestyFCB","UC_i2Wq1Jfxlnf6Sfg1L4qXQ","I expected an hour long FC rant video instead got to watch Pinception play pFootball 😂",1,"2026-09-19T17:20:18Z",0,2026-09-19 17:20:18,"Review","My Initial Thoughts on The FC 27 Gameplay!","Inception FC"
"PSDe1xhBpfU","UgwpNLQYfZ7hTwp4wgR4AaABAg","@elzee4253","UCdXvNKvMjrzxwLIwKvL04Kw","My game crashes during the match, whatever mode it is. I tried everything, so I've uninnstaled the damn thing.",0,"2026-09-19T17:17:42Z",0,2026-09-19 17:17:42,"Review","My Initial Thoughts on The FC 27 Gameplay!","Inception FC"
"PSDe1xhBpfU","UgxzI0pvhxDDpTM40A54AaABAg","@beamerj","UCHwGvuvyg1saWeFM4_j655g","Dogshit game. Its same as 26",35,"2026-09-19T17:12:07Z",1,2026-09-19 17:12:07,"Review","My Initial Thoughts on The FC 27 Gameplay!","Inception FC"
"PSDe1xhBpfU","Ugzvamy2G3BEvtyh64p4AaABAg","@Dagon003","UCVUw1z35j3LGjt3YrnH6ABQ","Hey, your discord link has expired please update thx",1,"2026-09-19T17:08:19Z",1,2026-09-19 17:08:19,"Review","My Initial Thoughts on The FC 27 Gameplay!","Inception FC"
"PSDe1xhBpfU","Ugx3CtT3hXDx3W2vyKt4AaABAg","@ZuraVT","UCEpHcIuTXAJDF3EQk234RJw","Wake up babe, another 1 hour Inception video....



I'm having better time playing older FIFAs, it also shows how far they downgraded.",4,"2026-09-19T17:01:02Z",0,2026-09-19 17:01:02,"Review","My Initial Thoughts on The FC 27 Gameplay!","Inception FC"
"PSDe1xhBpfU","Ugw43waeINGYL_thSMJ4AaABAg","@capruciuremus","UCiRAuVzDjItJDP8hWhIccjA","""quick 1h+ video""🐐",239,"2026-09-19T16:59:35Z",5,2026-09-19 16:59:35,"Review","My Initial Thoughts on The FC 27 Gameplay!","Inception FC"
"AoBvkZJHDrM","UgyqDtuwIENskOcEID94AaABAg","@machetegaming","UCQ1WJvAIO8xlp5imY1me-LQ","Get FC 27:
👉 https://www.gamivo.com/games/ea-sports-fc-27?glv=machete",0,"2026-09-18T15:59:59Z",0,2026-09-18 15:59:59,"Review","FC 27 First Gameplay Impressions - I Expected More, EA","Machete Gaming"
"AoBvkZJHDrM","UgyVoUqGoGnDbQL3_qh4AaABAg","@FJano12","UC0SNQ_Sh0mWySN1vq41Nh1A","No DLSS5?? No thanks.",0,"2026-09-21T09:58:13Z",0,2026-09-21 09:58:13,"Review","FC 27 First Gameplay Impressions - I Expected More, EA","Machete Gaming"
"AoBvkZJHDrM","UgzY4iuUx7qNrnYpSuV4AaABAg","@pznyznyx","UCRw29fgl8zan3hwza8TtzGw","Efootball..is.better..thn..this.shitty.game",0,"2026-09-21T09:48:38Z",0,2026-09-21 09:48:38,"Review","FC 27 First Gameplay Impressions - I Expected More, EA","Machete Gaming"
"AoBvkZJHDrM","UgyU66fpiU7SRRwAUcd4AaABAg","@juice_wrld3386","UCT9Dmz4aSzPFFOs0Z5oct3A","Still playing FIFA 19❤.. I have so much fun with that than these FC titles 😊.. the skating drills pisses me off😂😂",0,"2026-09-21T09:25:02Z",0,2026-09-21 09:25:02,"Review","FC 27 First Gameplay Impressions - I Expected More, EA","Machete Gaming"
"AoBvkZJHDrM","UgziZ-h51NzXEg3Dx8R4AaABAg","@liphatbass5985","UCGlcZOKhVdV8ryJNX1xE8UA","What are your camera settings",0,"2026-09-21T06:33:31Z",0,2026-09-21 06:33:31,"Review","FC 27 First Gameplay Impressions - I Expected More, EA","Machete Gaming"
"AoBvkZJHDrM","UgyZs-8uX8IjWlwx0l94AaABAg","@azneric","UCPZS0FpDG8TO7MfrtrtObyA","I will wait for my each season UML and Virtual red. With pes 2021. Always better.",0,"2026-09-20T22:56:44Z",0,2026-09-20 22:56:44,"Review","FC 27 First Gameplay Impressions - I Expected More, EA","Machete Gaming"
"AoBvkZJHDrM","UgzTLjsvcsc7PubRNGR4AaABAg","@signoutt755","UCDBOBIZbpJUucfyQGYhM3aA","i downloaded all the files of Smokepatch football Life 2026 best decision i've ever made",0,"2026-09-20T21:17:58Z",0,2026-09-20 21:17:58,"Review","FC 27 First Gameplay Impressions - I Expected More, EA","Machete Gaming"
"AoBvkZJHDrM","UgyRSDJYC5ImcOrieDd4AaABAg","@Outerheaven1993","UCsI4qmSg_YqGJobrrcMRL3A","Mobile game",0,"2026-09-20T21:17:43Z",0,2026-09-20 21:17:43,"Review","FC 27 First Gameplay Impressions - I Expected More, EA","Machete Gaming"
"AoBvkZJHDrM","UgxGwV4mra5bLerUZxR4AaABAg","@Bezito-123","UCe-IQG2V0p7AoeP1fG9iFmg","ping-pong passing, 360 turning and backpassing, ice skating, ball is a magnet to the foot, ball is never a free element, players are not dribbling but dragging the ball, players run with a bent back like quizimodo lol.. do i need to continue?",1,"2026-09-20T17:11:15Z",0,2026-09-20 17:11:15,"Review","FC 27 First Gameplay Impressions - I Expected More, EA","Machete Gaming"
"AoBvkZJHDrM","UgxNkJCboIJfzbd_HKp4AaABAg","@bitcoyn","UCyE2NHsP5H_decHzdMOlNSQ","year after year the same old game 💯 nice try EA",0,"2026-09-20T15:06:53Z",0,2026-09-20 15:06:53,"Review","FC 27 First Gameplay Impressions - I Expected More, EA","Machete Gaming"
"AoBvkZJHDrM","UgzUxMKQ7Cuup8O6lTV4AaABAg","@daysleeper44","UCnp6iBFqBx5CERT0VKGe1Ag","The gameplay looks bad, the animations look bad. It doesn’t resemble a football match in any way and I don’t even feel the need to try it.",0,"2026-09-20T15:01:26Z",0,2026-09-20 15:01:26,"Review","FC 27 First Gameplay Impressions - I Expected More, EA","Machete Gaming"
"AoBvkZJHDrM","UgwOT-l7fSZUj6HrgxB4AaABAg","@nipunjamewar8731","UCqdmRzqSsc96TFzKZ44L93Q","Ever since EA added AcceleRATE in FIFA 23, the dribbling feels like you are ice-skating and the passing feels like you are playing ping-pong.

AcceleRATE isn't in the PS4/XboxOne version of FIFA 23-FC 27, so if you want to experience FC 27 with FIFA 22's gameplay, check out the PS4/XboxOne version.",1,"2026-09-20T14:03:49Z",0,2026-09-20 14:03:49,"Review","FC 27 First Gameplay Impressions - I Expected More, EA","Machete Gaming"
"AoBvkZJHDrM","UgwF-ne2XRd0QgmaGJt4AaABAg","@agerestriction5888","UCUnhKMyV6FcbNg4oSdvmdtA","football life with mods still the best.",0,"2026-09-20T13:44:56Z",0,2026-09-20 13:44:56,"Review","FC 27 First Gameplay Impressions - I Expected More, EA","Machete Gaming"
"AoBvkZJHDrM","UgyaE_tH7JJU4FIfZPl4AaABAg","@Rshj-v2j","UCgrkXeWAvqWMzPooxXn1flg","Bro plz continue your master league series of classic patches pes 21",0,"2026-09-20T13:35:09Z",0,2026-09-20 13:35:09,"Review","FC 27 First Gameplay Impressions - I Expected More, EA","Machete Gaming"
"AoBvkZJHDrM","Ugyp6Rg_roH4eV0fQEV4AaABAg","@gamerparuhwaktu","UCmYuPT-U1BYKzRZW5Sae5ZQ","1 thing that I love from FIFA/EA FC is slider settings. Its awesome feature.",1,"2026-09-20T09:13:40Z",0,2026-09-20 09:13:40,"Review","FC 27 First Gameplay Impressions - I Expected More, EA","Machete Gaming"
"AoBvkZJHDrM","UgxM2E0yFqUkE0C2bAN4AaABAg","@Kitcho771","UCkTrRj-_eZzePJZdl4d1DWQ","The game has had many changes. The AI actually shoots, passes, and marks. The aggressive AI is good because you need to think instead of just using through balls. I adjusted the cross height and shooting speed for finesse shots. I use manual shooting, crossing, and long balls. I do not like the corners at all.",0,"2026-09-20T08:53:21Z",0,2026-09-20 08:53:21,"Review","FC 27 First Gameplay Impressions - I Expected More, EA","Machete Gaming"
"AoBvkZJHDrM","UgwwLkh2cDdbaejZiI14AaABAg","@kbaldeo","UCpXd7CBPRqr_dticYunMrcA","You expected more? From EA? 😂😂",0,"2026-09-20T04:47:50Z",0,2026-09-20 04:47:50,"Review","FC 27 First Gameplay Impressions - I Expected More, EA","Machete Gaming"
"AoBvkZJHDrM","Ugy1PfIjG-J4t6B1RAp4AaABAg","@simondickinson2466","UCogxMR-AdjPf70j_nYetSBA","its shit played for a few hours and now trying to get a refund its terrible just like the last god knows how many the players have all had spinal surgery",0,"2026-09-19T20:33:30Z",0,2026-09-19 20:33:30,"Review","FC 27 First Gameplay Impressions - I Expected More, EA","Machete Gaming"
"AoBvkZJHDrM","Ugx5DbSUPpPXUPvLDyF4AaABAg","@DTDA84","UCue7iDjQDz66iCpXLgsu2yw","Gameplay Advisors

Dribbling: Wayne Gretzky
Skill Realism: Kerlon
Passing:  Stephen Hawking
Defending: Harvey Price",0,"2026-09-19T20:26:37Z",0,2026-09-19 20:26:37,"Review","FC 27 First Gameplay Impressions - I Expected More, EA","Machete Gaming"
"AoBvkZJHDrM","Ugz0qEhgQIPN8TLS_GJ4AaABAg","@tomjaz1","UCdXYfNCcQt6hevKmk3U_dMw","I’m still very critical of EAFC, but the fact is they’ve kept the game going for years thanks to the masses who buy it without caring about good gameplay, and because of their monopoly on exclusive leagues and clubs—since it features all the licensed teams... They couldn't care less about gameplay; nothing is going to change. I’m hoping 2K will step in and offer something truly new and fresh with good gameplay.

I see plenty of reasons why I haven't bought the game in years. The ball physics are a disaster (it feels completely weightless), while the players move and run like robots, and the first touch is highly unrealistic. Another major issue is that the community isn't critical enough of EA FC. Many players overlook the flaws entirely, and even those who try to criticize the game don't go far enough, still insisting it ""isn't that bad."" The only person who was ever truly honest and critical about football games was the YouTuber The True Brits",1,"2026-09-19T16:37:39Z",0,2026-09-19 16:37:39,"Review","FC 27 First Gameplay Impressions - I Expected More, EA","Machete Gaming"
"AoBvkZJHDrM","UgxqmR6a-9_MOiUf1Sh4AaABAg","@Tholix-gn3yh","UCsaXiG2TOx_2p-gf01Fcmug","I adjusted the sliders to suit my preferences, and the game plays amazingly. I don’t know why people like to complain so much.😊",0,"2026-09-19T16:33:58Z",0,2026-09-19 16:33:58,"Review","FC 27 First Gameplay Impressions - I Expected More, EA","Machete Gaming"
"AoBvkZJHDrM","UgzMVoSP8DH0BdxRk714AaABAg","@Vuyosaysomethin","UC5ZVeheyLsknR09pV23XFhQ","Player movement still cheeks",0,"2026-09-19T14:18:17Z",0,2026-09-19 14:18:17,"Review","FC 27 First Gameplay Impressions - I Expected More, EA","Machete Gaming"
"AoBvkZJHDrM","UgzZv2ypk6L9ymYndjp4AaABAg","@zendafrufro","UCloNe8xm2J3JwEshRPPlzuQ","I'm definitely not buying this",0,"2026-09-19T13:50:55Z",0,2026-09-19 13:50:55,"Review","FC 27 First Gameplay Impressions - I Expected More, EA","Machete Gaming"
"AoBvkZJHDrM","Ugw7NP2DIXJEjFo63HB4AaABAg","@M...Adonis_racing","UCj9Ml-CmRFvgk5laVNcI-Vg","EA TAKES ADVANTAGE OF SPORTING FANS EVERY TIME THEY TRY TO RELEASE A NEW GAME YEARLY. All they have to do is take the time to develop something proper. Shit game every year",0,"2026-09-19T12:40:57Z",0,2026-09-19 12:40:57,"Review","FC 27 First Gameplay Impressions - I Expected More, EA","Machete Gaming"
"AoBvkZJHDrM","UgwSBwUh3AjHJ_9KyPx4AaABAg","@Andy_J_UK","UCVk0yo-OK3hsK3xUIf935hg","I don't know how it feels but it looks like the usual weird bendy-leg slide fest from the soulless developers at EA.  It's like the players aren't even grounded onto the pitch, plus the balls physics still look floaty and off.  FIFA 10 is better than this ffs",1,"2026-09-19T11:53:20Z",0,2026-09-19 11:53:20,"Review","FC 27 First Gameplay Impressions - I Expected More, EA","Machete Gaming"
"AoBvkZJHDrM","UgwYQurB_usFqinoBCB4AaABAg","@KaanKarabacak86","UCvC1mErSfTHzalr5rmC_fQw","Is this on PC?",0,"2026-09-19T11:40:42Z",0,2026-09-19 11:40:42,"Review","FC 27 First Gameplay Impressions - I Expected More, EA","Machete Gaming"
"AoBvkZJHDrM","UgwpJr2-28Edzbq27St4AaABAg","@НеИгровой_Канал","UC1DQeNifVPzOI3FPmdi9uyg","5:45 Are you joking? ) Analyze your clip from 2:45 - it's crazy how stupid your AI opponent AI defense. It's like give-in game (I don't know how to say in in English) - every f. step, every move.. Like the game wants you to have no problems to score. :) Analyze every defender runs, lost positions. Absolutely nonsense decisions.",0,"2026-09-19T11:35:21Z",0,2026-09-19 11:35:21,"Review","FC 27 First Gameplay Impressions - I Expected More, EA","Machete Gaming"
"AoBvkZJHDrM","UgwKzDU-OkazqdoPUnd4AaABAg","@jacksparrow15004","UCcHM2RqQZH6-ymB6F39rzaA","Fc 27 career mode is good enough with new features of bidding rather directly buying. The transfer negotiations are realistic. The AI tackles are more realistic. Gameplay is more or less same as fc 26. Just the AI opponent now show much higher defensive awareness and positioning. In career mode player OVR changes very realistically. In previous FC games the career mode player OVR below age 30 always increases. But in this case that doesn't happens. The dynamic OVR is very nice and very realistic. Career mode simulation is also very realistic.",0,"2026-09-19T09:49:59Z",0,2026-09-19 09:49:59,"Review","FC 27 First Gameplay Impressions - I Expected More, EA","Machete Gaming"
"AoBvkZJHDrM","Ugym_D7IX1sUf7YSzWF4AaABAg","@Romano_onamoR","UCvR9INhOq_b--ym4sc6QSag","New sliders is cool, but at the same time that means it's even more to the player to create the difficulty and the gameplay. We pay them to have to make everything for them. Imagine paying $150 for FC26 1.5 where you have to make your own gameplay and difficulty",1,"2026-09-19T09:23:13Z",0,2026-09-19 09:23:13,"Review","FC 27 First Gameplay Impressions - I Expected More, EA","Machete Gaming"
"AoBvkZJHDrM","Ugy2ikir9CCpPpBbWj94AaABAg","@6eamz","UCImzDkz2VUuP47jwEDuF4pg","Thank you for your honest review. My frustration with fc26 game was the CPU team defenders were so aggressive when they want to win the ball back, yet when I put tactics to press high and want to aggressively win the ball back, my team CPU just stand around leaving a lot of spaces.
They don't understand that we can only control 1 player at a time, and even if we switch, leaving the player tight to the opponent, the CPU decides to just go back to sleep and open the space again",0,"2026-09-19T09:09:06Z",1,2026-09-19 09:09:06,"Review","FC 27 First Gameplay Impressions - I Expected More, EA","Machete Gaming"
"AoBvkZJHDrM","UgxW9RJovIbKXGHNeCt4AaABAg","@vazman-vaz","UC9M-Q_IVfG7tTQ8yjg5jK6w","Fc 27 that's the only new thing",0,"2026-09-19T08:32:21Z",0,2026-09-19 08:32:21,"Review","FC 27 First Gameplay Impressions - I Expected More, EA","Machete Gaming"
"AoBvkZJHDrM","Ugz8_k2l5M68adpy8mp4AaABAg","@vayD91","UCWp60M8DYSERvy442-JPXOg","I love the fact that a.i defending is not a thing anymore... lets see how long it last this year 😂 I'll give it 4 week before they mess it up!!!",0,"2026-09-19T08:05:44Z",0,2026-09-19 08:05:44,"Review","FC 27 First Gameplay Impressions - I Expected More, EA","Machete Gaming"
"AoBvkZJHDrM","UgwAY10-eaEbVZuu92B4AaABAg","@tomgrude353","UCgsvHa9k4wVrwCA-vUZmfuA","The players looks so animated 😂",1,"2026-09-19T07:54:48Z",0,2026-09-19 07:54:48,"Review","FC 27 First Gameplay Impressions - I Expected More, EA","Machete Gaming"
"AoBvkZJHDrM","UgxeeQwAUUxxEf2o6IR4AaABAg","@tomgrude353","UCgsvHa9k4wVrwCA-vUZmfuA","Same shit as last year",0,"2026-09-19T07:50:16Z",0,2026-09-19 07:50:16,"Review","FC 27 First Gameplay Impressions - I Expected More, EA","Machete Gaming"
"AoBvkZJHDrM","UgzyIz4Fypv7Nk-rNE94AaABAg","@LONEMAN_ROYAL","UCZL4LNZU3D8qeu2of-TzC7Q","nah im not buying FC ever since FIFA 23. its not worth. I am still playing LAST gen FIFAs on PS3, PS4 and PC
FIFA 23, 22, 21, 20, 18, 17, 16, 15 and 14 on PS4
14 Last Gen, 13, 12, 11 and South Africa 2010 on PS3
Classic Patch 14, Classic Patch 16, 17 with msf (modded squad file), 18 with msf and 19 with msf on PC
they all are much better than modern FC series on next gen",0,"2026-09-19T07:38:40Z",0,2026-09-19 07:38:40,"Review","FC 27 First Gameplay Impressions - I Expected More, EA","Machete Gaming"
"AoBvkZJHDrM","UgwvtooL2bJn6WaCxkd4AaABAg","@craig-w3j5k","UCVporA_OmKyiHlo3T1F6CMQ","Im so sick of these 10 year old Animations",0,"2026-09-19T07:35:16Z",0,2026-09-19 07:35:16,"Review","FC 27 First Gameplay Impressions - I Expected More, EA","Machete Gaming"
"AoBvkZJHDrM","UgxxNcW5AWRXzxl30IJ4AaABAg","@LONEMAN_ROYAL","UCZL4LNZU3D8qeu2of-TzC7Q","so yeah its just FC 26.1, just like how 26 was FC 25.1, like 25 was FC 24.1, and 24 was FIFA 23.1 :) i dont see much of an improve since FIFA 23 on next gen.
even last gen games played much better",0,"2026-09-19T07:34:01Z",0,2026-09-19 07:34:01,"Review","FC 27 First Gameplay Impressions - I Expected More, EA","Machete Gaming"
"AoBvkZJHDrM","Ugzinwl5v_4n_1dZ1EB4AaABAg","@Asdasdasdrj","UC10YxjtMpa-NEiXWgECmbzw","Dzieki. Przekonałeś mnie żeby sobie odpuścić kupno, przynajmniej teraz, na premiere🙏",0,"2026-09-19T04:50:23Z",0,2026-09-19 04:50:23,"Review","FC 27 First Gameplay Impressions - I Expected More, EA","Machete Gaming"
"AoBvkZJHDrM","UgzHrtZwldmjsYIeveJ4AaABAg","@Bdhhwhdhe","UCAKaML_9mfs9Iy1FSLnYAFQ","No problem with anybody who plays or enjoys FC 27—I don’t hate the game. It’s a good game, but for me personally, it just doesn’t feel worth buying right now. I’ll stick with FC 25 or FC 26.

To me, it feels like they changed some kits, the cover, and a few settings, then marketed it heavily and brought YouTubers in to promote it. The actual football still looks very similar to the older games. That’s just my opinion though—if you enjoy FC 27, no problem. 👍🏽 1:39",2,"2026-09-19T04:07:13Z",0,2026-09-19 04:07:13,"Review","FC 27 First Gameplay Impressions - I Expected More, EA","Machete Gaming"
"AoBvkZJHDrM","UgxihlSd_Q3NddXiy7V4AaABAg","@davidpinto1195","UCedYOHfvgTVTeoJ5PnC3C6g","We are basically paying for only updated squads",0,"2026-09-19T02:56:39Z",1,2026-09-19 02:56:39,"Review","FC 27 First Gameplay Impressions - I Expected More, EA","Machete Gaming"
"AoBvkZJHDrM","UgwdQlxjlTGFzQa0OXp4AaABAg","@ESMorg","UCKDHCULA2Uipi9jssOFSCAA","One thing I’ve learned about these sports games these days. Always wait for the sale a couple months later. They ALWAYS go on sale these days",13,"2026-09-19T01:55:02Z",2,2026-09-19 01:55:02,"Review","FC 27 First Gameplay Impressions - I Expected More, EA","Machete Gaming"
"AoBvkZJHDrM","Ugx6qA1RyTyxuBN6LTx4AaABAg","@EmmanuelAminchi","UC05zn83-VCklynb_EYSQDvg","One thing I hate about FC is the player movement. As a person who's played pes all my life. It hurts my eyes 😭",25,"2026-09-19T00:05:10Z",3,2026-09-19 00:05:10,"Review","FC 27 First Gameplay Impressions - I Expected More, EA","Machete Gaming"
"AoBvkZJHDrM","UgzEj6sm298SYqBcrWR4AaABAg","@alexiao73th","UCeomuhuBoh68HqOMLw4Hv3Q","I took 30 seconds of GP to see also this new FC, year after year, is stil the usual arcade game, FL 26 is another world",0,"2026-09-18T23:48:25Z",0,2026-09-18 23:48:25,"Review","FC 27 First Gameplay Impressions - I Expected More, EA","Machete Gaming"
"AoBvkZJHDrM","UgyuXl8DqRa1XuUhGDF4AaABAg","@d.i.yairsoft6836","UC4AlE91rgYJlnayFbMrP5Mg","You have to hold r1 an L1 anthem through all button to activate curved runs",0,"2026-09-18T23:17:40Z",0,2026-09-18 23:17:40,"Review","FC 27 First Gameplay Impressions - I Expected More, EA","Machete Gaming"
"AoBvkZJHDrM","UgwvCV40mcaitiLpq_54AaABAg","@comment15","UCrT5z4Kbz-V_XGDt1nHhjPg","Making you manually adjust an entire game for yourself just so it plays right - and you say you like that, lol",1,"2026-09-18T22:58:54Z",0,2026-09-18 22:58:54,"Review","FC 27 First Gameplay Impressions - I Expected More, EA","Machete Gaming"
"AoBvkZJHDrM","Ugz4FFbDmzXTmtUwDTp4AaABAg","@dohc_au","UC8E51SQUdkd5mYCdI9tAoVQ","I hate everything about this, it doesnt look like a tv broadcast. It looks like a failing developers pathetic attempt, at a franchise they have no idea how to make successful again. Ill wait for 2Ks version, I cant tell you how bad this looks fr. Fucking update indeed.",0,"2026-09-18T21:42:04Z",0,2026-09-18 21:42:04,"Review","FC 27 First Gameplay Impressions - I Expected More, EA","Machete Gaming"
"AoBvkZJHDrM","Ugze8FxFfmCtxCiXlxh4AaABAg","@Pateltabuu1991","UCc7GlBIWFBhxfkla6CCjnDQ","Copy and paste game",0,"2026-09-18T21:41:59Z",0,2026-09-18 21:41:59,"Review","FC 27 First Gameplay Impressions - I Expected More, EA","Machete Gaming"
"AoBvkZJHDrM","Ugz6LiwCkbUtBtkaUnN4AaABAg","@kylebewley7790","UCGlguVbLVeNpfWkqcBaHptQ","RIP fifa ❤",1,"2026-09-18T21:39:50Z",0,2026-09-18 21:39:50,"Review","FC 27 First Gameplay Impressions - I Expected More, EA","Machete Gaming"
"AoBvkZJHDrM","UgwChn5--RmMOz4UtHJ4AaABAg","@dohc_au","UC8E51SQUdkd5mYCdI9tAoVQ","NGL this looks dull, and boring. Hate to be a broken record, but we will never get the masterpeices of the past, im gonna stick with fifa 16. This NHL engine bullshit is so fucking unrealistic, like kicking around a beach all with a bunch of geriatrics with crooked backs (ie, cos its an ice skating engine, not football ._. )",0,"2026-09-18T21:38:13Z",0,2026-09-18 21:38:13,"Review","FC 27 First Gameplay Impressions - I Expected More, EA","Machete Gaming"
"AoBvkZJHDrM","Ugz2Kiqpb6pywRV6jkp4AaABAg","@dohc_au","UC8E51SQUdkd5mYCdI9tAoVQ","Lmao. Title has me cancelling the download, tyyyyy",0,"2026-09-18T21:35:05Z",0,2026-09-18 21:35:05,"Review","FC 27 First Gameplay Impressions - I Expected More, EA","Machete Gaming"
"AoBvkZJHDrM","UgzyK8FLhJP0L3BlBJx4AaABAg","@kucingganteng3148","UCelM01z5Ft5cz7Jryrn4fTA","FC 26 + more yellow = FC 27",2,"2026-09-18T21:28:04Z",2,2026-09-18 21:28:04,"Review","FC 27 First Gameplay Impressions - I Expected More, EA","Machete Gaming"
"AoBvkZJHDrM","UgznBuUBLt8hC1Ijtfl4AaABAg","@Brynica","UCn691lQn4ShkmfcWC2-H6jQ","Because it is, They just selling you the same game but with higher number in the title much more expensive",0,"2026-09-18T21:22:21Z",0,2026-09-18 21:22:21,"Review","FC 27 First Gameplay Impressions - I Expected More, EA","Machete Gaming"
"AoBvkZJHDrM","UgzrGjHs2THIMjtAbtB4AaABAg","@ronyomar100","UCeuzvBbvGpkA4mqSj5e8o6Q","The FC 27 game looks Compared to SP Football Life 26 ,  like a mobile game 😂",0,"2026-09-18T21:07:01Z",0,2026-09-18 21:07:01,"Review","FC 27 First Gameplay Impressions - I Expected More, EA","Machete Gaming"
"AoBvkZJHDrM","UgyVzaBdI_DvOWsrPN14AaABAg","@gabrielsistonamoca6963","UC6DrhmgroMXAkOc2eOPsEfQ","the UI is awful in my opinion, the players face model looks like half-bake bread with googly eyes attached to it.",0,"2026-09-18T21:04:58Z",0,2026-09-18 21:04:58,"Review","FC 27 First Gameplay Impressions - I Expected More, EA","Machete Gaming"
"AoBvkZJHDrM","Ugw7lWBjOz5QzxiaGIp4AaABAg","@Rayven2711","UC5-NE0Lk0N3J2Td5XY6CVMQ","After playing FC 27 for about 6hrs today I can confidently say it really does not feel like FC 26, atleast offline. On higher difficulties CPU Aggression is overtuned, they close gaps immediatelly, press and sprint nonstop and can hold you hostage in your own half by running you to death...
Never had this happen to me once in 1.300hrs of offline FC 26 gameplay.

I'd call offline gameplay broken as of now, atlea0st in career mode until sliders make the gameplay atleast somewhat resemble football.",1,"2026-09-18T20:26:52Z",2,2026-09-18 20:26:52,"Review","FC 27 First Gameplay Impressions - I Expected More, EA","Machete Gaming"
"AoBvkZJHDrM","UgxpskJz6IZ_WvG8dBl4AaABAg","@typho6279","UCKWzAufXEzzBcO-XwCLFEaQ","It's funny how you are the only one, except for me, who are able to see that playing the CPU is completely pointless, as it plays like a supercomputer. It reads your gamepad, 0.00001 reaction times, makes no mistakes,  pings the ball around your team regardless of how horrible the passing stats are, and a deadly first time shot that is glued into the top corner, and you could do nothing for  5 minutes as you watch the play unfold. You either play online, or don't play at all in this game.",1,"2026-09-18T20:26:12Z",0,2026-09-18 20:26:12,"Review","FC 27 First Gameplay Impressions - I Expected More, EA","Machete Gaming"
"AoBvkZJHDrM","Ugz-PH6qZc9k10W3ZuB4AaABAg","@yosz9746","UCOQVqEtEX6d0sNAq3n6ZNBw","I honestly just play player career and if you're telling me it's pretty much the same as last year and we're locked to only be able to transfer and the end of every season then screw this this year I'm fully done with fifa, then again I'll still get it for free because of ea play pro but yhea",0,"2026-09-18T20:21:27Z",0,2026-09-18 20:21:27,"Review","FC 27 First Gameplay Impressions - I Expected More, EA","Machete Gaming"
"AoBvkZJHDrM","UgzEySr5ivdISbXKhYN4AaABAg","@Longlostpuss","UCLtKAg0YY09i3CB1wTfI5FQ","It's literally the same game with the parameters changed a bit.

If you want to see how its structured, there are specific FIFA modding tools you can use to get to the metal of the game.

They've literally moved a few parameter values about and said ""That 'll be $60 please"".",4,"2026-09-18T20:05:50Z",0,2026-09-18 20:05:50,"Review","FC 27 First Gameplay Impressions - I Expected More, EA","Machete Gaming"
"AoBvkZJHDrM","UgxSi_TV5a5qrATA-BR4AaABAg","@zack2396tube","UC_DDjHupHDlptpxMJd_75fA","It looks like football but it does NOT play & feel like football.",3,"2026-09-18T20:02:02Z",0,2026-09-18 20:02:02,"Review","FC 27 First Gameplay Impressions - I Expected More, EA","Machete Gaming"
"AoBvkZJHDrM","UgyV5xu1LqyToTp39-N4AaABAg","@Lanka_99","UCJ0AhcEuaIE_7hlxTePXrcg","I played a lot of FC26 with Anths Gameplay mod. What I always struggled with the most in FC26 was the zone pressing from the CPU, they either drop too much and sit infront of the defense or they press 1v1 and leave a lot of open space. It felt way too easy to keep the ball in FC26 most of the time, so I'm curious about this aspect 5:48",1,"2026-09-18T19:53:59Z",2,2026-09-18 19:53:59,"Review","FC 27 First Gameplay Impressions - I Expected More, EA","Machete Gaming"
"AoBvkZJHDrM","Ugz1bKA7bGcvyvNET4R4AaABAg","@Markodude","UC_XywubLZbVuIW21CUsKFmg","Damn so I shouldn’t waste my money",0,"2026-09-18T19:51:09Z",0,2026-09-18 19:51:09,"Review","FC 27 First Gameplay Impressions - I Expected More, EA","Machete Gaming"
"AoBvkZJHDrM","UgxvAmLPuLDeiL0VGwl4AaABAg","@Felix2389","UCURSBzwUH5lD-v_5UJRVpWg","Ball-Physics look and feel better other than that it is simply not Football and the Player Models look awful",0,"2026-09-18T19:21:37Z",0,2026-09-18 19:21:37,"Review","FC 27 First Gameplay Impressions - I Expected More, EA","Machete Gaming"
"AoBvkZJHDrM","UgxTTiGicWEAvS7Uwap4AaABAg","@TheHisoka000","UCtNFbbaVkunZxYY-_pS6vEw","For players that focus only on single player mode, like career mode, like you said, I just tweaked sliders using AI and I’m more than happy with the game. I just keep playing FC 26",1,"2026-09-18T19:16:44Z",2,2026-09-18 19:16:44,"Review","FC 27 First Gameplay Impressions - I Expected More, EA","Machete Gaming"
"AoBvkZJHDrM","UgyAcXotr37qmQkxoFh4AaABAg","@eliasescobar9374","UCmac1ON94KOkSuPEye3WJ3g","Such a broken fucking unrealistic gameplay. Broken game, broken old greedy men making what they think is a “football” game",0,"2026-09-18T18:49:06Z",0,2026-09-18 18:49:06,"Review","FC 27 First Gameplay Impressions - I Expected More, EA","Machete Gaming"
"AoBvkZJHDrM","UgwSz7rn4z35vcqzVaZ4AaABAg","@BallinLikeMike23","UCmCV-MET2kgYFBTx50dqKYw","You have to manually activate curving runs using L1 R1. The players are too dumb to make the runs themselves 😅",1,"2026-09-18T18:48:00Z",0,2026-09-18 18:48:00,"Review","FC 27 First Gameplay Impressions - I Expected More, EA","Machete Gaming"
"AoBvkZJHDrM","UgwRcO2Do2DCQ3LxO6h4AaABAg","@alexlemon","UCS7fP1zcS-Y25BiE_iK61eA","I downloaded the game through EA Pro. I couldn't finish one game before closing and deleting it. FC 27 is probably the worst FIFA ever. I've never given up on a game so quickly. It's the same ice-skating, pingpong-style gameplay from the last three years. It's a shame. FIFA 23 I actually enjoyed. Before that, the last good ones for me were FIFA 15 and 16. These FC games have actually turned eFootball into a good game — who would have thought? 😂Well, looks like I'll be playing another season of modded PES 21, and I'm happy with that!",3,"2026-09-18T18:22:58Z",0,2026-09-18 18:22:58,"Review","FC 27 First Gameplay Impressions - I Expected More, EA","Machete Gaming"
"AoBvkZJHDrM","UgweWHGwjxdsHDXAlsZ4AaABAg","@artrntve","UC1PwM7PmDD4WmOQiWbQXoJg","Sliders are mean nothing, sliders should function as customization tools to personalize things to our preferences and not to make the game for being Normal or believable in the first place 😂",3,"2026-09-18T17:58:48Z",0,2026-09-18 17:58:48,"Review","FC 27 First Gameplay Impressions - I Expected More, EA","Machete Gaming"
"AoBvkZJHDrM","UgxrH-JDT7Jfj93ihAp4AaABAg","@jumpinggerard","UChuAUDI3SBwnZ5FvxAmDreA","Still ice skating",97,"2026-09-18T17:43:23Z",7,2026-09-18 17:43:23,"Review","FC 27 First Gameplay Impressions - I Expected More, EA","Machete Gaming"
"AoBvkZJHDrM","UgzoaB7vUmo7CFdTqkR4AaABAg","@BigBen316","UCpK1xoUSh-vzEoBcRToXbZQ","Feels different to me, much different",2,"2026-09-18T17:32:55Z",1,2026-09-18 17:32:55,"Review","FC 27 First Gameplay Impressions - I Expected More, EA","Machete Gaming"
"AoBvkZJHDrM","UgyKGontkEQZlRdQZsV4AaABAg","@yyounggenerall","UCX1jGlqLM9iXrFA-eWFV10g","Can’t play the game it’s insanely fast",5,"2026-09-18T17:32:48Z",2,2026-09-18 17:32:48,"Review","FC 27 First Gameplay Impressions - I Expected More, EA","Machete Gaming"
"AoBvkZJHDrM","Ugwg6GMWGxTpo48d_v54AaABAg","@naveenjosephjose2532","UCJUKWHT3eAQYHxE8scmVuQw","I wish people were more intelligent than this. Why do you buy FC games and give them more money to develop slop?",3,"2026-09-18T17:23:45Z",15,2026-09-18 17:23:45,"Review","FC 27 First Gameplay Impressions - I Expected More, EA","Machete Gaming"
"AoBvkZJHDrM","UgzmNZbA62zz2ZR0ekt4AaABAg","@aaabbb7347","UCQcheS1NNWau2q8LEt3PX9Q","The more I watch ea's fc makes me wanna take Konami to court 😂.  Konami could take advantage of this and make efootball the game for everyone by simply adding more game modes. I strongly believe these two franchises are in bed with each other 😅",34,"2026-09-18T17:15:34Z",8,2026-09-18 17:15:34,"Review","FC 27 First Gameplay Impressions - I Expected More, EA","Machete Gaming"
"AoBvkZJHDrM","UgyHsXiaT_B6iKJlJT54AaABAg","@RayzaNC","UCVyLnE2KDXgnsPXDQch8RwA","What a shocker. Same crap, different name. This is nothing like real football. I'll be sticking to eFootball.",0,"2026-09-18T17:15:16Z",0,2026-09-18 17:15:16,"Review","FC 27 First Gameplay Impressions - I Expected More, EA","Machete Gaming"
"AoBvkZJHDrM","Ugwohr57Oe7c5nOFYW14AaABAg","@thomazio8724","UCkMBDR8OLJmcVp9TXlVE5cg","Shame shit, different branding",0,"2026-09-18T17:07:01Z",0,2026-09-18 17:07:01,"Review","FC 27 First Gameplay Impressions - I Expected More, EA","Machete Gaming"
"AoBvkZJHDrM","Ugx5IUy_eLszbQ8dl1t4AaABAg","@TomRiddle-2","UC3aFy9GimOjNhphdNq0Z7bQ","Why do you people even buy this shit?",6,"2026-09-18T17:05:35Z",0,2026-09-18 17:05:35,"Review","FC 27 First Gameplay Impressions - I Expected More, EA","Machete Gaming"
"AoBvkZJHDrM","UgytJSl-NKKOH73Azoh4AaABAg","@Sonicboom726","UC8onlo8FDuMGfLplUd6-fLQ","Just downloaded fifa 18 to play carrer mode and I didn't like the gameplay and just downloaded pes 13 ,after pes 13 gonna play more older pes games and older fifa games prior to 18 as i already revisted fifa 16 and fifa 14",0,"2026-09-18T17:02:52Z",0,2026-09-18 17:02:52,"Review","FC 27 First Gameplay Impressions - I Expected More, EA","Machete Gaming"
"AoBvkZJHDrM","Ugx8nxMCiTe5D9iNsXZ4AaABAg","@joesosalty","UCk-m-uz1t-WKzpMsI1NfFZA","I’ve been waiting for a review of the career / authentic mode. Looks like I’ll be waiting for Black Friday at $35 as usual. Good video!",16,"2026-09-18T16:56:16Z",3,2026-09-18 16:56:16,"Review","FC 27 First Gameplay Impressions - I Expected More, EA","Machete Gaming"
"AoBvkZJHDrM","UgwfXcckYlbRzsFYvfl4AaABAg","@type8_88","UCGU0jeN1Z0FS6vq_PtsbHlQ","Using a 2024 facescan of Lamine Yamal in a 2027 video game is crazy... 😒",60,"2026-09-18T16:39:46Z",8,2026-09-18 16:39:46,"Review","FC 27 First Gameplay Impressions - I Expected More, EA","Machete Gaming"
"AoBvkZJHDrM","UgyMRbb5WHhvamvK7Rp4AaABAg","@okungadeolusegun849","UCL1kquy_WyDicwnuQVt3QSA","I played the beta version of the game. That was when I made up my mind that I'm skipping this year's FC27",24,"2026-09-18T16:31:59Z",1,2026-09-18 16:31:59,"Review","FC 27 First Gameplay Impressions - I Expected More, EA","Machete Gaming"
"AoBvkZJHDrM","UgwnlkScbHF_yogfkQV4AaABAg","@fog-exe","UChd9yxsak9PqJqK2AZsuNkA","The curved runs you have to trigger it with L1+R1, they only tell this on the pitch notes",1,"2026-09-18T16:29:23Z",2,2026-09-18 16:29:23,"Review","FC 27 First Gameplay Impressions - I Expected More, EA","Machete Gaming"
"AoBvkZJHDrM","Ugz1MGyubGZC1sFyG9F4AaABAg","@jesseordonez5088","UCtKQynVYmjocYcWJF8qMTdA","So if it feels so much like FC26 that means it feels like 25, 24, 23, 22! I will be sticking to Football Life for life!",30,"2026-09-18T16:24:47Z",1,2026-09-18 16:24:47,"Review","FC 27 First Gameplay Impressions - I Expected More, EA","Machete Gaming"
"Mbzz0gwTONU","UgxfcujsVU9aNPmGT8N4AaABAg","@AuzioMF","UCXWfmXteFx5KLLBnxV0fq7A","Who did everyone get from their icon pack? 👀",27,"2026-09-18T00:38:57Z",59,2026-09-18 00:38:57,"Ultimate Team","30x DEBUT ICON PACKS! FC 27 Ultimate Team","AuzioMF"
"Mbzz0gwTONU","UgwffjlU2hKX5XAf6z94AaABAg","@Kiersss18","UC8mXo-Q50cTLjbV87JJhdXQ","I packed Ruud Gullit, I was expecting him to be more popular but maybe I just got lucky for once",1,"2026-09-20T21:21:33Z",0,2026-09-20 21:21:33,"Ultimate Team","30x DEBUT ICON PACKS! FC 27 Ultimate Team","AuzioMF"
"Mbzz0gwTONU","Ugy-j-33kcUaNeBzONp4AaABAg","@Samdgxificjwodofocnefo-k7c","UCZxEE2U52id6u-5rqPmE3ow","What’s up Michael Faria I remember going school together my name is Sam Smith",0,"2026-09-20T21:20:42Z",0,2026-09-20 21:20:42,"Ultimate Team","30x DEBUT ICON PACKS! FC 27 Ultimate Team","AuzioMF"
"Mbzz0gwTONU","UgxoRy1ijdqwkBwCukx4AaABAg","@sensejoker7075","UC5Mq1bm3HstPsUJ8wfp09RA","Does everyone who bought the 100 dollar version get this ?",0,"2026-09-20T18:48:15Z",0,2026-09-20 18:48:15,"Ultimate Team","30x DEBUT ICON PACKS! FC 27 Ultimate Team","AuzioMF"
"Mbzz0gwTONU","UgwChbPuTG1tyTp6nbR4AaABAg","@Geezy-6191","UCg4Id4zjcbRm0-3u02xdubA","Rummen who?",0,"2026-09-19T23:19:38Z",0,2026-09-19 23:19:38,"Ultimate Team","30x DEBUT ICON PACKS! FC 27 Ultimate Team","AuzioMF"
"Mbzz0gwTONU","UgxrUJEI5v7ZQSH8Rz94AaABAg","@RealShadowSix","UCHTSscPNl6v9lJRVywKyCTA","I haven’t got mine? Wth",0,"2026-09-19T21:42:01Z",0,2026-09-19 21:42:01,"Ultimate Team","30x DEBUT ICON PACKS! FC 27 Ultimate Team","AuzioMF"
"Mbzz0gwTONU","Ugxe6ytmOpM-0ldl8zZ4AaABAg","@tomsmith5859","UC_HaxZRbA1zz0P1KLbayHBw","I got Ellen white",0,"2026-09-19T20:30:03Z",0,2026-09-19 20:30:03,"Ultimate Team","30x DEBUT ICON PACKS! FC 27 Ultimate Team","AuzioMF"
"Mbzz0gwTONU","UgwGLXHtSqvdTewKYG14AaABAg","@tymoteuszjaros8503","UCAkEjd00DMciHrrPXCMWPHA","Rummenigge ❌
Ramen ✅ 

😂😂",0,"2026-09-19T18:36:43Z",0,2026-09-19 18:36:43,"Ultimate Team","30x DEBUT ICON PACKS! FC 27 Ultimate Team","AuzioMF"
"Mbzz0gwTONU","UgzKDyHWDunjaj4E62x4AaABAg","@overtherails_06","UCCwTLZTOt421s4SZYzXFhtQ","got lucio",1,"2026-09-19T17:25:20Z",0,2026-09-19 17:25:20,"Ultimate Team","30x DEBUT ICON PACKS! FC 27 Ultimate Team","AuzioMF"
"Mbzz0gwTONU","UgzNd8EqKLXfGNH_W3F4AaABAg","@TommySK","UCUUI9JFI1V8nW7a0IEACY9g","Day 1 of trying to get EA FC 27 gifted bcs im broke af
PS Name: TommyK1337",0,"2026-09-19T17:06:00Z",0,2026-09-19 17:06:00,"Ultimate Team","30x DEBUT ICON PACKS! FC 27 Ultimate Team","AuzioMF"
"Mbzz0gwTONU","Ugx3f6tNTDG65us2PSx4AaABAg","@imfalafel6463","UC2jUurRVS7sBFt4cvkh535A","Seeing pepe as an icon makes me feel old, im 24😭",0,"2026-09-19T06:03:45Z",0,2026-09-19 06:03:45,"Ultimate Team","30x DEBUT ICON PACKS! FC 27 Ultimate Team","AuzioMF"
"Mbzz0gwTONU","UgxDQ0Z56-78vinL9LB4AaABAg","@ELITEFOOTYEDITS13","UCiOjOPJZnN9vHYoiKFiDEFA","I didn't get an icon cuz I didn't preorder but I got 89 Bruno Fernandes from an 80+ pp",0,"2026-09-19T06:03:39Z",0,2026-09-19 06:03:39,"Ultimate Team","30x DEBUT ICON PACKS! FC 27 Ultimate Team","AuzioMF"
"Mbzz0gwTONU","UgwquQN6Zh-9hVXmODV4AaABAg","@EurekaKuekuenda","UCv5CLTD6SeQ1HFk2lz_6rlw","FIFA 27.🥶🥶🥶🥶🥶🥵🥵🥵🥵🥵🥵🥵🥵🥵🥵🥵🥵🥵🥵🤗🤗🤗",0,"2026-09-19T03:19:29Z",0,2026-09-19 03:19:29,"Ultimate Team","30x DEBUT ICON PACKS! FC 27 Ultimate Team","AuzioMF"
"Mbzz0gwTONU","Ugw4OPjidr2kq1a8KBh4AaABAg","@AndyGuerra-w4x5f","UCSlHBMHo4xsWFnm6f3yM08A","It,s sad I got risse",0,"2026-09-19T02:40:50Z",0,2026-09-19 02:40:50,"Ultimate Team","30x DEBUT ICON PACKS! FC 27 Ultimate Team","AuzioMF"
"Mbzz0gwTONU","UgyAmpW29Jf-zSbp6C14AaABAg","@ULTRAMUGNZ","UCSZOPcpCQaLpYl3m27vYWbw","How did someone get 2 icon packs? I only got 1",0,"2026-09-19T01:14:14Z",0,2026-09-19 01:14:14,"Ultimate Team","30x DEBUT ICON PACKS! FC 27 Ultimate Team","AuzioMF"
"Mbzz0gwTONU","UgxCr4jLhgmM3KrLgpJ4AaABAg","@Ultralord-s6j","UC52JmzdXctfxWu7FhD8hvcQ","Do i still get it if i downloaded it today 19.09? (Ultimate edition..)",0,"2026-09-18T23:55:25Z",0,2026-09-18 23:55:25,"Ultimate Team","30x DEBUT ICON PACKS! FC 27 Ultimate Team","AuzioMF"
"Mbzz0gwTONU","UgzFQyJ7b85uRvUkLE14AaABAg","@sandrozebba01","UCbpkusJ6MxnvOi9CgNjurzw","I got Pepe",0,"2026-09-18T23:02:19Z",0,2026-09-18 23:02:19,"Ultimate Team","30x DEBUT ICON PACKS! FC 27 Ultimate Team","AuzioMF"
"Mbzz0gwTONU","UgwR_AANb7DcngqNQuV4AaABAg","@MasonPinto-m4c","UC2I1I3PLoW9EIQeabI1EDwA","I got 85 Lucio",0,"2026-09-18T21:46:17Z",0,2026-09-18 21:46:17,"Ultimate Team","30x DEBUT ICON PACKS! FC 27 Ultimate Team","AuzioMF"
"Mbzz0gwTONU","Ugyyxey69ikWV81Fxl94AaABAg","@craigcollyer568","UCrkGopgiOqXtt_BfKkxWM7A","Ellen white i got but packed ekitike tradeable",0,"2026-09-18T21:11:34Z",0,2026-09-18 21:11:34,"Ultimate Team","30x DEBUT ICON PACKS! FC 27 Ultimate Team","AuzioMF"
"Mbzz0gwTONU","UgyaG-n2r8JBpxECFFt4AaABAg","@martinelek8632","UCVr7-FrJTHzRYJgj44nkVyQ","I got heap",0,"2026-09-18T20:42:55Z",0,2026-09-18 20:42:55,"Ultimate Team","30x DEBUT ICON PACKS! FC 27 Ultimate Team","AuzioMF"
"Mbzz0gwTONU","UgzzUEzGvYONRKEtNxx4AaABAg","@dannymishima","UCoTcu446vJhQx-4-vIAazwA","i didnt get my free pack and i pre ordered it",0,"2026-09-18T19:59:41Z",0,2026-09-18 19:59:41,"Ultimate Team","30x DEBUT ICON PACKS! FC 27 Ultimate Team","AuzioMF"
"Mbzz0gwTONU","Ugynt5oVeiIIrOSWWut4AaABAg","@70scoff","UCSEDxX2uZPnspE50gV3WYTw","If you cant say Rummenigge because of the fear of being banned, call him Karl Heinz",0,"2026-09-18T19:47:59Z",0,2026-09-18 19:47:59,"Ultimate Team","30x DEBUT ICON PACKS! FC 27 Ultimate Team","AuzioMF"
"Mbzz0gwTONU","UgwCB23d6uQDs0sVSQB4AaABAg","@EesaFUT","UCxEx3Ey472H1PG_evGWRtcA","Riise is not a she 😂",0,"2026-09-18T18:54:10Z",0,2026-09-18 18:54:10,"Ultimate Team","30x DEBUT ICON PACKS! FC 27 Ultimate Team","AuzioMF"
"Mbzz0gwTONU","UgzOr41wiaaPjQv8SJR4AaABAg","@Redinade","UCny47cyv6AQmXXUaFwEdBPQ","bro got a common af fodder torres and hyped it lmao",0,"2026-09-18T17:25:39Z",0,2026-09-18 17:25:39,"Ultimate Team","30x DEBUT ICON PACKS! FC 27 Ultimate Team","AuzioMF"
"Mbzz0gwTONU","UgzS77wlHGCpt3iIJ9h4AaABAg","@JazPlayz14","UCAT8HcFAaeSQt16BZbtDZsg","The goat",0,"2026-09-18T16:58:42Z",0,2026-09-18 16:58:42,"Ultimate Team","30x DEBUT ICON PACKS! FC 27 Ultimate Team","AuzioMF"
"Mbzz0gwTONU","Ugwq1hVRmP7_17y6HnV4AaABAg","@sOLEiCe7859","UC6ewZg71sSnt7ZOJ3ondM3w","Riise is not a girl he is a boy",0,"2026-09-18T16:58:32Z",0,2026-09-18 16:58:32,"Ultimate Team","30x DEBUT ICON PACKS! FC 27 Ultimate Team","AuzioMF"
"Mbzz0gwTONU","UgxWhftKfp6_Bji6RX14AaABAg","@giordanfreitas1904","UCETSiFZB0XTOg0K0V5mz41A","An autographed version of a virtual card lol We have really lost the plot, I’m glad Auzio can sell this like it’s quality.",0,"2026-09-18T15:24:11Z",0,2026-09-18 15:24:11,"Ultimate Team","30x DEBUT ICON PACKS! FC 27 Ultimate Team","AuzioMF"
"Mbzz0gwTONU","UgwTmIiXr7cri9VhoaJ4AaABAg","@kiwinz-m7y","UC8_N40pS5EZJTOvHzYUVqvA","Please let me win",0,"2026-09-18T15:05:07Z",0,2026-09-18 15:05:07,"Ultimate Team","30x DEBUT ICON PACKS! FC 27 Ultimate Team","AuzioMF"
"Mbzz0gwTONU","UgyXikaeVZKeO9SWZ_t4AaABAg","@troopmoop254","UCELZGEpMXkhC0YHlt_QZZAg","3 accounts blud.? Sicking",0,"2026-09-18T14:53:27Z",0,2026-09-18 14:53:27,"Ultimate Team","30x DEBUT ICON PACKS! FC 27 Ultimate Team","AuzioMF"
"Mbzz0gwTONU","UgxIfNEkNyG7H5gerS94AaABAg","@MRVN_15","UCjLt7G_8CIsUVggtMs7kfng","Got schweinsteiger. Very very happy",3,"2026-09-18T14:39:33Z",0,2026-09-18 14:39:33,"Ultimate Team","30x DEBUT ICON PACKS! FC 27 Ultimate Team","AuzioMF"
"Mbzz0gwTONU","Ugzy-roMqDm7E-oo1Rx4AaABAg","@TomTheGamingLlama","UCPLfHxvHBBFRQ_jwJrjR42w","is rummenigge  actually decent or is it huge L",0,"2026-09-18T12:47:39Z",0,2026-09-18 12:47:39,"Ultimate Team","30x DEBUT ICON PACKS! FC 27 Ultimate Team","AuzioMF"
"Mbzz0gwTONU","Ugx9PkLJDCCO9TX85O14AaABAg","@LucasFloresAhumada","UCB0lrrDAtrt5TxcyzFGERTA","I got holographic white",0,"2026-09-18T12:14:11Z",0,2026-09-18 12:14:11,"Ultimate Team","30x DEBUT ICON PACKS! FC 27 Ultimate Team","AuzioMF"
"Mbzz0gwTONU","Ugzdv8S7hkMppI8chAR4AaABAg","@adamwebb5195","UC88pu6Ub-wCDrTRHAx7MgDg","I still havent got my icon",0,"2026-09-18T12:11:00Z",0,2026-09-18 12:11:00,"Ultimate Team","30x DEBUT ICON PACKS! FC 27 Ultimate Team","AuzioMF"
"Mbzz0gwTONU","UgyERwmL2ZIauY1bXop4AaABAg","@LewisSAINT-AURET","UCU0QEfBqF4hGbNZmtzRRj7g","30x DEBUT ICON PLAYER PACKS!!!🔥🔥🔥 FC 27 Ultimate Team",1,"2026-09-18T12:00:55Z",0,2026-09-18 12:00:55,"Ultimate Team","30x DEBUT ICON PACKS! FC 27 Ultimate Team","AuzioMF"
"Mbzz0gwTONU","Ugwl3oE3IX85xEiBSiZ4AaABAg","@SamDeschenes","UCFWEi3FRxVgBTcwcWHIKh2w","GNG THE PACK ANIM N THE MENU IS THE REASON I DIDNT BUY THIS GAME",0,"2026-09-18T11:26:35Z",0,2026-09-18 11:26:35,"Ultimate Team","30x DEBUT ICON PACKS! FC 27 Ultimate Team","AuzioMF"
"Mbzz0gwTONU","UgxdJ5gkr923jhE28TZ4AaABAg","@AltafAhmad-r4q","UCkt8F7xvEcdpbLWA6LslnSQ","15:44 ""Adam gets himself... Whipped""  🤣🤣🤣🤣",7,"2026-09-18T11:18:10Z",0,2026-09-18 11:18:10,"Ultimate Team","30x DEBUT ICON PACKS! FC 27 Ultimate Team","AuzioMF"
"Mbzz0gwTONU","UgwLUUaKDdzhaocmh3V4AaABAg","@rishabhverma4970","UCKzJQDaBst3Pv78cbPa3Epw","I got the Ultimate edition. But no Icon pack . Anything I missed ? Or its not for Ultimate edition",0,"2026-09-18T11:17:42Z",1,2026-09-18 11:17:42,"Ultimate Team","30x DEBUT ICON PACKS! FC 27 Ultimate Team","AuzioMF"
"Mbzz0gwTONU","UgxPRbh6DoL7f5cy-Gl4AaABAg","@FaresFostoqao","UCmBCMoEa77he8_14ElhRCrw","I got aguero he’s insane",2,"2026-09-18T11:01:21Z",0,2026-09-18 11:01:21,"Ultimate Team","30x DEBUT ICON PACKS! FC 27 Ultimate Team","AuzioMF"
"Mbzz0gwTONU","Ugyp634GEC7ZTUXCYZ94AaABAg","@UNCLE-TITI","UChdjVDLJnwmHgMpzzxWO4Lg","I Packed AGUERoOoOoOO",1,"2026-09-18T10:57:58Z",0,2026-09-18 10:57:58,"Ultimate Team","30x DEBUT ICON PACKS! FC 27 Ultimate Team","AuzioMF"
"Mbzz0gwTONU","UgxzR7oPd7GGsxl6GtN4AaABAg","@rattoslocos1658","UCj8WQObUhRiZx3bh50VGVEA","Got Schweinsteiger",1,"2026-09-18T10:28:07Z",0,2026-09-18 10:28:07,"Ultimate Team","30x DEBUT ICON PACKS! FC 27 Ultimate Team","AuzioMF"
"Mbzz0gwTONU","UgygP66cnpnSM3GBlah4AaABAg","@hamed1452","UCcJJRwZssJyyWTnURtKkWpw","Guys I have a question, does Auzio have 3 accounts on same console? Has he bought the game 3 times or just once?
Answer please, cheers",0,"2026-09-18T10:11:13Z",0,2026-09-18 10:11:13,"Ultimate Team","30x DEBUT ICON PACKS! FC 27 Ultimate Team","AuzioMF"
"Mbzz0gwTONU","UgwhoRlEpS8xe0rnJjt4AaABAg","@ActuallyAudacity","UCTHw7BZeud7Lce40PzN5qiw","I got 86 White 😢",0,"2026-09-18T10:00:00Z",0,2026-09-18 10:00:00,"Ultimate Team","30x DEBUT ICON PACKS! FC 27 Ultimate Team","AuzioMF"
"Mbzz0gwTONU","Ugy0kR6P3BiZDEZrHaN4AaABAg","@Bazinga0908","UCkTcw60mItG3WF4xAy6ofLw","I didn’t preorder it before August 31st so I never got it.",1,"2026-09-18T09:27:05Z",0,2026-09-18 09:27:05,"Ultimate Team","30x DEBUT ICON PACKS! FC 27 Ultimate Team","AuzioMF"
"Mbzz0gwTONU","UgwanxT1rpUac5lDO1V4AaABAg","@eyesabove","UCP6FYZ9HzzfUsUfpfpcRAVw","i got riise..",1,"2026-09-18T09:21:20Z",0,2026-09-18 09:21:20,"Ultimate Team","30x DEBUT ICON PACKS! FC 27 Ultimate Team","AuzioMF"
"Mbzz0gwTONU","UgxVggE46tRPX9lk3MN4AaABAg","@Littlebigplanet-1","UC45jhAyBMNhZBPEbJmglSaQ","I got aguero",1,"2026-09-18T09:15:59Z",0,2026-09-18 09:15:59,"Ultimate Team","30x DEBUT ICON PACKS! FC 27 Ultimate Team","AuzioMF"
"Mbzz0gwTONU","UgzALbtgjZhoKtUYapp4AaABAg","@kamildobry2073","UC461uk-VKZsz_QktwNWVoEQ","Pepe 🫡",0,"2026-09-18T09:14:38Z",0,2026-09-18 09:14:38,"Ultimate Team","30x DEBUT ICON PACKS! FC 27 Ultimate Team","AuzioMF"
"Mbzz0gwTONU","UgzeF1TCT5sRn2WA4DF4AaABAg","@BartVerhagen-j2l","UCRDIQ-ayTspE2U1PNhGy7Vw","Do you get it by the ultimate edition or only ultimate plus?",1,"2026-09-18T08:38:39Z",1,2026-09-18 08:38:39,"Ultimate Team","30x DEBUT ICON PACKS! FC 27 Ultimate Team","AuzioMF"
"Mbzz0gwTONU","UgzvzqU7ZvYU3AxUV5x4AaABAg","@Faris_Aleem","UCdncSSc-hKrV8Hy0E0N-0Gw","Got aguerooooo",1,"2026-09-18T08:29:28Z",0,2026-09-18 08:29:28,"Ultimate Team","30x DEBUT ICON PACKS! FC 27 Ultimate Team","AuzioMF"
"Mbzz0gwTONU","UgyKL6lucGkUG4CwgqV4AaABAg","@cailanhamish-phillip1709","UCjQuK8zSt0P7QlXBFBtdpmg","Pack animation is criminal",2,"2026-09-18T08:24:44Z",0,2026-09-18 08:24:44,"Ultimate Team","30x DEBUT ICON PACKS! FC 27 Ultimate Team","AuzioMF"
"Mbzz0gwTONU","UgzQyAF-K9Xr68QhTeh4AaABAg","@deyvidyumer2662","UCgHfCY5IJ50tZ0U-MrYW_ug","Why don’t I have an icon?",0,"2026-09-18T08:22:25Z",0,2026-09-18 08:22:25,"Ultimate Team","30x DEBUT ICON PACKS! FC 27 Ultimate Team","AuzioMF"
"Mbzz0gwTONU","UgzOqQ_os_VCM-wODjx4AaABAg","@iliyasburnett9710","UCiwuZa3yaD0bsPlQ-5PTD_w","I'm sorry, but imagine pre ordering 27 😂",0,"2026-09-18T08:19:08Z",0,2026-09-18 08:19:08,"Ultimate Team","30x DEBUT ICON PACKS! FC 27 Ultimate Team","AuzioMF"
"Mbzz0gwTONU","Ugx_9s20Iy__JGpHW5p4AaABAg","@LUCAS_17011","UCOEf11ICP-JPSJiLlQmAMsw","I got Pepe from mine",1,"2026-09-18T08:08:32Z",0,2026-09-18 08:08:32,"Ultimate Team","30x DEBUT ICON PACKS! FC 27 Ultimate Team","AuzioMF"
"Mbzz0gwTONU","Ugz7PgNaNHOxq7bPNYl4AaABAg","@JaydanPuriel","UCQIRs6WhOFe2bwrgarhTYDA","Pirlo for me",1,"2026-09-18T07:51:17Z",0,2026-09-18 07:51:17,"Ultimate Team","30x DEBUT ICON PACKS! FC 27 Ultimate Team","AuzioMF"
"Mbzz0gwTONU","UgwdrtZ2hWfPTsOZ7J54AaABAg","@AngeloAmofa","UCehjLXxl0cHz0M9PEcvN3aQ","I got 86 hullit",1,"2026-09-18T07:50:28Z",0,2026-09-18 07:50:28,"Ultimate Team","30x DEBUT ICON PACKS! FC 27 Ultimate Team","AuzioMF"
"Mbzz0gwTONU","UgyOizoSgGAIy063evB4AaABAg","@LuukSwagten","UCySKDtctANekEME9SaDrvfg","Is Pirlo a w",1,"2026-09-18T07:44:04Z",0,2026-09-18 07:44:04,"Ultimate Team","30x DEBUT ICON PACKS! FC 27 Ultimate Team","AuzioMF"
"Mbzz0gwTONU","Ugx8sduv-THKK2Whpt54AaABAg","@oliveryoung6845","UCNbYF1Xt2i77sC2Vw5LvAdg","I got Pepe guys fyi already have Hurst smicheal and Keane also lads kik on",1,"2026-09-18T07:37:49Z",0,2026-09-18 07:37:49,"Ultimate Team","30x DEBUT ICON PACKS! FC 27 Ultimate Team","AuzioMF"
"Mbzz0gwTONU","UgwfG3hKj_BRsPjGw3Z4AaABAg","@xeal_official2857","UCCSd8u2oJJ4Zwr3vWTvufNw","How do so many people have the pack already",0,"2026-09-18T07:35:29Z",0,2026-09-18 07:35:29,"Ultimate Team","30x DEBUT ICON PACKS! FC 27 Ultimate Team","AuzioMF"
"Mbzz0gwTONU","Ugx6UmhUnxmX5ltoRl54AaABAg","@schitsy","UC58OusxRGI-cvdbLNUKtvFg","the asian team guy should use torres because he played for sagan tosu",2,"2026-09-18T07:03:04Z",0,2026-09-18 07:03:04,"Ultimate Team","30x DEBUT ICON PACKS! FC 27 Ultimate Team","AuzioMF"
"Mbzz0gwTONU","Ugwq5VG29xf8nmZl4O54AaABAg","@FahimKarimi-19","UCKrQQ9SWDeNm9LzdVIuv22w","I pre ordered ultimate version. Will I not get any pack?",0,"2026-09-18T06:50:04Z",0,2026-09-18 06:50:04,"Ultimate Team","30x DEBUT ICON PACKS! FC 27 Ultimate Team","AuzioMF"
"Mbzz0gwTONU","UgzW3GopugFtd-h2zcZ4AaABAg","@yakupsahin5937","UCCWs8c8j6yL-HOwpSq2wc0g","In my team i have gullit and aguer
91,90",1,"2026-09-18T06:43:39Z",0,2026-09-18 06:43:39,"Ultimate Team","30x DEBUT ICON PACKS! FC 27 Ultimate Team","AuzioMF"
"Mbzz0gwTONU","UgxHhEfgJTAa8L258D54AaABAg","@adrianconstantin2152","UCQq0sj55YtB0dhwcpyVrXxA","I did wish for a CB and actually got Varane !",1,"2026-09-18T06:41:45Z",0,2026-09-18 06:41:45,"Ultimate Team","30x DEBUT ICON PACKS! FC 27 Ultimate Team","AuzioMF"
"Mbzz0gwTONU","UgzL_qOblf6hsV6yECR4AaABAg","@GsyCrazyKid","UCitafrV_F0SqCUecBU8Obyw","I got pepe",1,"2026-09-18T06:33:15Z",0,2026-09-18 06:33:15,"Ultimate Team","30x DEBUT ICON PACKS! FC 27 Ultimate Team","AuzioMF"
"Mbzz0gwTONU","UgzSCO9tIWCcgdvUpcV4AaABAg","@jkpsbk","UCJiK-wa98Q0MmM__Vt_z78A","Why didn’t I get the pack",0,"2026-09-18T06:21:53Z",0,2026-09-18 06:21:53,"Ultimate Team","30x DEBUT ICON PACKS! FC 27 Ultimate Team","AuzioMF"
"Mbzz0gwTONU","UgyVGcYhRO0VRj3rDnp4AaABAg","@MohammadKamyar-c7x","UCIWHBtTeN9jwFcyKkTtTbtQ","He got agüero in 10:00 lads",3,"2026-09-18T06:12:03Z",0,2026-09-18 06:12:03,"Ultimate Team","30x DEBUT ICON PACKS! FC 27 Ultimate Team","AuzioMF"
"Mbzz0gwTONU","UgwKLA4oqHAgYwaVC_h4AaABAg","@Jeavian","UC2Cfrqv_8BlahjtYOYWRhyg","4:18 WAS ME",10,"2026-09-18T05:59:29Z",1,2026-09-18 05:59:29,"Ultimate Team","30x DEBUT ICON PACKS! FC 27 Ultimate Team","AuzioMF"
"Mbzz0gwTONU","UgyB9dGy51RJAkSDzM14AaABAg","@yaroslavtarnavskiy7721","UC21ubSzX6Nfxk_NzeFrQO_Q","I got Lucio . What do you think about it guys?",1,"2026-09-18T05:53:07Z",0,2026-09-18 05:53:07,"Ultimate Team","30x DEBUT ICON PACKS! FC 27 Ultimate Team","AuzioMF"
"Mbzz0gwTONU","Ugyt0f6gpJqm1Ae3hex4AaABAg","@adrianmorris7819","UCyPhGkXJzvXghR2oQtAVkBw","Any had problem claiming the chalk talk objective.  Says complete intro to evolution I've done that but not ticking it off",1,"2026-09-18T05:52:15Z",1,2026-09-18 05:52:15,"Ultimate Team","30x DEBUT ICON PACKS! FC 27 Ultimate Team","AuzioMF"
"Mbzz0gwTONU","Ugz2AtiquNpc2bGOd9B4AaABAg","@Kimmich.MentaIity","UCzaJWTZgMeC7C0OoKTgnDJg","11:06 no one saying his name",1,"2026-09-18T05:51:58Z",0,2026-09-18 05:51:58,"Ultimate Team","30x DEBUT ICON PACKS! FC 27 Ultimate Team","AuzioMF"
"Mbzz0gwTONU","Ugx1qLnSbNnTt9niJQV4AaABAg","@battlebound323","UCFtSW_xPhQ8vIOp1XfeaDsQ","Anyone else got the pepe card and dislike him I think hes awful so sluggish feels un usable",0,"2026-09-18T05:50:07Z",0,2026-09-18 05:50:07,"Ultimate Team","30x DEBUT ICON PACKS! FC 27 Ultimate Team","AuzioMF"
"Mbzz0gwTONU","Ugz_ZVIFIeeQ5y42_P54AaABAg","@masonreese-c1b","UCUpDWt-XMZaHLOnTtwyIeEA","How does there the walkout animation if it's only 86",0,"2026-09-18T05:39:41Z",0,2026-09-18 05:39:41,"Ultimate Team","30x DEBUT ICON PACKS! FC 27 Ultimate Team","AuzioMF"
"Mbzz0gwTONU","UgxzHBzwKNDtBWYmrFl4AaABAg","@denisayaz900","UCINnSgQswp6nJLiMJy8dQzw","I bought the ultimate edition yesterday. Whydidn’t I get the pack?",0,"2026-09-18T05:36:04Z",1,2026-09-18 05:36:04,"Ultimate Team","30x DEBUT ICON PACKS! FC 27 Ultimate Team","AuzioMF"
"Mbzz0gwTONU","Ugx3FjgAEQP7-9c4PZB4AaABAg","@footyvibe99","UC2qQefl_cuaGieyFJs-O-rA","auziooooooo mannn i hope u never stoppp",2,"2026-09-18T05:34:52Z",0,2026-09-18 05:34:52,"Ultimate Team","30x DEBUT ICON PACKS! FC 27 Ultimate Team","AuzioMF"
"Mbzz0gwTONU","UgziWf5zdbUGzQGysIF4AaABAg","@CaldragoGMG","UCz5AxJmfV7hwVlFRQ1HR_vg","Why haven’t I got mine yet",2,"2026-09-18T05:34:23Z",0,2026-09-18 05:34:23,"Ultimate Team","30x DEBUT ICON PACKS! FC 27 Ultimate Team","AuzioMF"
"Mbzz0gwTONU","Ugy-fakKKuwlyzJHVK14AaABAg","@Trynagetfamous-j4t","UCCiRegoIoUIo6DkamPugAyA","I got a holo nagasato",1,"2026-09-18T05:29:11Z",0,2026-09-18 05:29:11,"Ultimate Team","30x DEBUT ICON PACKS! FC 27 Ultimate Team","AuzioMF"
"Mbzz0gwTONU","Ugzvn7A-v8wslJZbaWJ4AaABAg","@talihasten3254","UCG7mpQ22hFzy_az9nSqls-A","How can u guys play fc 27",0,"2026-09-18T05:21:18Z",0,2026-09-18 05:21:18,"Ultimate Team","30x DEBUT ICON PACKS! FC 27 Ultimate Team","AuzioMF"
"Mbzz0gwTONU","Ugy5jSDieGsXsTD2BDR4AaABAg","@jhettmantv9513","UCm_gwtgvcVrzctqyFgFuBSQ","I didn’t get none of my stuff",0,"2026-09-18T05:09:46Z",0,2026-09-18 05:09:46,"Ultimate Team","30x DEBUT ICON PACKS! FC 27 Ultimate Team","AuzioMF"
"Mbzz0gwTONU","UgzbOL26WqZ5SzM0OKN4AaABAg","@easypeasey7496","UCtZSU6BjwUZM6kiCijNdmiw","No surprise the streamer gets pirlo and  bastian.. ffs ea",1,"2026-09-18T04:54:28Z",0,2026-09-18 04:54:28,"Ultimate Team","30x DEBUT ICON PACKS! FC 27 Ultimate Team","AuzioMF"
"Mbzz0gwTONU","Ugx-8QjxHWhcof6LSNx4AaABAg","@kiarasapostle4thapostleoft984","UCaJKSckiXl8xXqx1UZbQFig","Got torres and white",0,"2026-09-18T04:13:36Z",2,2026-09-18 04:13:36,"Ultimate Team","30x DEBUT ICON PACKS! FC 27 Ultimate Team","AuzioMF"
"Mbzz0gwTONU","UgyQfW4G-DdY0lLJnax4AaABAg","@Jbb5541","UCgSXHQ-6Ri2w9i5B_bgKc_Q","I got Lucio",1,"2026-09-18T03:59:20Z",0,2026-09-18 03:59:20,"Ultimate Team","30x DEBUT ICON PACKS! FC 27 Ultimate Team","AuzioMF"
"Mbzz0gwTONU","Ugw4dcGylLyTMkqsGfF4AaABAg","@Banana-x3i4q","UCfi0Z0HWZm8UdNQTosGVc8w","Team pepe",0,"2026-09-18T02:51:40Z",0,2026-09-18 02:51:40,"Ultimate Team","30x DEBUT ICON PACKS! FC 27 Ultimate Team","AuzioMF"
"Mbzz0gwTONU","UgyThMF9tEOwcsHKPSR4AaABAg","@mindempowerment1.0","UC0hgVAFnDPaVqtq24elvYZQ","How are u guys playing today",1,"2026-09-18T02:44:17Z",0,2026-09-18 02:44:17,"Ultimate Team","30x DEBUT ICON PACKS! FC 27 Ultimate Team","AuzioMF"
"Mbzz0gwTONU","UgwYShy8Uemnwo6x54d4AaABAg","@joemcdermott5269","UCxrIa-4VmRkTfWsv0ITWIHg","I got Holographic Aguero, I will take it 🎉",1,"2026-09-18T02:33:46Z",0,2026-09-18 02:33:46,"Ultimate Team","30x DEBUT ICON PACKS! FC 27 Ultimate Team","AuzioMF"
"Mbzz0gwTONU","UgzqtgaCqpvtZqHJ8tt4AaABAg","@kianoldham655","UCysqAzoR4zY1Wsbi_wtPIqA","I packed Agüero from it",1,"2026-09-18T02:30:02Z",0,2026-09-18 02:30:02,"Ultimate Team","30x DEBUT ICON PACKS! FC 27 Ultimate Team","AuzioMF"
"Mbzz0gwTONU","UgzZ4GrnV4lf3o-KyWh4AaABAg","@rantwatermelon","UCDmQvBTC1FeAHOlJx-tjJ6Q","How to get this pack????",0,"2026-09-18T02:27:56Z",0,2026-09-18 02:27:56,"Ultimate Team","30x DEBUT ICON PACKS! FC 27 Ultimate Team","AuzioMF"
"Mbzz0gwTONU","UgwsuQDmxBlxRR1GMkZ4AaABAg","@MrPooba17","UCdVnw_P8N14brrHj3qrSGdw","Looking like FC mobile",6,"2026-09-18T02:25:37Z",0,2026-09-18 02:25:37,"Ultimate Team","30x DEBUT ICON PACKS! FC 27 Ultimate Team","AuzioMF"
"Mbzz0gwTONU","UgwDkznGtkuiWpOSYxB4AaABAg","@vJAMIEv","UCl9rXUntRP6BvAcJigIJ82w","All these cards you paid 100+ for will be outdated in a week. Ea really has you all addicted chasing play styles 😂. Words of advice. Get the game when it’s free or share play it for free in a few months mid power curve",0,"2026-09-18T02:22:43Z",0,2026-09-18 02:22:43,"Ultimate Team","30x DEBUT ICON PACKS! FC 27 Ultimate Team","AuzioMF"
"Mbzz0gwTONU","UgyCdkP61wrc1OhMQWx4AaABAg","@KajAFCA","UCLEV4HcDk_L7tuAXqvKW8pQ","Gullit in mine.",0,"2026-09-18T02:20:54Z",0,2026-09-18 02:20:54,"Ultimate Team","30x DEBUT ICON PACKS! FC 27 Ultimate Team","AuzioMF"
"Mbzz0gwTONU","UgySrgom7AN1Yw_oee54AaABAg","@unravel6189","UCnQ30jcIZPtEQ7X_zpudYww","the amount of times I will be facing Lacroix and Varane will genuinely have be tweaking",33,"2026-09-18T02:20:44Z",0,2026-09-18 02:20:44,"Ultimate Team","30x DEBUT ICON PACKS! FC 27 Ultimate Team","AuzioMF"
"Mbzz0gwTONU","Ugw9kqKyKAbUVNTwe3x4AaABAg","@ItzAlexRBLX","UCH_B2yjdd50kNU9WBXCn3GQ","I like these 30x Debut Torres Packs Auzio.",1,"2026-09-18T02:13:19Z",0,2026-09-18 02:13:19,"Ultimate Team","30x DEBUT ICON PACKS! FC 27 Ultimate Team","AuzioMF"
"Mbzz0gwTONU","Ugy1IdpSHAky_Io_F_54AaABAg","@TNKDestroyer","UCSN12WwLXJ5cStMLYFDoqEw","I got Varane and couldn't be happier",7,"2026-09-18T02:09:10Z",0,2026-09-18 02:09:10,"Ultimate Team","30x DEBUT ICON PACKS! FC 27 Ultimate Team","AuzioMF"
"Mbzz0gwTONU","UgxFTo-1gj72RBkzrj94AaABAg","@realmeee","UCGKKXTv_yhbZoFl2G3953vQ","Bro is so happy with all of those untradable Torres. 😅",6,"2026-09-18T02:05:57Z",1,2026-09-18 02:05:57,"Ultimate Team","30x DEBUT ICON PACKS! FC 27 Ultimate Team","AuzioMF"
"Mbzz0gwTONU","UgxYHD6Vju-16yqinml4AaABAg","@bofo408","UCy5xlCclFl1xvjW5pT0Wdig","How do you get a icon pack on day one?",0,"2026-09-18T02:01:44Z",1,2026-09-18 02:01:44,"Ultimate Team","30x DEBUT ICON PACKS! FC 27 Ultimate Team","AuzioMF"
"Mbzz0gwTONU","UgzOJjGJiMAVhKcXN1d4AaABAg","@سجادالخزرجي-ل6ش","UCRqUVvgm5dRFdRWa71rL3GQ","If I buy the Al-Altem version now, will I get a package?",1,"2026-09-18T01:55:29Z",0,2026-09-18 01:55:29,"Ultimate Team","30x DEBUT ICON PACKS! FC 27 Ultimate Team","AuzioMF"
"Mbzz0gwTONU","UgyU3S2wbwdh1s0GjZ94AaABAg","@chrish9653","UCZQ2uJcTFK19F1hhUlu_TZw","Ofc I get a girl again",1,"2026-09-18T01:53:33Z",0,2026-09-18 01:53:33,"Ultimate Team","30x DEBUT ICON PACKS! FC 27 Ultimate Team","AuzioMF"
"Mbzz0gwTONU","Ugx8xWlQE-68_WSjyK14AaABAg","@karlwilliams5921","UC-0VCzOiBHy0SpyVafMpNFw","I got holographic varane and didn’t even realise until he mentioned it and my background was all purple",15,"2026-09-18T01:51:52Z",0,2026-09-18 01:51:52,"Ultimate Team","30x DEBUT ICON PACKS! FC 27 Ultimate Team","AuzioMF"
"Mbzz0gwTONU","UgxHB5IxZdvzHLhBhth4AaABAg","@yeffrisuarez5626","UCsjjZrEMDv5C7HPs1oUp_oA","would i get the 85+ icon pack if i buy ea play pro Right now ??? its been about almost 3 hours since the game came out.",2,"2026-09-18T01:48:04Z",4,2026-09-18 01:48:04,"Ultimate Team","30x DEBUT ICON PACKS! FC 27 Ultimate Team","AuzioMF"
"Mbzz0gwTONU","UgzkpYc6WLhwA3_LK-B4AaABAg","@TheWhiteWolf212.","UCaE6v0s7meirPZNkzaE263Q","I got Pepe not bad",1,"2026-09-18T01:41:23Z",0,2026-09-18 01:41:23,"Ultimate Team","30x DEBUT ICON PACKS! FC 27 Ultimate Team","AuzioMF"
"Mbzz0gwTONU","Ugzk0FNOTj-yBH02PGN4AaABAg","@Yoloooo-x9h","UCa0RmLNK7-I48ynw17EPakQ","Got Zidane",2,"2026-09-18T01:40:01Z",0,2026-09-18 01:40:01,"Ultimate Team","30x DEBUT ICON PACKS! FC 27 Ultimate Team","AuzioMF"
"Mbzz0gwTONU","Ugx8R807QGRuOZA0bOJ4AaABAg","@Mrlife1-omx","UCZGvSPctt1oDyj1-plTJ6cA","I didn’t even get my season pass token",1,"2026-09-18T01:37:10Z",1,2026-09-18 01:37:10,"Ultimate Team","30x DEBUT ICON PACKS! FC 27 Ultimate Team","AuzioMF"
"Mbzz0gwTONU","Ugy1VZM79XCadMixlRx4AaABAg","@IgetStarr","UCGs9iBebzOT6uWRort3rcjg","why is everyone so scared to say Rummenigg-eh",60,"2026-09-18T01:35:03Z",1,2026-09-18 01:35:03,"Ultimate Team","30x DEBUT ICON PACKS! FC 27 Ultimate Team","AuzioMF"
"Mbzz0gwTONU","Ugw_MHbAd_gZoedbct94AaABAg","@irxn299","UCmIGWf2_XZv2PHVwD_NdKUw","W packs",1,"2026-09-18T01:34:05Z",0,2026-09-18 01:34:05,"Ultimate Team","30x DEBUT ICON PACKS! FC 27 Ultimate Team","AuzioMF"
"Mbzz0gwTONU","Ugx5hKN06PWThofnNvB4AaABAg","@gregpowell8742","UCnLkjYfO1829ZLdxnavpbsg","Personal opinion that a lot won’t like but I don’t think aguero should be an icon. More of a hero to me.",1,"2026-09-18T01:31:10Z",1,2026-09-18 01:31:10,"Ultimate Team","30x DEBUT ICON PACKS! FC 27 Ultimate Team","AuzioMF"
"Mbzz0gwTONU","UgzkH5RyhAkcvUciaB94AaABAg","@BUILTINKOREA","UCBTeArmVIJ2ibz4Jj7WmFTg","I got Lucio w?",2,"2026-09-18T01:29:21Z",0,2026-09-18 01:29:21,"Ultimate Team","30x DEBUT ICON PACKS! FC 27 Ultimate Team","AuzioMF"
"Mbzz0gwTONU","UgxG2Osdeb6bOb7X1Fh4AaABAg","@maahiruzzaman3041","UCGAwXGR1nzXGgj2VrIHV3_w","How do you get this",0,"2026-09-18T01:27:19Z",1,2026-09-18 01:27:19,"Ultimate Team","30x DEBUT ICON PACKS! FC 27 Ultimate Team","AuzioMF"
"Mbzz0gwTONU","Ugw85J0FbJDOS9xUupB4AaABAg","@itz_sibubrochachines","UCXcwS5AE9zYMusewrxKrUzA","Hello auzio, i know you might not read this, but for the past 4 years i havent been able to buy a fifa or ea game, since im from Honduras, the price is too much for me to afford, i was wondering  if i could get it gifted, if not its ok, i know you are busy and your doing content constantly, but it would mean so much for me if i got it gifted, ur the best of all time Auzio, i know you'll reach 1m subs before the end of the year, keep going dude🔥",1,"2026-09-18T01:23:24Z",0,2026-09-18 01:23:24,"Ultimate Team","30x DEBUT ICON PACKS! FC 27 Ultimate Team","AuzioMF"
"Mbzz0gwTONU","Ugy48Qk_UOxpAC9eNfZ4AaABAg","@CuteBenji","UCZUIO-hrZG3TMLk8xCjHgtQ","Got pepe",1,"2026-09-18T01:13:55Z",0,2026-09-18 01:13:55,"Ultimate Team","30x DEBUT ICON PACKS! FC 27 Ultimate Team","AuzioMF"
"Mbzz0gwTONU","UgyGIFtr4UBPWztgr2x4AaABAg","@nbb-p3m","UCT0trfPpuv_etpNpbNMjNcA","Got zambrotta
L
Boring",0,"2026-09-18T01:11:18Z",1,2026-09-18 01:11:18,"Ultimate Team","30x DEBUT ICON PACKS! FC 27 Ultimate Team","AuzioMF"
"Mbzz0gwTONU","UgwAR-XJUvP8obXZCbN4AaABAg","@fizinnnnn3859","UCCmWw68ZiG8K-eK2hCsjcfQ","What is the diamond under the card for ?",1,"2026-09-18T01:11:02Z",1,2026-09-18 01:11:02,"Ultimate Team","30x DEBUT ICON PACKS! FC 27 Ultimate Team","AuzioMF"
"Mbzz0gwTONU","UgxOdBxBrxLQHnGbU-d4AaABAg","@Mysterydude-q1s","UCrHKnETNhjMCMhHfm0pVI7w","2 uploads in one day bros cooking",2,"2026-09-18T01:01:33Z",0,2026-09-18 01:01:33,"Ultimate Team","30x DEBUT ICON PACKS! FC 27 Ultimate Team","AuzioMF"
"Mbzz0gwTONU","UgzRCs-KkcsR2TkIsBJ4AaABAg","@Arch-t2y","UCREKi7K5ZCI_nppbW1Z7I-g","I got torres, cold for my Chelsea team😊",0,"2026-09-18T01:01:06Z",2,2026-09-18 01:01:06,"Ultimate Team","30x DEBUT ICON PACKS! FC 27 Ultimate Team","AuzioMF"
"Mbzz0gwTONU","Ugytc-g5tWzLa7NdqcB4AaABAg","@Kizaru_roblox","UCkI0wzP9-BqKDU_RWXi9UyQ","i mean i would be happy with anyone",2,"2026-09-18T01:00:59Z",0,2026-09-18 01:00:59,"Ultimate Team","30x DEBUT ICON PACKS! FC 27 Ultimate Team","AuzioMF"
"Mbzz0gwTONU","UgxFS-cIiL4Jc3xC5Kt4AaABAg","@dirarhaidar123","UCxKIuvxIuweFJLBQ-4fAuYw","Bro i ordered it but i didn’t get the icon wth man ? Any ideas",0,"2026-09-18T00:55:04Z",4,2026-09-18 00:55:04,"Ultimate Team","30x DEBUT ICON PACKS! FC 27 Ultimate Team","AuzioMF"
"Mbzz0gwTONU","UgzwzrraXGH8JZGF0NZ4AaABAg","@erenjaeger1473","UC_wX2A58mGR_xDzY_4YLWwg","I got Fernando Torres too",1,"2026-09-18T00:53:43Z",0,2026-09-18 00:53:43,"Ultimate Team","30x DEBUT ICON PACKS! FC 27 Ultimate Team","AuzioMF"
"Mbzz0gwTONU","Ugxh4vS5cnKVQ5sdmdN4AaABAg","@Rebecca-v8c7n","UCJNGB4gCqq6wMmQOW_NIYQw","I wish they would follow the same concept as EFootball where they use the players actual imagine of how they looked in that year.",63,"2026-09-18T00:52:31Z",10,2026-09-18 00:52:31,"Ultimate Team","30x DEBUT ICON PACKS! FC 27 Ultimate Team","AuzioMF"
"Mbzz0gwTONU","Ugwj9vE4RDtdzcLTBfN4AaABAg","@Lobont666","UCb2P-4sl8nOAKu8tkW1oi1w","I wish they would follow the same concept as EFootball where they use the players actual imagine of how they looked in that year.",4,"2026-09-18T00:51:26Z",4,2026-09-18 00:51:26,"Ultimate Team","30x DEBUT ICON PACKS! FC 27 Ultimate Team","AuzioMF"
"Mbzz0gwTONU","Ugzb5BHWw-NAB4V28B54AaABAg","@AlexxJens","UCBKlbbbOyoINzbo6bETYW2w","Auzioooo my goat🙏💯",1,"2026-09-18T00:46:31Z",0,2026-09-18 00:46:31,"Ultimate Team","30x DEBUT ICON PACKS! FC 27 Ultimate Team","AuzioMF"
"Mbzz0gwTONU","UgzoIpbDZM6pKGbKqDp4AaABAg","@KianHardwick_","UCxlQukx8GO-hCEmhjNwee7Q","i got schweinsteger",2,"2026-09-18T00:41:31Z",0,2026-09-18 00:41:31,"Ultimate Team","30x DEBUT ICON PACKS! FC 27 Ultimate Team","AuzioMF"
"Mbzz0gwTONU","UgyndngVsMXTz0YOb6B4AaABAg","@chotspot2023","UC_ZF5aiQ89csGYZSYrjQhDw","Returned from my day trip to Auckland to see this banger. Unreal stream earlier keep it up. (Mod would be appreciated kind sir ❤)",5,"2026-09-18T00:39:25Z",0,2026-09-18 00:39:25,"Ultimate Team","30x DEBUT ICON PACKS! FC 27 Ultimate Team","AuzioMF"
"Mbzz0gwTONU","UgwW-_pJtTSxzzBO5bl4AaABAg","@jwalkk89","UCUDkvoK6St-LyApM_9EbgGg","Under 1 min",1,"2026-09-18T00:39:20Z",0,2026-09-18 00:39:20,"Ultimate Team","30x DEBUT ICON PACKS! FC 27 Ultimate Team","AuzioMF"
"Mbzz0gwTONU","UgwKNC0Xc_GmzPFffYN4AaABAg","@King_Bambo","UC4TuYEwrBb06wYwD6D2ygUA","W video",2,"2026-09-18T00:38:51Z",0,2026-09-18 00:38:51,"Ultimate Team","30x DEBUT ICON PACKS! FC 27 Ultimate Team","AuzioMF"
"Mbzz0gwTONU","Ugx_fzyPBq4ihh0P9b54AaABAg","@valera3708","UCsU49h0DWnGFVN188e4Ph9Q","All the best in FC 27 brother 🤝💪🫶",5,"2026-09-18T00:38:26Z",0,2026-09-18 00:38:26,"Ultimate Team","30x DEBUT ICON PACKS! FC 27 Ultimate Team","AuzioMF"
"Mbzz0gwTONU","Ugzl7Ler6EslSezLGBN4AaABAg","@nfcli","UCvxIitvsX9cm7TN1zrSCfTQ","ارحببب🇸🇦🇸🇦🇸🇦",0,"2026-09-18T00:38:19Z",0,2026-09-18 00:38:19,"Ultimate Team","30x DEBUT ICON PACKS! FC 27 Ultimate Team","AuzioMF"
"Mbzz0gwTONU","UgwAeL4QcqLQGO7ORrl4AaABAg","@RaydenMB","UC_RvsNFuiMwgGQLbjig3Lrw","1st comment",2,"2026-09-18T00:38:14Z",0,2026-09-18 00:38:14,"Ultimate Team","30x DEBUT ICON PACKS! FC 27 Ultimate Team","AuzioMF"
"-iCLBdPChD0","UgwgoSLw9wfE5c61ZK14AaABAg","@codybrandt9141","UCW3IWDo5xZFvGegsNqNdMoQ","Unc be quiet your the problem",0,"2026-09-24T01:28:23Z",0,2026-09-24 01:28:23,"Ultimate Team","WOW This SUCK So Bad... FC27 Ultimate Team","AA9skillz"
"-iCLBdPChD0","UgzUTTZKsh4wHBo09Ud4AaABAg","@cthoffman9351","UCi9rqr_IxiCKDzXQEozXi5g","My 6 year old nephew got fc26 late in the cycle. And couldn’t access the market because he couldn’t find a game of rush to play for objectives on his switch. It’s frustrating.",0,"2026-09-23T12:56:46Z",0,2026-09-23 12:56:46,"Ultimate Team","WOW This SUCK So Bad... FC27 Ultimate Team","AA9skillz"
"-iCLBdPChD0","Ugy3ghUQGFu8GBealwJ4AaABAg","@GhostOGz","UC4iGJw1dA-gFuAXCQmKRYyA","I don't even have FC27band have already 35k from trading lol

It's a thing for newly created accounts to avoid coin transfers",0,"2026-09-23T09:48:11Z",0,2026-09-23 09:48:11,"Ultimate Team","WOW This SUCK So Bad... FC27 Ultimate Team","AA9skillz"
"-iCLBdPChD0","UgyxyO_P8rw45FFDCB54AaABAg","@nutter_buster_v.118","UCcTjIvptTEBGt3_otIvcj-w","I see you don’t have market access, but you still have a good amount of meta players first owner. How is hasegawa and Dybala sitting out?",0,"2026-09-23T03:54:59Z",0,2026-09-23 03:54:59,"Ultimate Team","WOW This SUCK So Bad... FC27 Ultimate Team","AA9skillz"
"-iCLBdPChD0","Ugxuyjlg7ALaPELhKVp4AaABAg","@justalad9688","UCBGplO3Rk7KyvjK_5Hef5BA","Anyone have trouble today/last night playing ultimate team ? My controls fucked up and my player’s couldn’t run",0,"2026-09-23T03:42:02Z",0,2026-09-23 03:42:02,"Ultimate Team","WOW This SUCK So Bad... FC27 Ultimate Team","AA9skillz"
"-iCLBdPChD0","Ugw0pLXaTY8TMD9g_bp4AaABAg","@duke7tv","UCuPmX5P-8p7RUv1vjX78Q4g","Fekir sells btw",0,"2026-09-22T17:03:13Z",0,2026-09-22 17:03:13,"Ultimate Team","WOW This SUCK So Bad... FC27 Ultimate Team","AA9skillz"
"-iCLBdPChD0","UgyJ5WG8iIMgooRb5OJ4AaABAg","@kaskovic1993","UCCbe3Eg0eYXZIpwoGPDv3vw","Grounds>FUT",0,"2026-09-22T14:53:06Z",0,2026-09-22 14:53:06,"Ultimate Team","WOW This SUCK So Bad... FC27 Ultimate Team","AA9skillz"
"-iCLBdPChD0","UgwGmQSP8rJKfNyDu3d4AaABAg","@reecepotter7226","UCqcejrPE3ZmtgOl0gdErD5A","We need 2 vids a day!",0,"2026-09-22T13:23:21Z",0,2026-09-22 13:23:21,"Ultimate Team","WOW This SUCK So Bad... FC27 Ultimate Team","AA9skillz"
"-iCLBdPChD0","UgwhVdTY5ZnFec0ZDnZ4AaABAg","@mohanadessam3473","UCOLIKihAgsZ0uzHi4tvmNIQ","Is this gameplay considered true Football?! This game has nothing to do with Football",0,"2026-09-22T13:15:36Z",0,2026-09-22 13:15:36,"Ultimate Team","WOW This SUCK So Bad... FC27 Ultimate Team","AA9skillz"
"-iCLBdPChD0","Ugxj2E-C0m2mUjGLfR54AaABAg","@mustafahawli9922","UCAhq9aGHv-xmfDVDcdNgBVQ","Less negative comments, thank God they were getting annoying… I was watching you and RTFM Nick you both are banging out drafts and I got hyped because I was playing as well. I matched 4 hackers in a row they made me lose in the 1st round. I lost an insane amount of coins. Becareful if you’re on PC. Thought I’d warn people who might want to try like me.",0,"2026-09-22T12:42:35Z",0,2026-09-22 12:42:35,"Ultimate Team","WOW This SUCK So Bad... FC27 Ultimate Team","AA9skillz"
"-iCLBdPChD0","UgzyrSNGlVGok0g-nMN4AaABAg","@Sukipuki-v9z","UCTpaT3kIghCSH29pJr1BiGg","Wirtz not Wurtz prounced like W(ear)tz",0,"2026-09-22T12:41:11Z",0,2026-09-22 12:41:11,"Ultimate Team","WOW This SUCK So Bad... FC27 Ultimate Team","AA9skillz"
"-iCLBdPChD0","UgyotdwuuxTCxd9qeNF4AaABAg","@ssbdxziii1848","UC_xGUxTxXJm1OymxivTUT2A","You can use the marketing a few days",0,"2026-09-22T12:37:22Z",0,2026-09-22 12:37:22,"Ultimate Team","WOW This SUCK So Bad... FC27 Ultimate Team","AA9skillz"
"-iCLBdPChD0","UgwCvGQ4NUfH1IAtuYx4AaABAg","@Freealt","UCsKbigqaoV7HbNksspFypGw","Bro finally someone said it! I'm a Madden and College Football guy. Just came back to Fifa for the first time in years. Over there it's unheard of that you wouldn't have access to the auction house on a new account. I could see doing some objectives if coin sellers are bad. But this is ridiculous, y'all may laugh but as a new player it took me hours to complete those objectives only to find out after the market is still locked for 48hrs.... How am I supposed to play ultimate team with no market? Just makes me not want to play.",2,"2026-09-22T10:45:53Z",1,2026-09-22 10:45:53,"Ultimate Team","WOW This SUCK So Bad... FC27 Ultimate Team","AA9skillz"
"-iCLBdPChD0","UgyVIVW3P9uuG3cjHcF4AaABAg","@Ala3eeb","UCVsuc4Gf-jPqcuh7k9R9hTg","UT dead mode years ago now ,they ruined the RTG concept",0,"2026-09-22T07:28:25Z",0,2026-09-22 07:28:25,"Ultimate Team","WOW This SUCK So Bad... FC27 Ultimate Team","AA9skillz"
"-iCLBdPChD0","Ugws3Th1XOsWEK9v7bV4AaABAg","@jazzyjeff7","UCJgLbMiZcaBhbMt77ULN0Lw","This is NOT FOOTBALL 😂",0,"2026-09-22T06:59:22Z",0,2026-09-22 06:59:22,"Ultimate Team","WOW This SUCK So Bad... FC27 Ultimate Team","AA9skillz"
"-iCLBdPChD0","Ugx-ft6HSLzCU0ljHoh4AaABAg","@smp5343","UCahB5jJGQwzS290iDrEx0QA","W intro",0,"2026-09-22T06:10:03Z",0,2026-09-22 06:10:03,"Ultimate Team","WOW This SUCK So Bad... FC27 Ultimate Team","AA9skillz"
"-iCLBdPChD0","UgwdHXKyjxDgT6qSdqt4AaABAg","@cruzthegod2393","UCd7B4qTTodYDtAvNSFFHy-g","This guy complains all day and still makes videos about a game he don’t “like”",0,"2026-09-22T06:09:56Z",0,2026-09-22 06:09:56,"Ultimate Team","WOW This SUCK So Bad... FC27 Ultimate Team","AA9skillz"
"-iCLBdPChD0","Ugyw2FQDDDIkuFjJ2RF4AaABAg","@beanz2092","UC3RF2Udom03z07o0AEScaTw","Uncle got the ryhmes 😂",0,"2026-09-22T05:29:06Z",0,2026-09-22 05:29:06,"Ultimate Team","WOW This SUCK So Bad... FC27 Ultimate Team","AA9skillz"
"-iCLBdPChD0","Ugwx_btXFmPTIvEaOlp4AaABAg","@Bonfire5th","UCIY12wPD9TZM7oDJg1Q4pag","Why are they banning people from the Transfer market? or is it only for new accounts",0,"2026-09-22T04:03:22Z",0,2026-09-22 04:03:22,"Ultimate Team","WOW This SUCK So Bad... FC27 Ultimate Team","AA9skillz"
"-iCLBdPChD0","UgzAB7xeu0XXJEzXgCN4AaABAg","@FrankieRizzi","UC_o5hYhbyoJYec1tC-OJBxg","I think we all know what team you're going to build and it's prem just like everyone else",0,"2026-09-22T03:28:30Z",0,2026-09-22 03:28:30,"Ultimate Team","WOW This SUCK So Bad... FC27 Ultimate Team","AA9skillz"
"-iCLBdPChD0","UgwwxvV-VLJJfXmLMct4AaABAg","@lucamckenna","UCGs_Idx3i2Rq_nT_e26NQqw","I did all the objectives and thought I unlocked them, spent $200 opening packs, and then it told me I couldn’t use it for 24 hours. I don’t know why they think that’s a good idea….",0,"2026-09-22T03:21:28Z",0,2026-09-22 03:21:28,"Ultimate Team","WOW This SUCK So Bad... FC27 Ultimate Team","AA9skillz"
"-iCLBdPChD0","UgyugxAT0ESBLn1YyO14AaABAg","@forshigity5000","UC7K-lDQYBG38hGKB2plIdEA","You are a grown ass man, stop grifting to 15 year olds",0,"2026-09-22T03:18:17Z",0,2026-09-22 03:18:17,"Ultimate Team","WOW This SUCK So Bad... FC27 Ultimate Team","AA9skillz"
"-iCLBdPChD0","Ugw98vVL5Y_rfw8N69N4AaABAg","@zeddluciano1775","UC8U5gOhFSosANVDIA5wIy6A","Check the player bio it’ll show you their market price",0,"2026-09-22T02:49:30Z",0,2026-09-22 02:49:30,"Ultimate Team","WOW This SUCK So Bad... FC27 Ultimate Team","AA9skillz"
"-iCLBdPChD0","UgxEeVATBkrD-GCfTtR4AaABAg","@Wsg666","UC8_mixkFKU5kAQCWVn35ZLA","I know this is a video about UT, I play career mode heavy, has anyone noticed the touches and passes on authentic is kinda bad or am I trash? 😅 idk just wanted to see if anyone will reply",0,"2026-09-22T02:26:17Z",0,2026-09-22 02:26:17,"Ultimate Team","WOW This SUCK So Bad... FC27 Ultimate Team","AA9skillz"
"-iCLBdPChD0","UgwDau8kSsS_uX8TzNR4AaABAg","@sahaaz7","UCXFYfu5dBnZ0yxkvEsKW52g","16 goals in 75, this is anything but a football game😂",0,"2026-09-22T01:44:42Z",0,2026-09-22 01:44:42,"Ultimate Team","WOW This SUCK So Bad... FC27 Ultimate Team","AA9skillz"
"-iCLBdPChD0","UgzhsgGcLn8XjBpL8XN4AaABAg","@jorgecontreras4954","UCcp3hvH1BoGJcaurIWfOaDA","You played my friend in the 3 round! 😅 Big fan brother.",2,"2026-09-22T01:43:28Z",0,2026-09-22 01:43:28,"Ultimate Team","WOW This SUCK So Bad... FC27 Ultimate Team","AA9skillz"
"-iCLBdPChD0","UgxNUlolPgwVOUbBA0F4AaABAg","@RalphWiggum47845","UC2UPf3qJGxT2bUVyYcORe8g","An iq too low",0,"2026-09-22T01:22:17Z",0,2026-09-22 01:22:17,"Ultimate Team","WOW This SUCK So Bad... FC27 Ultimate Team","AA9skillz"
"-iCLBdPChD0","UgwWoSFR3jo9LbAik1V4AaABAg","@AlessandroDiamanti-h6h","UCxlDasUUiW2m4LCYCehyzHg","Same like its so annoying like damn 23 hours like wtf bro",0,"2026-09-21T22:45:28Z",0,2026-09-21 22:45:28,"Ultimate Team","WOW This SUCK So Bad... FC27 Ultimate Team","AA9skillz"
"-iCLBdPChD0","Ugymr97gf_rUWCNDFm14AaABAg","@ahmetmoses555","UCQkUC0s60OtF8VOjbdsOlbQ","my market is banned too without even using it wtf is going on",0,"2026-09-21T22:13:44Z",0,2026-09-21 22:13:44,"Ultimate Team","WOW This SUCK So Bad... FC27 Ultimate Team","AA9skillz"
"-iCLBdPChD0","UgwymNlfP2EdLpZFh6R4AaABAg","@qwerty-g9x3p","UCyWZCIPTZ0vYoC_Y8hp4VaQ","bro ur complaining so much lol just don’t play fut",0,"2026-09-21T21:51:59Z",0,2026-09-21 21:51:59,"Ultimate Team","WOW This SUCK So Bad... FC27 Ultimate Team","AA9skillz"
"-iCLBdPChD0","Ugzil9iPl-HgFJI_WoZ4AaABAg","@Pelesane","UCh9YRmuI0TXBWZhxY000Yyg","musi-allah",0,"2026-09-21T20:56:32Z",0,2026-09-21 20:56:32,"Ultimate Team","WOW This SUCK So Bad... FC27 Ultimate Team","AA9skillz"
"-iCLBdPChD0","Ugz3E9Xue8NxczsIPhB4AaABAg","@albenavides1207","UChOieaKFOlHEkKb8nfyOazw","Xbox is incredibly slow and heavy per usual i canceled my preorder after the free trial, seasons in fc26 does feel like a good gameplay UT is always cooked, dirst year ever i pass",0,"2026-09-21T20:34:46Z",0,2026-09-21 20:34:46,"Ultimate Team","WOW This SUCK So Bad... FC27 Ultimate Team","AA9skillz"
"-iCLBdPChD0","UgyefTDPI7gR9UXcUI14AaABAg","@mikestocks8507","UCVMHdaF7MmEDLU1H7s8gkeQ","Ones to watch reminds me of that year you got otw cr7 wass crazy",2,"2026-09-21T20:27:44Z",0,2026-09-21 20:27:44,"Ultimate Team","WOW This SUCK So Bad... FC27 Ultimate Team","AA9skillz"
"-iCLBdPChD0","UgyOVjUFqaN-olrMvn14AaABAg","@reacongaming5956","UCUEfcfq4xp5GMxKLKLM2dAA","On console when you make a new account you get banned for 24 hours when you finally unlock the auction house for pc it’s 48 hours",0,"2026-09-21T20:24:24Z",0,2026-09-21 20:24:24,"Ultimate Team","WOW This SUCK So Bad... FC27 Ultimate Team","AA9skillz"
"-iCLBdPChD0","UgzWAppgzBsUw34Umo94AaABAg","@PecheLeBlue","UCCCRznzsvtFUodo9J7hfJ6g","This dude talk too much,,, his tongue 👅 is the strongest muscle",0,"2026-09-21T19:43:48Z",0,2026-09-21 19:43:48,"Ultimate Team","WOW This SUCK So Bad... FC27 Ultimate Team","AA9skillz"
"-iCLBdPChD0","UgxE3Zxk9bqDEG9CZ3l4AaABAg","@jeremyk3670","UCcnm7t-oNQpDFEmaC3CCL3Q","You back playing this trash again. Save us the rant videos this year dummy",1,"2026-09-21T18:50:19Z",0,2026-09-21 18:50:19,"Ultimate Team","WOW This SUCK So Bad... FC27 Ultimate Team","AA9skillz"
"-iCLBdPChD0","UgxG2df_86MeMm86efh4AaABAg","@adrian-9930","UCgQQb7Td-nKY-HGv_1JYKEw","Zzzzzz",0,"2026-09-21T18:40:47Z",0,2026-09-21 18:40:47,"Ultimate Team","WOW This SUCK So Bad... FC27 Ultimate Team","AA9skillz"
"-iCLBdPChD0","UgyCC3AXcrWjTBDXiPR4AaABAg","@E10zzz","UCNoOdSoBRasU4HjBziHMyaw","It prevents cheaters. I think the transfer market lock out is good at least until they get a better anti cheat. I’ve already matches with a cheater in Online Draft",0,"2026-09-21T18:38:34Z",0,2026-09-21 18:38:34,"Ultimate Team","WOW This SUCK So Bad... FC27 Ultimate Team","AA9skillz"
"-iCLBdPChD0","UgzY9KvZ2-CHfrzHiiN4AaABAg","@WuddhaCR7","UCFCMf9oRjjyyST5cuQvOd8w","Grind for 4 days and your sqaud looks like that? Say sike pls",0,"2026-09-21T18:29:02Z",0,2026-09-21 18:29:02,"Ultimate Team","WOW This SUCK So Bad... FC27 Ultimate Team","AA9skillz"
"-iCLBdPChD0","UgwAdZCN_ryMOU0DTKR4AaABAg","@segmu4376","UCXdfRea-NcNgTBn1gLmvbsA","I hate the 48 hour hold on Transfer Market unlock ban. I've only played FIFA since 2006. I know I played the past 6-7 FIFAs the last two months (when the game is free), but it's ridiculous when I pay $80 for FC27 Ultimate and can't do anything on FUT... Well, time to play 2K, I mean FC27 Playground. I mean, FC27 Grounds.",0,"2026-09-21T18:24:02Z",0,2026-09-21 18:24:02,"Ultimate Team","WOW This SUCK So Bad... FC27 Ultimate Team","AA9skillz"
"-iCLBdPChD0","UgztbYfav-GLTYGs9Y94AaABAg","@Angelorozcozamora","UCnYUw25GEsfTaNfGcJ9ZIRg","At the first day early access I finished the objectives and I had that message:/",0,"2026-09-21T18:13:51Z",0,2026-09-21 18:13:51,"Ultimate Team","WOW This SUCK So Bad... FC27 Ultimate Team","AA9skillz"
"-iCLBdPChD0","UgyGAE4Fkuuoz9i_kxl4AaABAg","@antoniodacosta8775","UCSvXQdYvrP8muT3X0Z2ik7w","Nothing wrong with an American português embracing his Português roots, but if you’re gonna speak Português in your videos (vamos) at least check google translate so you can pronounce the words properly 😭😂 mf saying vamoos instead of “vamosh”",0,"2026-09-21T18:09:58Z",1,2026-09-21 18:09:58,"Ultimate Team","WOW This SUCK So Bad... FC27 Ultimate Team","AA9skillz"
"-iCLBdPChD0","UgwFrV43miWwoDPKqa14AaABAg","@Anthony-yr9ky","UC6sRghh3t0yIm4n8TlFaYsQ","Can't wait 7 days and you keep buying the same recycled game with updated rosters lol",0,"2026-09-21T18:01:42Z",0,2026-09-21 18:01:42,"Ultimate Team","WOW This SUCK So Bad... FC27 Ultimate Team","AA9skillz"
"-iCLBdPChD0","UgyWB-AGCSkpYbcXJFF4AaABAg","@johanjensen5674","UCRuGLD3GM54BfwNIMvbm6_w","Ayooo Catania AC? My club name since fifa 19 has been Catania AS",0,"2026-09-21T17:55:32Z",0,2026-09-21 17:55:32,"Ultimate Team","WOW This SUCK So Bad... FC27 Ultimate Team","AA9skillz"
"-iCLBdPChD0","UgyuPSxfZ_Fk5sYeWo94AaABAg","@TheGoat_.","UCwDUE1iJoj7iCxblGpNBfCQ","just enjoy the damn game mf always bitchin",0,"2026-09-21T17:48:44Z",0,2026-09-21 17:48:44,"Ultimate Team","WOW This SUCK So Bad... FC27 Ultimate Team","AA9skillz"
"-iCLBdPChD0","UgyPCl63pSKn6JQkQGp4AaABAg","@ryanmartincf","UCVQU52YKDGxOcECAQEnZSlQ","Make a new Rivals team 🔥",1,"2026-09-21T17:48:44Z",0,2026-09-21 17:48:44,"Ultimate Team","WOW This SUCK So Bad... FC27 Ultimate Team","AA9skillz"
"-iCLBdPChD0","UgzmWt2QATQL4xLeb_14AaABAg","@Wallystaryu","UC01YxuZOCKjpHFOST6aaLTQ","I love the music during the game around minute 15. What song is that my friend?",0,"2026-09-21T17:48:15Z",0,2026-09-21 17:48:15,"Ultimate Team","WOW This SUCK So Bad... FC27 Ultimate Team","AA9skillz"
"-iCLBdPChD0","UgwwbNMkxgeRQRPvF8l4AaABAg","@Mohamed-r6u7l","UC_oHUNsTpuWPq-n3FzD9mwA","Activate the market bro",0,"2026-09-21T17:47:25Z",1,2026-09-21 17:47:25,"Ultimate Team","WOW This SUCK So Bad... FC27 Ultimate Team","AA9skillz"
"-iCLBdPChD0","Ugwc1pm7ELr7eP0E2OZ4AaABAg","@unknownp9885","UCDJhdoDVxiAdBptjTl_NJrw","Skills the Lacroix from the season pass is very good",0,"2026-09-21T17:32:56Z",0,2026-09-21 17:32:56,"Ultimate Team","WOW This SUCK So Bad... FC27 Ultimate Team","AA9skillz"
"-iCLBdPChD0","Ugyz_yicjP7RTuHB71V4AaABAg","@michaeldevlin2315","UClHFC7Gir4hy1mXw7YLK-iQ","or they are cracking down on accounts that are linked to accounts that buy coins?",0,"2026-09-21T17:24:13Z",0,2026-09-21 17:24:13,"Ultimate Team","WOW This SUCK So Bad... FC27 Ultimate Team","AA9skillz"
"-iCLBdPChD0","Ugyeg6opgceUqsAK8Ix4AaABAg","@user-mr7ov8du3j","UCO1aT20FJHj3-4NqdIeuTqg","Its to easy to score",0,"2026-09-21T17:16:57Z",0,2026-09-21 17:16:57,"Ultimate Team","WOW This SUCK So Bad... FC27 Ultimate Team","AA9skillz"
"-iCLBdPChD0","UgyBrxfUHh78BetNQQV4AaABAg","@user-mr7ov8du3j","UCO1aT20FJHj3-4NqdIeuTqg","They fuckt the holl game op",0,"2026-09-21T17:16:41Z",0,2026-09-21 17:16:41,"Ultimate Team","WOW This SUCK So Bad... FC27 Ultimate Team","AA9skillz"
"-iCLBdPChD0","UgwUG-fKVJrDOXxFvEZ4AaABAg","@martinkjr8780","UCKl4-asnf00eIvUqrXeammA","IM so glad i didnt buy into fc this year just to see people with these teams already just show the pay to win is even worse this year - sad to see where we are, and the state. Ive playes fut every year since 2014",0,"2026-09-21T17:12:00Z",1,2026-09-21 17:12:00,"Ultimate Team","WOW This SUCK So Bad... FC27 Ultimate Team","AA9skillz"
"-iCLBdPChD0","Ugyi0jOW09I-XT-Dn514AaABAg","@Lfcklopp","UCGkb2LfRb27ltJGStrV0KGA","This company is in the mud",0,"2026-09-21T16:58:51Z",0,2026-09-21 16:58:51,"Ultimate Team","WOW This SUCK So Bad... FC27 Ultimate Team","AA9skillz"
"-iCLBdPChD0","Ugxhpezc_N2gBUu3Xcx4AaABAg","@SHKOOD","UCmQmMu5MEnXQseZLppCiGrA","No lags on pc? I have a gaming pc and the game wont stop lagging and stuttering",0,"2026-09-21T16:57:47Z",0,2026-09-21 16:57:47,"Ultimate Team","WOW This SUCK So Bad... FC27 Ultimate Team","AA9skillz"
"-iCLBdPChD0","UgwJrJP-2hevdY1mTnh4AaABAg","@hectorvillegas2424","UCSGaesiamybIImlWpqB9Ajw","Camera settings",0,"2026-09-21T16:51:08Z",0,2026-09-21 16:51:08,"Ultimate Team","WOW This SUCK So Bad... FC27 Ultimate Team","AA9skillz"
"-iCLBdPChD0","Ugy6v9AKg4GcuB0Ryex4AaABAg","@dehhota","UCCvo2L6aHMBsBarqihKd7LA","a few bad apples ruin it for everyone",0,"2026-09-21T16:49:38Z",0,2026-09-21 16:49:38,"Ultimate Team","WOW This SUCK So Bad... FC27 Ultimate Team","AA9skillz"
"-iCLBdPChD0","UgydcvgAFaUMbchEJhJ4AaABAg","@rhyslebeau1922","UCXV_5vxX78xjK0IOjgLD2Aw","Surely you just had a different account to use than making a fresh one no?",0,"2026-09-21T16:42:56Z",0,2026-09-21 16:42:56,"Ultimate Team","WOW This SUCK So Bad... FC27 Ultimate Team","AA9skillz"
"-iCLBdPChD0","Ugw4aDM7P9aIU0FNeBN4AaABAg","@KaneGames952","UCPbVJ9QX1Wo1i4agHu8wfFw","Play the grounds in your next video",0,"2026-09-21T16:31:59Z",0,2026-09-21 16:31:59,"Ultimate Team","WOW This SUCK So Bad... FC27 Ultimate Team","AA9skillz"
"-iCLBdPChD0","Ugw7qYDT3zQkRurlPs54AaABAg","@TexasDNA","UCGy6fL5yEOPZKq60AbObBJw","all this guy does is complain like bro go find another game to play",0,"2026-09-21T16:30:50Z",0,2026-09-21 16:30:50,"Ultimate Team","WOW This SUCK So Bad... FC27 Ultimate Team","AA9skillz"
"-iCLBdPChD0","UgzQg20WMfonqFajNQ14AaABAg","@Emacs1982","UC8pKpoKU42z1zADMujUt9UA","I used to love your videos but youve been so negative its boring now, if you dont like jt that much dont play it",0,"2026-09-21T16:26:04Z",0,2026-09-21 16:26:04,"Ultimate Team","WOW This SUCK So Bad... FC27 Ultimate Team","AA9skillz"
"-iCLBdPChD0","UgyZ6_OVjVgK0fGTPzV4AaABAg","@davidpena8453","UCILFJDNNQfH_tY1GRZXABmw","I love skills,love his “ intelligent“ opinions on real football, and his rants. But come on lets not start ranting to rant lol unc is heated",0,"2026-09-21T16:26:03Z",0,2026-09-21 16:26:03,"Ultimate Team","WOW This SUCK So Bad... FC27 Ultimate Team","AA9skillz"
"-iCLBdPChD0","UgxcuBZGBaTlIA3cxZx4AaABAg","@alexandredefranca4746","UCcBRxSFwhX8UB1RZu341AEw","Yo Skills what kit are you using in your first draft in the video? It has the Madeira flag and sponsored by Coral?",0,"2026-09-21T16:22:03Z",1,2026-09-21 16:22:03,"Ultimate Team","WOW This SUCK So Bad... FC27 Ultimate Team","AA9skillz"
"-iCLBdPChD0","UgykyJFfutbRbwOUOgh4AaABAg","@aah9592","UCo21jLHSbNP6s_eVw81xxYQ","What camera angle is this ?",0,"2026-09-21T16:17:09Z",0,2026-09-21 16:17:09,"Ultimate Team","WOW This SUCK So Bad... FC27 Ultimate Team","AA9skillz"
"-iCLBdPChD0","UgyHr8lZMRMiREnmKvV4AaABAg","@BrianS90","UC8IGh4yQN0DkDZkHQAFj2-A","The richer we get the more things will cost on the market so it makes no difference",0,"2026-09-21T16:14:50Z",0,2026-09-21 16:14:50,"Ultimate Team","WOW This SUCK So Bad... FC27 Ultimate Team","AA9skillz"
"-iCLBdPChD0","Ugw92H273-jkcW5its14AaABAg","@gourjamz4300","UCetxeI07432fLDHcC5c70Fw","No one needs to buy cards in this game, I’ve never bought a player for my team just use the players you pack, not affected me one bit just do some 78x2 upgrades",0,"2026-09-21T16:09:43Z",0,2026-09-21 16:09:43,"Ultimate Team","WOW This SUCK So Bad... FC27 Ultimate Team","AA9skillz"
"-iCLBdPChD0","UgzNMJqHB2sklHF0LJl4AaABAg","@fakedakillzor8","UCac1_C2HCp6eKn3Sfgu81RQ","This is like basketball not football🤣",0,"2026-09-21T16:08:34Z",0,2026-09-21 16:08:34,"Ultimate Team","WOW This SUCK So Bad... FC27 Ultimate Team","AA9skillz"
"-iCLBdPChD0","Ugxcf7PTrgLwxG9TYp54AaABAg","@AdamSmith1122-t5r","UCjb4cVp-96efupohs3EfslA","I do think you are being negative for the sake of being negative",0,"2026-09-21T16:03:33Z",0,2026-09-21 16:03:33,"Ultimate Team","WOW This SUCK So Bad... FC27 Ultimate Team","AA9skillz"
"-iCLBdPChD0","UgwxxO05UTcfqFCNOxt4AaABAg","@kuruptrr","UCfD8TV8vx1UBMEzDg-3bcOA","How is he even transfer banned 😂",0,"2026-09-21T15:54:44Z",0,2026-09-21 15:54:44,"Ultimate Team","WOW This SUCK So Bad... FC27 Ultimate Team","AA9skillz"
"-iCLBdPChD0","UgzY30mEuK1OgBR9wP54AaABAg","@kiibo147","UCaj_moy6SGSiZu1fY8AhGXA","i bought fc27 and i didnt have to do any objectives i had transfer market right away on PC",0,"2026-09-21T15:51:24Z",0,2026-09-21 15:51:24,"Ultimate Team","WOW This SUCK So Bad... FC27 Ultimate Team","AA9skillz"
"-iCLBdPChD0","Ugz_IZ3vA3U9o_uLHyl4AaABAg","@franciscomartins4100","UClgmooTMeD7J1ErpRFqsCrg","I like the game so far,but 16 gols per game is not realistic at all",0,"2026-09-21T15:50:00Z",0,2026-09-21 15:50:00,"Ultimate Team","WOW This SUCK So Bad... FC27 Ultimate Team","AA9skillz"
"-iCLBdPChD0","UgygwcMxC0malh1cXuV4AaABAg","@th0m4s1n0","UC3MWopz2kP_mpQ6tCmC4bTQ","There is an avg sell price on the bio of the card so you can have an idea on the price of cards even tho you cant compare yet",10,"2026-09-21T15:46:39Z",0,2026-09-21 15:46:39,"Ultimate Team","WOW This SUCK So Bad... FC27 Ultimate Team","AA9skillz"
"-iCLBdPChD0","UgwYkQ2kdD9C3P9QFNN4AaABAg","@its_lui392","UCWzmV5LA3_GHc8oLs9Nu9NQ","you should work on reaching lvl 7 on the season pass and get lacroix a good pairing next to varane",0,"2026-09-21T15:40:06Z",0,2026-09-21 15:40:06,"Ultimate Team","WOW This SUCK So Bad... FC27 Ultimate Team","AA9skillz"
"-iCLBdPChD0","UgyROKI0HdaXc8bBUKx4AaABAg","@aamirviqar","UCKi8wL68mvD26YvxZAGtktQ","Video games were never meant to be careers for losers like this",0,"2026-09-21T15:39:58Z",0,2026-09-21 15:39:58,"Ultimate Team","WOW This SUCK So Bad... FC27 Ultimate Team","AA9skillz"
"-iCLBdPChD0","UgzALVfPHXamdwGifVJ4AaABAg","@JohnnyLiving","UCwfn8yU5b_qlEcX98lOkDtw","He spent the whole summer talking trash about fifa and how he wouldn't get the new one just to get the new one lol",1,"2026-09-21T15:30:43Z",0,2026-09-21 15:30:43,"Ultimate Team","WOW This SUCK So Bad... FC27 Ultimate Team","AA9skillz"
"-iCLBdPChD0","UgzF_wYdW_3OfM6k5fZ4AaABAg","@donttryitanakin1yt549","UCz1Ft51Ei8SKmVUoCRoqV1g","This happened to me. After the time ran out ive been able to buy and list at my pleasure",0,"2026-09-21T15:29:55Z",0,2026-09-21 15:29:55,"Ultimate Team","WOW This SUCK So Bad... FC27 Ultimate Team","AA9skillz"
"-iCLBdPChD0","UgzkcqzBKOHAhg-_sNx4AaABAg","@eduardolegion_10","UCrG1EJjsNtNKiv9owRRQNRw","those objectives exist cause of coins bot accounts",1,"2026-09-21T15:15:18Z",0,2026-09-21 15:15:18,"Ultimate Team","WOW This SUCK So Bad... FC27 Ultimate Team","AA9skillz"
"-iCLBdPChD0","UgxBanYUJo8TjaXf11F4AaABAg","@Swiftyyy198","UCOG6B15BuvaRquFyyvYEn-A","The transfer market ban is normal to stop bots etc",0,"2026-09-21T15:13:14Z",0,2026-09-21 15:13:14,"Ultimate Team","WOW This SUCK So Bad... FC27 Ultimate Team","AA9skillz"
"-iCLBdPChD0","Ugw26cRUUv1BILNNiJN4AaABAg","@MikailMor","UCVBe_QVrhXHyTCfKVwn2q-Q","You should make a team with Salah, Osimhen, leao and kante. Crazy combo",3,"2026-09-21T15:11:21Z",0,2026-09-21 15:11:21,"Ultimate Team","WOW This SUCK So Bad... FC27 Ultimate Team","AA9skillz"
"-iCLBdPChD0","Ugx4c4XkHRJRLj6plq94AaABAg","@Lugame_gambles","UC3ERZVLZ4a4H8Ee-dr3nHLA","I’m
Still waiting on ps5…..",0,"2026-09-21T15:08:45Z",0,2026-09-21 15:08:45,"Ultimate Team","WOW This SUCK So Bad... FC27 Ultimate Team","AA9skillz"
"-iCLBdPChD0","Ugwchaaq23Q8Usb3wYN4AaABAg","@Shahman85","UC4QriGr8xrbailKTtVAIqWw","Just stop playing bro.  Boring hearing you bite the hand that fed you….",2,"2026-09-21T15:08:25Z",0,2026-09-21 15:08:25,"Ultimate Team","WOW This SUCK So Bad... FC27 Ultimate Team","AA9skillz"
"-iCLBdPChD0","UgzX3z5y68ORmEvBMrV4AaABAg","@Mohamedaqil-786","UCyyHmqt0TsL8NLmJNCpxfaQ","Grown man crying about not being able to use the transfer market",0,"2026-09-21T15:08:05Z",0,2026-09-21 15:08:05,"Ultimate Team","WOW This SUCK So Bad... FC27 Ultimate Team","AA9skillz"
"-iCLBdPChD0","UgxTX9ezrUwGzuDTCul4AaABAg","@Sanitii007","UCMTV5a0dvY30Vm_ayYwqfeg","All real madrid starters should get a downgrade on fifa wallahi there trash",0,"2026-09-21T15:08:02Z",0,2026-09-21 15:08:02,"Ultimate Team","WOW This SUCK So Bad... FC27 Ultimate Team","AA9skillz"
"-iCLBdPChD0","Ugw2lWPPptcrpXr1uvt4AaABAg","@FbzzFUT","UCszNkXX4mdwNw8rdpdPvpRw","skillz video after work has to be the most generational thing",3,"2026-09-21T15:05:11Z",0,2026-09-21 15:05:11,"Ultimate Team","WOW This SUCK So Bad... FC27 Ultimate Team","AA9skillz"
"-iCLBdPChD0","UgwaFmDr5MxRlXW9--54AaABAg","@primalprometheus2962","UCse2j2a4-0dhuQ3qG-0DRhA","its probably not gonna happen, but we need the streams back",0,"2026-09-21T15:02:59Z",0,2026-09-21 15:02:59,"Ultimate Team","WOW This SUCK So Bad... FC27 Ultimate Team","AA9skillz"
"-iCLBdPChD0","UgzIOizba8rXp_cmXz94AaABAg","@AndrewWright-z2u","UC1w0jW1fFn7VewS0DOS0f2g","I got 700k",0,"2026-09-21T15:00:15Z",0,2026-09-21 15:00:15,"Ultimate Team","WOW This SUCK So Bad... FC27 Ultimate Team","AA9skillz"
"-iCLBdPChD0","UgxahX2yxynBm7vhKoJ4AaABAg","@kyebrezz1050","UCg9jRpO1rrS3u3jQQJ5ipVg","Man quicksold Costinha 75 Portugal RB who’s 10K… really need to use the filter that shows you their prices when doing packs😂😂",35,"2026-09-21T14:56:58Z",3,2026-09-21 14:56:58,"Ultimate Team","WOW This SUCK So Bad... FC27 Ultimate Team","AA9skillz"
"-iCLBdPChD0","UgyAIg5MXUWnQQ5Pi954AaABAg","@jeffgutierrez959","UC8yR_IZdUnj_IsOO-4eLEaw","Funny was thinking the same about your recent videos",0,"2026-09-21T14:53:56Z",0,2026-09-21 14:53:56,"Ultimate Team","WOW This SUCK So Bad... FC27 Ultimate Team","AA9skillz"
"-iCLBdPChD0","Ugzg3Fug4HN_xgAzwrd4AaABAg","@ThisisGers","UCihtqD31bdKrO5R5QbKUQyg","“But what about lil Timmy” is the reason so many games are ahh and easy nowadays. In this case with the transfer market it is bs so you’re right there. But I’m sick of the “what about lil Timmy” argument.",0,"2026-09-21T14:53:17Z",0,2026-09-21 14:53:17,"Ultimate Team","WOW This SUCK So Bad... FC27 Ultimate Team","AA9skillz"
"-iCLBdPChD0","Ugyd6OAqYRC4bye3HsV4AaABAg","@ebenelom-ametefe5103","UCs4tjYMcmVut9aB1SP5HxMg","As the wise man John obi mikel said just get back to basics. What is this 85k for example thing just show me every digit I wanna see all my zeros to show im ballin",0,"2026-09-21T14:49:14Z",0,2026-09-21 14:49:14,"Ultimate Team","WOW This SUCK So Bad... FC27 Ultimate Team","AA9skillz"
"-iCLBdPChD0","Ugy9KIHm3a29Y3vXJYZ4AaABAg","@MilanBerwouts","UCoBlJ9UkBqelYe84Hg6tvng","I usually always agree with u skillz but not on this one, the only reason it's like that is because of people abusing making new accounts & putting coins on their main account. It's EA's way of making sure that doesn't happen",87,"2026-09-21T14:47:41Z",7,2026-09-21 14:47:41,"Ultimate Team","WOW This SUCK So Bad... FC27 Ultimate Team","AA9skillz"
"-iCLBdPChD0","Ugx9kNJrM7Jx9jNWQcd4AaABAg","@Lildexx-7","UCf4HYq2sVExfRDjsZiAi7hg","Bro why Mourinho 😅😂",0,"2026-09-21T14:45:06Z",0,2026-09-21 14:45:06,"Ultimate Team","WOW This SUCK So Bad... FC27 Ultimate Team","AA9skillz"
"-iCLBdPChD0","UgweMd8yC8uV1b-wydF4AaABAg","@MarleyMcBride-u7v","UCyHQRxymWM__ZshtPqTmVFA","I was banned from the market for 24 hours on ps but I played the ps since fifa 23 after moving over from Xbox and every year I need to do obj even tho I played a total of atleast 20 days every year",2,"2026-09-21T14:26:11Z",0,2026-09-21 14:26:11,"Ultimate Team","WOW This SUCK So Bad... FC27 Ultimate Team","AA9skillz"
"-iCLBdPChD0","UgyClfjZDovHJ64cQEB4AaABAg","@Buddylove3818","UC313xg8NVBvYC7mT2Z-JTLA","Always active",1,"2026-09-21T14:25:14Z",0,2026-09-21 14:25:14,"Ultimate Team","WOW This SUCK So Bad... FC27 Ultimate Team","AA9skillz"
"-iCLBdPChD0","UgyBr9Cr4mw-OjT2DX14AaABAg","@milanbaros2005","UCWT0bM0k6E8uo6C6NkW7Pyw","And here is the problem with FC27 in general, all about the bag. But should be about the gameplay.",2,"2026-09-21T14:24:20Z",0,2026-09-21 14:24:20,"Ultimate Team","WOW This SUCK So Bad... FC27 Ultimate Team","AA9skillz"
"-iCLBdPChD0","Ugy2ygSCe1EmjmAG9hZ4AaABAg","@TheKizame35","UCsviLjE8vp6yTR1Fje1K4IA","3:23 The game just came out.... and people got that as a team 😂😂😂",1,"2026-09-21T14:17:09Z",2,2026-09-21 14:17:09,"Ultimate Team","WOW This SUCK So Bad... FC27 Ultimate Team","AA9skillz"
"-iCLBdPChD0","Ugy-pvBL9LpGjKEZyJR4AaABAg","@CharlotteRose-m2u","UCNXbo3u8eqGGfQ5nt5EUOcQ","The tone here is really nice, good job",5,"2026-09-21T14:15:01Z",0,2026-09-21 14:15:01,"Ultimate Team","WOW This SUCK So Bad... FC27 Ultimate Team","AA9skillz"
"-iCLBdPChD0","Ugx8XF9KRnKVnAeCjFF4AaABAg","@dappa3ten","UCfzTT5CxTRIlmNh6b1HTsAg","I’ve been playing couple day now and finished those objectives but my companion app is still locked as well.",1,"2026-09-21T14:14:55Z",0,2026-09-21 14:14:55,"Ultimate Team","WOW This SUCK So Bad... FC27 Ultimate Team","AA9skillz"
"-iCLBdPChD0","UgyMn1_kbNedD8J0Zgt4AaABAg","@GoingViral24","UCmDxLtfq--q-2AiWbwtWR4A","Sold pina for 1.7m but cant spend it😂",0,"2026-09-21T14:14:39Z",0,2026-09-21 14:14:39,"Ultimate Team","WOW This SUCK So Bad... FC27 Ultimate Team","AA9skillz"
"-iCLBdPChD0","UgzYTL1x8jTM8_xoZhF4AaABAg","@greenheartd","UChxDk9_w5EgYbyzRMxl_Xiw","Try doing the 78x2",0,"2026-09-21T14:13:21Z",0,2026-09-21 14:13:21,"Ultimate Team","WOW This SUCK So Bad... FC27 Ultimate Team","AA9skillz"
"-iCLBdPChD0","UgwE1P-ajRuYxgrMoDl4AaABAg","@LukeyBoii","UCZ8-wpmjuUXmBEz01yBzUnA","no its on console as well its for any new account",0,"2026-09-21T14:09:26Z",0,2026-09-21 14:09:26,"Ultimate Team","WOW This SUCK So Bad... FC27 Ultimate Team","AA9skillz"
"-iCLBdPChD0","UgyzcbDAAtUptJDX2214AaABAg","@levonavetisyan3749","UCbcHPFEIPC_qCYdG_mQ1UZg","Either dont play this game or dont complain this much... It's not healthy bro",0,"2026-09-21T14:09:25Z",0,2026-09-21 14:09:25,"Ultimate Team","WOW This SUCK So Bad... FC27 Ultimate Team","AA9skillz"
"-iCLBdPChD0","UgwmECuyMk-hX7eDA-d4AaABAg","@asakuralegion","UCVSsAZ18at9idgGwdCCf_Vw","being this negative all the time cannot be healthy bro😭",0,"2026-09-21T14:08:02Z",1,2026-09-21 14:08:02,"Ultimate Team","WOW This SUCK So Bad... FC27 Ultimate Team","AA9skillz"
"-iCLBdPChD0","Ugypn__AwoT9zcX6P3t4AaABAg","@rosscheetham1168","UCboDCdVKiwb4JsyY5buxc-A","same happen to me as well 1st time pc user",0,"2026-09-21T14:07:26Z",0,2026-09-21 14:07:26,"Ultimate Team","WOW This SUCK So Bad... FC27 Ultimate Team","AA9skillz"
"-iCLBdPChD0","Ugwv_dt08SpyxEefsat4AaABAg","@PlayStationPlayground","UCqr1ugXctWx0Jbq9ciHiPyQ","😴😴😴😴😴",0,"2026-09-21T14:07:08Z",0,2026-09-21 14:07:08,"Ultimate Team","WOW This SUCK So Bad... FC27 Ultimate Team","AA9skillz"
"-iCLBdPChD0","UgwHGBYwsrs4tcrUSSR4AaABAg","@Xavierperez0712","UCGplvTO8VQ65DXENH12vJTg","1:04 skills singing 😂 love this videos man keep it up god bless your family",8,"2026-09-21T14:02:31Z",0,2026-09-21 14:02:31,"Ultimate Team","WOW This SUCK So Bad... FC27 Ultimate Team","AA9skillz"
"-iCLBdPChD0","UgxEpim4UpM3IZW6qpl4AaABAg","@ΜιχαιλιδηΣυγνωμη4","UCO1xo2q7QQx55-X8w7gKVZw","4 vids of fc 27 so far and complaining at 3 of them wow",82,"2026-09-21T14:02:10Z",24,2026-09-21 14:02:10,"Ultimate Team","WOW This SUCK So Bad... FC27 Ultimate Team","AA9skillz"
"-iCLBdPChD0","UgzoZj1LdSSUYVnI4154AaABAg","@jordymarquez4052","UCUVkTEy4TUqoWu6PQWZIhyg","Hola buen dia",0,"2026-09-21T14:01:11Z",0,2026-09-21 14:01:11,"Ultimate Team","WOW This SUCK So Bad... FC27 Ultimate Team","AA9skillz"
"-iCLBdPChD0","UgzdI5ts0yRlcKkhaiN4AaABAg","@sigatdk177","UC-7ovNwAZwvOG-u2KqxGdgw","FIRST TO COMMENT",1,"2026-09-21T14:00:55Z",0,2026-09-21 14:00:55,"Ultimate Team","WOW This SUCK So Bad... FC27 Ultimate Team","AA9skillz"
"HaRFo7WlrJg","UgxC-ZI3rzn7KS-3VW14AaABAg","@billyhart8861","UCBkV52vVl7pNRWzpXoSHUyg","been subbed for years but never bought coins on fifa how reliable are your source",0,"2026-09-23T21:53:46Z",0,2026-09-23 21:53:46,"Ultimate Team","People are NOT happy with this! FC27 Ultimate Team","NepentheZ"
"HaRFo7WlrJg","UgxiVIeP9g8UOd_3wa54AaABAg","@waynepollock24","UCAjAP8GVkyMM_Zxru7EfD9w","Could holding gallery tokens for new player content be the move?",0,"2026-09-23T12:42:00Z",0,2026-09-23 12:42:00,"Ultimate Team","People are NOT happy with this! FC27 Ultimate Team","NepentheZ"
"HaRFo7WlrJg","Ugw8rib_bsprj56xodB4AaABAg","@rizo9511","UCozbj5wN_T-OF9r9_fFAzgA","I dont want swings in content like that  tho (talking evos here). Last year it was largely shifed toward evos.. and now evos could become useless. I just think they need to balance it out. Dont mind the gallery but hate the idea of spending hours in the menus alone only to get to the game and experience terrible attacking AI 🥲🤣",0,"2026-09-23T11:46:55Z",0,2026-09-23 11:46:55,"Ultimate Team","People are NOT happy with this! FC27 Ultimate Team","NepentheZ"
"HaRFo7WlrJg","Ugw_1Paz8ClyQBFUqvZ4AaABAg","@Penrefpennreffff","UCDdO1Upd4pzlDyAkc_8UHgg","Feel bad for people who didn’t get ultimate edition. People are max level in clubs & peoples teams in UT are absolutely cracked already. GGS",0,"2026-09-23T11:28:05Z",0,2026-09-23 11:28:05,"Ultimate Team","People are NOT happy with this! FC27 Ultimate Team","NepentheZ"
"HaRFo7WlrJg","UgyWkXfVff018BkOmPB4AaABAg","@Kunkurs123","UCMBUkQIWl9DyuIudLi4cjTg","3:02 You can just do this against the AI or in the new mode while you going for the other player, You need to win 3 matches",0,"2026-09-23T10:36:28Z",0,2026-09-23 10:36:28,"Ultimate Team","People are NOT happy with this! FC27 Ultimate Team","NepentheZ"
"HaRFo7WlrJg","Ugxk7Zg3nTzOtZCdsRt4AaABAg","@MenaceX_19","UCDPOdTK4j8ttfZxsgcF9mag","Why can i not see the 83+ Sbc? I only have the 2x 79+ upgrade",0,"2026-09-23T10:14:53Z",0,2026-09-23 10:14:53,"Ultimate Team","People are NOT happy with this! FC27 Ultimate Team","NepentheZ"
"HaRFo7WlrJg","Ugw50GwcaF248IN4fjF4AaABAg","@JohnTheJedi","UCGsI84AS5lUayPMH5NwsBTg","i did the 83+ just for the sake of it and pack kimich so im not too bothered on the cost haha",0,"2026-09-23T08:51:26Z",0,2026-09-23 08:51:26,"Ultimate Team","People are NOT happy with this! FC27 Ultimate Team","NepentheZ"
"HaRFo7WlrJg","UgxmWJCCGaJhja4qfOt4AaABAg","@corypheus_","UCwVT7eb18zCgLJ7Qd5vuojQ","This game Is stupid. Im feeling stupid to play this game",0,"2026-09-23T08:11:29Z",0,2026-09-23 08:11:29,"Ultimate Team","People are NOT happy with this! FC27 Ultimate Team","NepentheZ"
"HaRFo7WlrJg","UgwZ22RSAwfiRJ6y3Qt4AaABAg","@samlongden834","UCdrsQr5nGN15BVC6YAjvhiw","I’m struggling with the gallery and my prem and la liga is only at a d grade how can I make it better",0,"2026-09-23T07:37:47Z",0,2026-09-23 07:37:47,"Ultimate Team","People are NOT happy with this! FC27 Ultimate Team","NepentheZ"
"HaRFo7WlrJg","UgwYoc4SABsARL_3LIJ4AaABAg","@immune2698","UCzJzkg-7VW749VIbstC1gww","Fifa UT season aint the same without a Nep 6pm vid",0,"2026-09-23T07:37:13Z",0,2026-09-23 07:37:13,"Ultimate Team","People are NOT happy with this! FC27 Ultimate Team","NepentheZ"
"HaRFo7WlrJg","UgxtzY6AWgqWz-GTPDN4AaABAg","@nathaneaglesham","UCdNV00JabpwhPrjfEabvwrg","I get the evo argument but same as always it’s one extreme to another. It’s went from evos are OP to now evos are pointless they can’t do shit right",0,"2026-09-23T05:57:05Z",0,2026-09-23 05:57:05,"Ultimate Team","People are NOT happy with this! FC27 Ultimate Team","NepentheZ"
"HaRFo7WlrJg","UgwaF6_E779py4h2A-l4AaABAg","@baskbwiz-ri6rw","UCViO6tcDsoSlaXa0wgm0z6Q","There are only 2 ways you play THE GALLERY.  You either FC credit card your way through it or you buy and then quickly sell each and every player item on the game.  Waiting to do it naturally with play and objective rewards means you will never collect a significant amount of tokens.  And the items available in the token store are only there for a limited amount of time and knowing EA they will be replaced when the store refreshes.  So if you want a player or multiple HOF players you best get to work even if it is crazy boring.",0,"2026-09-23T03:50:18Z",0,2026-09-23 03:50:18,"Ultimate Team","People are NOT happy with this! FC27 Ultimate Team","NepentheZ"
"HaRFo7WlrJg","UgyGuvgoYFtfUc7AEPl4AaABAg","@brandonthejetsfan6278","UC3UKfx5mwzfcqCTckKjMh3g","My one biggest issue is why can't ea give us comms when they get an ovr boost",0,"2026-09-23T02:37:05Z",0,2026-09-23 02:37:05,"Ultimate Team","People are NOT happy with this! FC27 Ultimate Team","NepentheZ"
"HaRFo7WlrJg","Ugx-gqxobQ1aXyOw65V4AaABAg","@Bonfire5th","UCIY12wPD9TZM7oDJg1Q4pag","Gotta see this Pina goal now you've mentioned it!",0,"2026-09-23T02:17:02Z",0,2026-09-23 02:17:02,"Ultimate Team","People are NOT happy with this! FC27 Ultimate Team","NepentheZ"
"HaRFo7WlrJg","UgyeumZOynOCeHFikkt4AaABAg","@AWSM_FC","UCUaqhYO4KXBYy7ywZ_g0o_w","I'm saving that new CDM EVO a few days to see what else comes out to combine it on a silver player that was part of my main RTG team last year. Already saving 5 of the availavle EVOs for the chain, but hopefully something else comes out that I can combine that would improve shooting too.",0,"2026-09-23T01:11:41Z",0,2026-09-23 01:11:41,"Ultimate Team","People are NOT happy with this! FC27 Ultimate Team","NepentheZ"
"HaRFo7WlrJg","UgzJbPSYCQnNCMFZddl4AaABAg","@AreOBe","UCdrwZGUxDWE-oEAouvpNgaQ","I’m yet to do any of the evos, none of them seem worth it.
Got a bronze CDM ready to turn into a monster but definitely not with today’s evo, turns into a crap 79 rated",0,"2026-09-23T00:25:46Z",0,2026-09-23 00:25:46,"Ultimate Team","People are NOT happy with this! FC27 Ultimate Team","NepentheZ"
"HaRFo7WlrJg","Ugx6EE4El-ljuv8hoc14AaABAg","@CH33KYiZninj4","UCcBVouhS4fu2a2yz76b_xCw","no dribbling boost on a bronze card is rough. but i like how ea are allowing us to build up bronzes and silvers",0,"2026-09-22T23:54:45Z",0,2026-09-22 23:54:45,"Ultimate Team","People are NOT happy with this! FC27 Ultimate Team","NepentheZ"
"HaRFo7WlrJg","UgwRvnUwI4mJ_JOuNX54AaABAg","@gsampson97","UCgFsWcTKeyttJ1b36af0JGA","Problem I have is that the past 2 years I've evod a Spurs team and had no interest in playing with any other team. If this year they completely kill evos and I can't do anything with Spurs players for months that might be me done with the series.",1,"2026-09-22T23:27:38Z",0,2026-09-22 23:27:38,"Ultimate Team","People are NOT happy with this! FC27 Ultimate Team","NepentheZ"
"HaRFo7WlrJg","Ugxm5QeOVDfWeiVG5GN4AaABAg","@CraigMurdoch-p8b","UCOaopZgXFwmYaeEBHTlXPQQ","The ratings jump on cards being much higher than the stat caps is no good. Players are still unusable - at this stage of the game. So it’s basically an investment, which is boring",0,"2026-09-22T22:58:10Z",0,2026-09-22 22:58:10,"Ultimate Team","People are NOT happy with this! FC27 Ultimate Team","NepentheZ"
"HaRFo7WlrJg","Ugye0-CVyf-S5hvmF8J4AaABAg","@The.Big.K","UCgQ9RE6W3AeqpeC7RgAIJIw","If you like a card collecting game this game is for you if you don’t like concepts like gallery like me, this game has nothing to offer. The ground is already dead like there is no player queue for anything other than rush and 1vs1, the ultimate team is the same as every year huge advantage to people who spend money on fifa points and they nerfed the living shit out of the EVOs which were the most fun part of fc26, the gameplay is shit, it’s a connection game if you have 10 ping fine if you don’t, don’t even bother, the same fidget spinning, mindless through balls, pace is everything, basketball scores kinda game.",0,"2026-09-22T22:30:12Z",0,2026-09-22 22:30:12,"Ultimate Team","People are NOT happy with this! FC27 Ultimate Team","NepentheZ"
"HaRFo7WlrJg","Ugx9nMirFHoLNkwS3bV4AaABAg","@fearny","UCatFVNRQOUObbBzF497QFYA","There HAS to be a middle ground. Having EVOs the way they are now is ONLY going to KILL the game. I am someone that doesn't play much online at all and mostly plays offline modes, it is nice seeing my team improve over time with Evolutions. Now the game feels soulless with no clear path to upgrade for the A.I players out there like myself. Out of the 2000 pre order points, i packed 1 walkout (Jonothan Tah), built a nice starter Chelsea team but now that's it. I can't complete much of the gallery at all now that prices are so high, as it just  feels not very worth it when the 85 rated cards have no dynamic picture and also mediocre stats that will be outshined in a few months anyway. Now, i am all for balancing the game and slowing the power curve, but slowing it to the point where i'm waiting 5 months so my starter players can get a useable evolution? 

Nah, I'll pass.",1,"2026-09-22T22:25:45Z",0,2026-09-22 22:25:45,"Ultimate Team","People are NOT happy with this! FC27 Ultimate Team","NepentheZ"
"HaRFo7WlrJg","UgxevBsKMgaHlTDKKqJ4AaABAg","@George-mv4jv","UCDGU0mYVk61hD62Hd9xtsvA","24 hours for an evo is a bit much tho tbh",0,"2026-09-22T21:58:18Z",0,2026-09-22 21:58:18,"Ultimate Team","People are NOT happy with this! FC27 Ultimate Team","NepentheZ"
"HaRFo7WlrJg","UgxnBZKCCef7fFnp9XB4AaABAg","@XxBIRxDerek","UCvR6oZNMupvjbI6pisqWIKg","I can't even do the midfield evo because the game reckons the player who i just bought is already in an evo",0,"2026-09-22T21:45:28Z",0,2026-09-22 21:45:28,"Ultimate Team","People are NOT happy with this! FC27 Ultimate Team","NepentheZ"
"HaRFo7WlrJg","UgwUqikGOo0hWpIqJmt4AaABAg","@antom17","UClZVEqL0Ac_i-xhmsb_ve1A","Over the top through ball needs to be nerfed and switching needs to be fixed",0,"2026-09-22T21:38:16Z",0,2026-09-22 21:38:16,"Ultimate Team","People are NOT happy with this! FC27 Ultimate Team","NepentheZ"
"HaRFo7WlrJg","UgzK0qaClFhOLg8d_hN4AaABAg","@Fionn-w4o","UCSAElwXsIXbLNsQxhQlVsGQ","Is u4gm actually safe ? Thinking of buying a million coins on payday",0,"2026-09-22T21:38:03Z",0,2026-09-22 21:38:03,"Ultimate Team","People are NOT happy with this! FC27 Ultimate Team","NepentheZ"
"HaRFo7WlrJg","UgyIObq69M9ZAf3I7fB4AaABAg","@RizzyStones","UCm1-YDhrt9T7OiJyvklivoA","Been playing FIFA/EA since day dot and this is the first time I've followed a youtuber. Your content has been really useful & I enjoy the vids! Thanks .",0,"2026-09-22T21:33:46Z",0,2026-09-22 21:33:46,"Ultimate Team","People are NOT happy with this! FC27 Ultimate Team","NepentheZ"
"HaRFo7WlrJg","UgziIdiiAxBDtSGjnwd4AaABAg","@lifeaccordingtokevin9645","UCQ2eE82b9dK9o4c4D744jSw","This isn't targeted at Nep but i've come to terms that the EA community you just can't please. During Early Access why are we expecting evo's that would be within the current power curve? That isn't the point of Evo's. Ai Defending is overpowered okay so let's actually make it so you have to play the game to understand how to defend. Income casual gamers that want to enjoy and relax playing a competitive game especially champs and rivals?? make it make sense!! Yes left stick dribbling isn't ideal, people are abusing it and yes it should be looked into. Why do people expect same mechanics, you have to improve you can't be held to the same standard every fc cycle.",2,"2026-09-22T21:33:10Z",0,2026-09-22 21:33:10,"Ultimate Team","People are NOT happy with this! FC27 Ultimate Team","NepentheZ"
"HaRFo7WlrJg","UgxubgH0ScKRc9e-5Qd4AaABAg","@iGoByX","UCwc8f6UUehEyz0bMGSwV9ug","Yup.  Not much to do or ways to get packs,, after already completing most objectives",0,"2026-09-22T21:30:57Z",0,2026-09-22 21:30:57,"Ultimate Team","People are NOT happy with this! FC27 Ultimate Team","NepentheZ"
"HaRFo7WlrJg","UgwbOYHEGzN_qJc4V7l4AaABAg","@tierneygoat9728","UCBrmPCbt6kighVzXo84ysqQ","Content is overrated … keep the game fun and relax the power curve . Daily objectives should reward a bit more and people will be happy to play the game daily.",1,"2026-09-22T21:22:09Z",0,2026-09-22 21:22:09,"Ultimate Team","People are NOT happy with this! FC27 Ultimate Team","NepentheZ"
"HaRFo7WlrJg","UgwdzxVGMUzjA0hydkB4AaABAg","@be_weiss9169","UCJeMbagNbrk9IzfRru3Y5Xg","theres an evo for aubameyang to get him to 85 pace and 80 or 81 dribbling, and he has been fun to use. maybe for your P&P arsenal team",0,"2026-09-22T20:50:03Z",0,2026-09-22 20:50:03,"Ultimate Team","People are NOT happy with this! FC27 Ultimate Team","NepentheZ"
"HaRFo7WlrJg","Ugw8zj3zmAg_H2agP8N4AaABAg","@mustafahawli9922","UCAhq9aGHv-xmfDVDcdNgBVQ","I did the tactical trial while completing the amateur/semi-pro/professional/world class exhibition. Its an effective way to knock off a couple of objectives at the same time",1,"2026-09-22T20:36:58Z",0,2026-09-22 20:36:58,"Ultimate Team","People are NOT happy with this! FC27 Ultimate Team","NepentheZ"
"HaRFo7WlrJg","UgyO-VcoYxeQgqTo8z94AaABAg","@f1turbo77","UC-uA0wJFSMbB_xxVid_sCAQ","Games dead already 😂😂😂",0,"2026-09-22T20:35:23Z",0,2026-09-22 20:35:23,"Ultimate Team","People are NOT happy with this! FC27 Ultimate Team","NepentheZ"
"HaRFo7WlrJg","UgyrqCHWN5_8f0ddXpZ4AaABAg","@aleccannon7222","UCXIlWAKNqHOePsYNtHy4eEw","Nep stop spreading bad vibes",1,"2026-09-22T20:26:32Z",0,2026-09-22 20:26:32,"Ultimate Team","People are NOT happy with this! FC27 Ultimate Team","NepentheZ"
"HaRFo7WlrJg","Ugx9ATeYPrA2Ixv3Nz94AaABAg","@soccerplyr8","UCGNGBjUM1d6mn2559TjvwSw","In one year fifa 28 will be released. Nothing will matter on fifa 27. We will all have 99 rated teams on fifa 27. Try and have fun. None of it matters.",4,"2026-09-22T20:22:30Z",1,2026-09-22 20:22:30,"Ultimate Team","People are NOT happy with this! FC27 Ultimate Team","NepentheZ"
"HaRFo7WlrJg","UgwveK5kuNuDCVepUHV4AaABAg","@gourjamz4300","UCetxeI07432fLDHcC5c70Fw","3:08 just a tip for that objective if you do it in couch play on beginner, you can go in score 6 put pad down and you get about 900 match coins per game as well!",0,"2026-09-22T20:19:12Z",0,2026-09-22 20:19:12,"Ultimate Team","People are NOT happy with this! FC27 Ultimate Team","NepentheZ"
"HaRFo7WlrJg","UgyWKbWr80MU-ttoZ-94AaABAg","@bryangsanchez2013","UCyBJhHNVcD5M07RLODajOaw","I have packed so many arsenal players is crazy totw raya best pull so far",0,"2026-09-22T20:19:07Z",0,2026-09-22 20:19:07,"Ultimate Team","People are NOT happy with this! FC27 Ultimate Team","NepentheZ"
"HaRFo7WlrJg","UgxmNca4TypW7tPaP9x4AaABAg","@ballernumber10","UCzQ9LCTjgxXGYnzUx7P9oUw","Glad these are back man, keep em coming",0,"2026-09-22T20:10:44Z",0,2026-09-22 20:10:44,"Ultimate Team","People are NOT happy with this! FC27 Ultimate Team","NepentheZ"
"HaRFo7WlrJg","UgzQHAJmf0-Fflb4mSR4AaABAg","@Geoeagle96","UC1x7fnEEBEWY1fn_FMcHy4w","What’s up nepenthez! Guys here !",0,"2026-09-22T20:04:17Z",0,2026-09-22 20:04:17,"Ultimate Team","People are NOT happy with this! FC27 Ultimate Team","NepentheZ"
"HaRFo7WlrJg","Ugzt19ss-2h1oovUKzx4AaABAg","@E_Mihaya","UC1Y5CVRme09cmGO20lt_aJg","not a single good piece of content so far in this game, i'm so glad i only got the EA play pro so I can forget about this sad waste of code in a month",0,"2026-09-22T20:02:58Z",0,2026-09-22 20:02:58,"Ultimate Team","People are NOT happy with this! FC27 Ultimate Team","NepentheZ"
"HaRFo7WlrJg","Ugwlr1PtdhQus6P71vF4AaABAg","@powli11","UC5WVAK0T28I60E7WROkX8oA","to anyone who is doubting what player to pick, balotelli its alright but nothing crazy .....",0,"2026-09-22T19:54:06Z",0,2026-09-22 19:54:06,"Ultimate Team","People are NOT happy with this! FC27 Ultimate Team","NepentheZ"
"HaRFo7WlrJg","UgwZrCZoLJ4QgOnZL7R4AaABAg","@insanity4497","UCOMm2P1ewB48RajjJ9NCxUg","Anyone’s squad battles working when u play games? been getting 0 points after winning 4 games :( 

Love the vides nep keep up the hard work",0,"2026-09-22T19:53:42Z",0,2026-09-22 19:53:42,"Ultimate Team","People are NOT happy with this! FC27 Ultimate Team","NepentheZ"
"HaRFo7WlrJg","Ugxn22DSNI3g9xJqff14AaABAg","@Ravi-mr4tl","UCmTwzIesiihu6kAoASedygw","game is rubbish, i think.. worst ever 😞",0,"2026-09-22T19:50:17Z",0,2026-09-22 19:50:17,"Ultimate Team","People are NOT happy with this! FC27 Ultimate Team","NepentheZ"
"HaRFo7WlrJg","UgyCv3TlUZxP_VpE13B4AaABAg","@DimitriGayle","UC835t9YbFtqbJMKbVNNK7lw","How do you get so many tokens",0,"2026-09-22T19:49:01Z",0,2026-09-22 19:49:01,"Ultimate Team","People are NOT happy with this! FC27 Ultimate Team","NepentheZ"
"HaRFo7WlrJg","UgyDLKfczD121NKKxA54AaABAg","@ststan01","UCy3l8Shn44q1m6OTa9FP36A","put that new evo on xavi espart and you have good base for future evos",0,"2026-09-22T19:44:07Z",0,2026-09-22 19:44:07,"Ultimate Team","People are NOT happy with this! FC27 Ultimate Team","NepentheZ"
"HaRFo7WlrJg","Ugw9-utFWjI2cL5mVtB4AaABAg","@jamssjamss9739","UCJTi2i2rm6F7Ph6b2ybmouA","Destroying Evos will kill the game though, the position limits have been a killer. I'm not expecting much stat wise but we should be able to create cards that would be 1 or 2k on the market.",14,"2026-09-22T19:38:20Z",4,2026-09-22 19:38:20,"Ultimate Team","People are NOT happy with this! FC27 Ultimate Team","NepentheZ"
"HaRFo7WlrJg","UgyLoUfhu2VkPL7Xlqp4AaABAg","@unionjackboy","UC978a6f1Lvr0FHPpbaHGuYg","No Brobbey TOTW 😢",0,"2026-09-22T19:38:12Z",0,2026-09-22 19:38:12,"Ultimate Team","People are NOT happy with this! FC27 Ultimate Team","NepentheZ"
"HaRFo7WlrJg","UgzoPcHioIkrERcLSRR4AaABAg","@CMatheus21","UCfksE92cy0QUrv7IG3KYjMQ","They’re waiting until everyone has the game until they start dropping good stuff. Basically no point in getting it early.",0,"2026-09-22T19:36:58Z",0,2026-09-22 19:36:58,"Ultimate Team","People are NOT happy with this! FC27 Ultimate Team","NepentheZ"
"HaRFo7WlrJg","UgyA4oXWuNsaFlQpUEV4AaABAg","@Lloyd-tosh","UCocDawHTp-WBi3Db9O88FuA","If it turned him to good people will be moaning 😂 cant win",0,"2026-09-22T19:35:55Z",0,2026-09-22 19:35:55,"Ultimate Team","People are NOT happy with this! FC27 Ultimate Team","NepentheZ"
"HaRFo7WlrJg","UgwnhGUtY7_LYfZiMK54AaABAg","@BoothBooth02","UCrrM3yez70njwbDsBIxlNwQ","icl, everyone is saying how good the gameplay is this game, im having the WORST time playing. my players wont pass to each other, defending is abysmal (yes im aware its been changed). and i cannot get an attack whatsoever, im hating this game",0,"2026-09-22T19:31:11Z",0,2026-09-22 19:31:11,"Ultimate Team","People are NOT happy with this! FC27 Ultimate Team","NepentheZ"
"HaRFo7WlrJg","UgykLOk5hEw-iVBFsdV4AaABAg","@Kieran-20","UC9L9WJoQ4HZ8KpYeRM0xBYQ","There shouldn’t be much content it’s early access you fools jeez people need to get used to less content to much ruins the game like the last two",5,"2026-09-22T19:27:25Z",0,2026-09-22 19:27:25,"Ultimate Team","People are NOT happy with this! FC27 Ultimate Team","NepentheZ"
"HaRFo7WlrJg","UgwPydab6zAu22hPF8R4AaABAg","@CJ-YNWA","UCyun6T2_BwmCo-quGY6t2Xg","People im sitting on 300k is it worth buying cards to get the Pato card ? And is there a certain way to do it ?",0,"2026-09-22T19:26:27Z",0,2026-09-22 19:26:27,"Ultimate Team","People are NOT happy with this! FC27 Ultimate Team","NepentheZ"
"HaRFo7WlrJg","UgzDnHnZurXcDYjPW654AaABAg","@KennethCalvo","UCC3m25Z7GwnYTp7dyZRRLwQ","Regarding EVOs, making the one part of your game worse because the rest was not up to par is certainly a decision.",12,"2026-09-22T19:19:31Z",1,2026-09-22 19:19:31,"Ultimate Team","People are NOT happy with this! FC27 Ultimate Team","NepentheZ"
"HaRFo7WlrJg","UgyVx_zh5OouJYJZBVR4AaABAg","@jr4653","UC028XRtJNyEgKKuY6dnHi-w","the current gallery players have 71 days left, thats why people are rushing to get those gallery players before they are expired or behind the power curve",2,"2026-09-22T19:12:10Z",0,2026-09-22 19:12:10,"Ultimate Team","People are NOT happy with this! FC27 Ultimate Team","NepentheZ"
"HaRFo7WlrJg","UgwARrGucFK7yNA9NRJ4AaABAg","@phnxx5301","UCLmVQAVMNWXtAkKiOK2B2nA","This is by fair the worst football game i played ever.",1,"2026-09-22T19:11:10Z",0,2026-09-22 19:11:10,"Ultimate Team","People are NOT happy with this! FC27 Ultimate Team","NepentheZ"
"HaRFo7WlrJg","UgwthLDeDCKf2QhgRn14AaABAg","@AidanAG08","UCsTe7bBnZr9NnxWvB4KpYAg","icl evos this year are going to be trash and not worth doing like with rush and moments to an extent",0,"2026-09-22T19:04:58Z",0,2026-09-22 19:04:58,"Ultimate Team","People are NOT happy with this! FC27 Ultimate Team","NepentheZ"
"HaRFo7WlrJg","Ugx9bq7IFOdgVaCc25R4AaABAg","@LiamGaming1810","UCPSEAqWfhasO9qvzi46zQ2A","Does evoing a silver into a gold increase gem value in the gallery, if yes I might just evo someone for that reason in the free ones",0,"2026-09-22T19:02:00Z",0,2026-09-22 19:02:00,"Ultimate Team","People are NOT happy with this! FC27 Ultimate Team","NepentheZ"
"HaRFo7WlrJg","Ugx0PXrNfOrQPwosPmV4AaABAg","@Shayyxvv","UCiaUPI1fjrEvOm4V0eGCu4Q","To bad the game play is bad. Theu reward behind the back tackles lmao.",0,"2026-09-22T18:56:56Z",0,2026-09-22 18:56:56,"Ultimate Team","People are NOT happy with this! FC27 Ultimate Team","NepentheZ"
"HaRFo7WlrJg","UgwOQ6EjHhFCTXpux3t4AaABAg","@johnreed5121","UCZwQVcpdyX7OkIpuHG54WKA","Mcgeady is class bro well w the time plus made over 280k plus grinding them 78+2 my team looks wee bit like paid to win lmao😂",0,"2026-09-22T18:55:24Z",0,2026-09-22 18:55:24,"Ultimate Team","People are NOT happy with this! FC27 Ultimate Team","NepentheZ"
"HaRFo7WlrJg","UgxX_wuEVcIp7wdyoZd4AaABAg","@bermudakidz3608","UCw6MJXOB4RGrqskXlpaPuHA","Fc27 does even excite me no longer. I use to rush home n couldn't wait to grind the game",0,"2026-09-22T18:54:43Z",0,2026-09-22 18:54:43,"Ultimate Team","People are NOT happy with this! FC27 Ultimate Team","NepentheZ"
"HaRFo7WlrJg","UgwyCtJzrzKO-hwj9X54AaABAg","@AaBb-z5x","UCqXTJ4GXYBRJgVfFfWO6FAQ","Already a promo games gone",0,"2026-09-22T18:54:25Z",0,2026-09-22 18:54:25,"Ultimate Team","People are NOT happy with this! FC27 Ultimate Team","NepentheZ"
"HaRFo7WlrJg","UgzB0xHDtScyiYdp4Kt4AaABAg","@LiamS-j2g","UClPzAFpyJnl89Q99t1ebTHQ","I have a feeling they are going to kill the game soon 😬",0,"2026-09-22T18:47:07Z",1,2026-09-22 18:47:07,"Ultimate Team","People are NOT happy with this! FC27 Ultimate Team","NepentheZ"
"HaRFo7WlrJg","Ugysf1qy6_-T-mLBzVl4AaABAg","@supersonicwbrfm3402","UCQ5JWZY-0reTzaMZ_CRgX9A","People change their minds so much about this game it's nice not to talk about a promo just play the game have fun and enjoy it",8,"2026-09-22T18:44:46Z",1,2026-09-22 18:44:46,"Ultimate Team","People are NOT happy with this! FC27 Ultimate Team","NepentheZ"
"HaRFo7WlrJg","UgxOO4329BsiZNa7ofx4AaABAg","@haze2ez146","UCMKxvXO2nTcZIWaof4YRYYw","I thought I was just missing these, glad to see it back!",1,"2026-09-22T18:44:11Z",0,2026-09-22 18:44:11,"Ultimate Team","People are NOT happy with this! FC27 Ultimate Team","NepentheZ"
"HaRFo7WlrJg","Ugw2raKwlcos4pVOUOp4AaABAg","@AdamSmith1122-t5r","UCjb4cVp-96efupohs3EfslA","Stop moaning already you ruin the game for people, that free card you can do with your friend in friendly takes 5 mins yet you are moaning.",2,"2026-09-22T18:41:44Z",1,2026-09-22 18:41:44,"Ultimate Team","People are NOT happy with this! FC27 Ultimate Team","NepentheZ"
"HaRFo7WlrJg","Ugw6XBq0Dpl7HBj1T7x4AaABAg","@Leo-y5f5b","UCo-1FPOsxeXPqv049AeFrVQ","Neeeeeeeep 🎉🎉🎉. Welcome back to the 6pm content!!",1,"2026-09-22T18:39:25Z",0,2026-09-22 18:39:25,"Ultimate Team","People are NOT happy with this! FC27 Ultimate Team","NepentheZ"
"HaRFo7WlrJg","UgxHIVQrMeetWC9pZgp4AaABAg","@AAntar4","UCjfBmdH6s0PHaaCQ_QOePww","Hey Nep, hope you and the family are doing well. I’ve been watching your content since high school, I’m 28 now and getting married in two weeks. Even though this is the first year I couldn’t buy the game because of time and money, I still watch you and enjoyed FIFA through your videos. Thanks for all the years of entertainment and consistency. Much love ❤",2,"2026-09-22T18:38:31Z",0,2026-09-22 18:38:31,"Ultimate Team","People are NOT happy with this! FC27 Ultimate Team","NepentheZ"
"HaRFo7WlrJg","UgyQTv49EGohJuAXPVV4AaABAg","@struebz","UC46tz-Q_CZ1mKFPYXGgPd_A","Got Mbappe in the 2x79 packs lets goooooo

Best player i've ever packed (been playing since Fifa 09 lol)",0,"2026-09-22T18:38:26Z",2,2026-09-22 18:38:26,"Ultimate Team","People are NOT happy with this! FC27 Ultimate Team","NepentheZ"
"HaRFo7WlrJg","UgzwGKh-QTMmfmPvye54AaABAg","@OziMuc","UCNaOGNVQmtIEN4Y1K---Llw","Finally 6PM content 🔥🔥🔥",6,"2026-09-22T18:37:28Z",0,2026-09-22 18:37:28,"Ultimate Team","People are NOT happy with this! FC27 Ultimate Team","NepentheZ"
"HaRFo7WlrJg","UgzasNEzWsW7qow4m9N4AaABAg","@PariaCruzR","UC4CNVBNtG1--IajaeYnFEaw","Not even at worldwide release and it’s already “this player isn’t good enough”",64,"2026-09-22T18:34:31Z",3,2026-09-22 18:34:31,"Ultimate Team","People are NOT happy with this! FC27 Ultimate Team","NepentheZ"
"HaRFo7WlrJg","UgwaYARLQn1QZoTVAFp4AaABAg","@CharlotteRose-m2u","UCNXbo3u8eqGGfQ5nt5EUOcQ","The style is smooth, easy to follow",3,"2026-09-22T18:34:15Z",1,2026-09-22 18:34:15,"Ultimate Team","People are NOT happy with this! FC27 Ultimate Team","NepentheZ"
"HaRFo7WlrJg","UgyI4gQeCVbqb_u1UHx4AaABAg","@knowlzer","UCx4EI0oD9rN3Zpz6le9wgIg","Come on nep the gallery sucks arse after lvl 25 EA will not do anything with it U know EA",3,"2026-09-22T18:34:15Z",0,2026-09-22 18:34:15,"Ultimate Team","People are NOT happy with this! FC27 Ultimate Team","NepentheZ"
"HaRFo7WlrJg","Ugy-5rd8GknDQ_UYXnt4AaABAg","@tableslayergaming","UCnZg1uPYMnHDy0IcisjATNQ","Have to be honest, EA is making a huge mistake by nerfing EVO's into the ground.

You know what my favourite thing about fc26 was? Finding cool chains for my all Japanese team. Now? Not really sure to be honest. Why would I make a unique team if I'm just shooting myself in the foot by doing it?

I wanted to make a Japanese team again but I'm not a good enough player to the point where I can nerf myself. Guess I'll just join the meta and have the same team as everyone else...

Edit: also I just know the people that complained about evo's last year were the ones playing WalletFC that didnt want to put any time or effort into their team.",5,"2026-09-22T18:31:55Z",0,2026-09-22 18:31:55,"Ultimate Team","People are NOT happy with this! FC27 Ultimate Team","NepentheZ"
"HaRFo7WlrJg","UgyNqXypuR6vuxP0PIB4AaABAg","@theorobertson274","UC4viFOAUsO4L0zr6PwcP-zA","They’ve nerfed evos way too hard thus far. Overall far exceed stats",8,"2026-09-22T18:30:41Z",2,2026-09-22 18:30:41,"Ultimate Team","People are NOT happy with this! FC27 Ultimate Team","NepentheZ"
"HaRFo7WlrJg","UgyUcoshepQSrn51iOB4AaABAg","@timvanmeerveld8043","UCYlNaOwTmds5tnITN4dxH5Q","Love the 6pm videos!!",0,"2026-09-22T18:26:35Z",0,2026-09-22 18:26:35,"Ultimate Team","People are NOT happy with this! FC27 Ultimate Team","NepentheZ"
"HaRFo7WlrJg","UgybgGmwb0zac4icvlB4AaABAg","@knowlzer","UCx4EI0oD9rN3Zpz6le9wgIg","People are happy because it's rank rotten U paid extra to play garbage it used to be good having early access. I turned it on for 5 minutes and turned it off",2,"2026-09-22T18:20:16Z",0,2026-09-22 18:20:16,"Ultimate Team","People are NOT happy with this! FC27 Ultimate Team","NepentheZ"
"HaRFo7WlrJg","UgxsfA_2II3W11nMEBx4AaABAg","@KaliTheFrenchie","UCQsBM-fIEbx6g5qD73tlEzA","Nep even if theres no content mate we still would even love a 6pm Hello ye part of the routine mate ye have been for years the night feels weird without you 🤣",134,"2026-09-22T18:19:48Z",6,2026-09-22 18:19:48,"Ultimate Team","People are NOT happy with this! FC27 Ultimate Team","NepentheZ"
"HaRFo7WlrJg","UgwZKGuyQyoLzCRb8Od4AaABAg","@mikkoluukkonen3445","UCvF13PSrgWACKje5j5S6o6w","Okay,Evos need 100% buff like right now allready. Even the whole season pass evos are garbage. People allready run only hardcore meta pace squads. Easily could buff overall cap and buffs atleast to 83-87. Feels a bit boring,not gona lie🤔🥱",2,"2026-09-22T18:14:13Z",3,2026-09-22 18:14:13,"Ultimate Team","People are NOT happy with this! FC27 Ultimate Team","NepentheZ"
"HaRFo7WlrJg","Ugzq91WPhpCGzzaqGEd4AaABAg","@jakwadd","UCajB1Jy-IPJoPlJjzq1auiQ","I’d love more content but tbh not much fodder and it’s forcing me to play the game (rush etc) in order to grind packs. This is what the games been missing for years!",2,"2026-09-22T18:13:44Z",1,2026-09-22 18:13:44,"Ultimate Team","People are NOT happy with this! FC27 Ultimate Team","NepentheZ"
"HaRFo7WlrJg","UgwGJ3fuCdFewdrk_j94AaABAg","@Toms-ei9ps","UCacDy7CLWAxYs_AeEy402wg","Finally 🎉",0,"2026-09-22T18:11:54Z",0,2026-09-22 18:11:54,"Ultimate Team","People are NOT happy with this! FC27 Ultimate Team","NepentheZ"
"HaRFo7WlrJg","UgwXsNp1T1rHfQAFs5Z4AaABAg","@barryduggan9605","UChgmCFGB7ukSuHqiSCij3IA","Complain no content complain there’s too much",44,"2026-09-22T18:04:22Z",0,2026-09-22 18:04:22,"Ultimate Team","People are NOT happy with this! FC27 Ultimate Team","NepentheZ"
"HaRFo7WlrJg","UgweX0d9N3cd_PNLiBJ4AaABAg","@ernestoherrera320","UCshPahAz4yOvwwa6RYkdsdw","W NEP !",2,"2026-09-22T18:03:49Z",0,2026-09-22 18:03:49,"Ultimate Team","People are NOT happy with this! FC27 Ultimate Team","NepentheZ"
"tUUR5X5SNc0","Ugypad4YQ7nsr79l5DF4AaABAg","@spoon_13th","UC7uKxpqx0Uub5BHSGlfstXg","Hey Biscuit the editor, I want to see that , I want to see you Mister Miagi it in the lips",0,"2026-09-22T16:09:54Z",0,2026-09-22 16:09:54,"Career Mode","I Fixed LIVERPOOLS Biggest PROBLEMS In FC 27 Career Mode!","CaniSports"
"tUUR5X5SNc0","UgxtA7j_mbTccaX9qJR4AaABAg","@RafaelParra-f5k","UCBFfJfmg9Few9yU4HNc-xbg","I do not know why he’s always so mean with McAllister. He’s a great player.",0,"2026-09-22T15:26:50Z",0,2026-09-22 15:26:50,"Career Mode","I Fixed LIVERPOOLS Biggest PROBLEMS In FC 27 Career Mode!","CaniSports"
"tUUR5X5SNc0","Ugwo-PgJJaIZPIRFN9x4AaABAg","@kamronlang2491","UCwZqgLNpsnHwtez2dYxn20g","We had the feature to see the ratings and the standings and the next 5 games",0,"2026-09-22T13:32:02Z",0,2026-09-22 13:32:02,"Career Mode","I Fixed LIVERPOOLS Biggest PROBLEMS In FC 27 Career Mode!","CaniSports"
"tUUR5X5SNc0","Ugwz6pzuDsJ4Js5dwB94AaABAg","@MikoTheodore","UCSDmZYIIXbMa6ckSsUP1C6g","Cani why don't you sign Jon aramburu as I second option right back?",0,"2026-09-22T12:59:59Z",0,2026-09-22 12:59:59,"Career Mode","I Fixed LIVERPOOLS Biggest PROBLEMS In FC 27 Career Mode!","CaniSports"
"tUUR5X5SNc0","UgwuuO8QhvJtGjfgfHh4AaABAg","@kanexxxx7405","UC68P7PX1iUw0VDiJT847fEQ","I love the new feature about injuries",0,"2026-09-22T10:17:46Z",0,2026-09-22 10:17:46,"Career Mode","I Fixed LIVERPOOLS Biggest PROBLEMS In FC 27 Career Mode!","CaniSports"
"tUUR5X5SNc0","UgzTetJ8U0yn8H5-kbl4AaABAg","@davigabriel4122fn","UCEg-PwBWlbUeTTZoIz-0L-A","Brasil por aqui",0,"2026-09-22T04:18:04Z",0,2026-09-22 04:18:04,"Career Mode","I Fixed LIVERPOOLS Biggest PROBLEMS In FC 27 Career Mode!","CaniSports"
"tUUR5X5SNc0","UgziRfxTW-aXq8V6Q5J4AaABAg","@JKkkkdddffrr","UC4Ps5RU4CJGKiO1PfrrTvjA","",0,"2026-09-22T02:59:29Z",0,2026-09-22 02:59:29,"Career Mode","I Fixed LIVERPOOLS Biggest PROBLEMS In FC 27 Career Mode!","CaniSports"
"tUUR5X5SNc0","Ugw5Wa_nvc0QWsTj00x4AaABAg","@chufter1","UCeGZPCtTeKYX_CIqbel92ww","CANI SIGN FELIX NMECHA",0,"2026-09-21T19:53:50Z",0,2026-09-21 19:53:50,"Career Mode","I Fixed LIVERPOOLS Biggest PROBLEMS In FC 27 Career Mode!","CaniSports"
"tUUR5X5SNc0","Ugy_iS03_Vy1ka1Scil4AaABAg","@He_be_geebie","UCp-1PmSX-LRxrA85RI0laAw","Rebuild spurs",0,"2026-09-21T17:26:38Z",0,2026-09-21 17:26:38,"Career Mode","I Fixed LIVERPOOLS Biggest PROBLEMS In FC 27 Career Mode!","CaniSports"
"tUUR5X5SNc0","UgwluA34McMLo9j5pSN4AaABAg","@EggaLela","UCZiOGWEEh6rokUGVU-SAHIQ","9:55  so funny",0,"2026-09-21T16:42:57Z",0,2026-09-21 16:42:57,"Career Mode","I Fixed LIVERPOOLS Biggest PROBLEMS In FC 27 Career Mode!","CaniSports"
"tUUR5X5SNc0","Ugy_n4mstuMD4mo5kJl4AaABAg","@Merc_CW","UCuff9iow_aKUJNfEHAROdsw","9:54 He's a generic Brazilian, seems to have been signed from Mineiro, and thus replaces Renan Lodi in that club's base squad.",0,"2026-09-21T16:04:42Z",0,2026-09-21 16:04:42,"Career Mode","I Fixed LIVERPOOLS Biggest PROBLEMS In FC 27 Career Mode!","CaniSports"
"tUUR5X5SNc0","UgyYcYY0ceE79aFndm94AaABAg","@catherineoconnell8168","UCQeUAWMER8HQ8MHkiBQsAlg","O would sell Allison or play mamardasvili he played good when he was in goal or sign. A new golkeeper",0,"2026-09-21T15:58:31Z",0,2026-09-21 15:58:31,"Career Mode","I Fixed LIVERPOOLS Biggest PROBLEMS In FC 27 Career Mode!","CaniSports"
"tUUR5X5SNc0","UgyICR0pWBmfeBQdF2F4AaABAg","@SjoerdK3001","UCZvai0mxH4IEOeRpitKcCCw","A few options for next year that I would like to see: Valente, dest, manzambi, nmecha, pavlovic, jeltsch or brown",0,"2026-09-21T15:41:03Z",0,2026-09-21 15:41:03,"Career Mode","I Fixed LIVERPOOLS Biggest PROBLEMS In FC 27 Career Mode!","CaniSports"
"tUUR5X5SNc0","UgwC323hjDz_rhY52EJ4AaABAg","@JakeChen-11","UCwbYkVyfTwdOSqSs8sgeSpQ","Sign Victor Froholdt",0,"2026-09-21T15:39:28Z",0,2026-09-21 15:39:28,"Career Mode","I Fixed LIVERPOOLS Biggest PROBLEMS In FC 27 Career Mode!","CaniSports"
"tUUR5X5SNc0","UgwFV4rzS1hSfTXofv54AaABAg","@GoatEditz41","UCeSp8OC1LjyJbeQF27gYubw","Cani here are my opinions on your questions: -
First of all, please sign Araujo on a permanent deal as he is too good to lose. Yes, he has not been playing well at right back but that's just because he's playing out of position. Start him at CB and you will instantly feel that every penny is worth for him.

Then, we got the Frimpong situation, I think he would be a great option coming off the bench at RM or RW because of his pace but there are better options than him so sell him and we already got 2 RBs so I think that will be enough for next season.

Thirdly, Mac Allister situation, for me we should keep him cause he's a great player and I believe that Nyoni is just not ready right now for the squad. So, keep Macca and loan out Nyoni so that he can grow and get some crucial play time.

Then, keep both Cody Gakpo and Isak. both have huge importance to the team, and it would mean that we are losing a lot of quality in the window .",1,"2026-09-21T15:22:09Z",0,2026-09-21 15:22:09,"Career Mode","I Fixed LIVERPOOLS Biggest PROBLEMS In FC 27 Career Mode!","CaniSports"
"tUUR5X5SNc0","Ugw2wGZCIuUINiDhi_B4AaABAg","@ThomasShellard","UCBNG9M0R-OoyCc4XbBZ8IGQ","Day 2 of asking for a Swindon FC27 Rebuild!🎉",0,"2026-09-21T14:29:56Z",0,2026-09-21 14:29:56,"Career Mode","I Fixed LIVERPOOLS Biggest PROBLEMS In FC 27 Career Mode!","CaniSports"
"tUUR5X5SNc0","Ugx0Lhc99cxIb0LmXB94AaABAg","@1Agent.Vortex","UCCzojHZKftc5ygTNjR-LLGg","We had average rating in FC26",0,"2026-09-21T13:39:22Z",0,2026-09-21 13:39:22,"Career Mode","I Fixed LIVERPOOLS Biggest PROBLEMS In FC 27 Career Mode!","CaniSports"
"tUUR5X5SNc0","UgzdbaGUIZgN_lyaiBJ4AaABAg","@KddkFkjfjf","UCHlJwJ9mKB2lU86ZpM8JvpA","Kannst du vielleicht einen Deutschen 2. Kanal machen?
Vielleicht ist es auch zu viel Arbeit.
Aber wäre sehr schön.❤❤",0,"2026-09-21T13:32:32Z",0,2026-09-21 13:32:32,"Career Mode","I Fixed LIVERPOOLS Biggest PROBLEMS In FC 27 Career Mode!","CaniSports"
"tUUR5X5SNc0","UgwrotdlvYG4jl5DAzB4AaABAg","@pacoyann6931","UC6X_WEyw7EwFqJeCRwTWkUA","Be giving Nyoni and Koumas time to play too",0,"2026-09-21T12:57:53Z",0,2026-09-21 12:57:53,"Career Mode","I Fixed LIVERPOOLS Biggest PROBLEMS In FC 27 Career Mode!","CaniSports"
"tUUR5X5SNc0","UgxzINHHsaXs-tQCFJl4AaABAg","@lailaalwindi5753","UC2X42pIHjL8UEWO2Dln8OrA","we had it",0,"2026-09-21T11:24:19Z",0,2026-09-21 11:24:19,"Career Mode","I Fixed LIVERPOOLS Biggest PROBLEMS In FC 27 Career Mode!","CaniSports"
"tUUR5X5SNc0","Ugx8VFs4NPoxSIdIocZ4AaABAg","@benjaminhafdelll9563","UC8qqj6c47FcO3UUgHKCo6tw","Think Alex Scott would be a good signing. Starting this season good for BOU",0,"2026-09-21T11:13:43Z",0,2026-09-21 11:13:43,"Career Mode","I Fixed LIVERPOOLS Biggest PROBLEMS In FC 27 Career Mode!","CaniSports"
"tUUR5X5SNc0","UgzGTK1hhRi3LA3H0FN4AaABAg","@yugpatel9423","UCIchbjmN5339S__IcccGbnA","Can sign Romeo Lavia or Bernat Prados as a backup CDM 

Make Araujo loan permanent send Leoni on loan",0,"2026-09-21T10:41:53Z",0,2026-09-21 10:41:53,"Career Mode","I Fixed LIVERPOOLS Biggest PROBLEMS In FC 27 Career Mode!","CaniSports"
"tUUR5X5SNc0","UgwPr0BaQshTySYq40V4AaABAg","@adoodlebug108","UCihbwpkK6xO7v8gpPA9dkHQ","23:54 Exeter wayyyyyy",0,"2026-09-21T10:28:56Z",0,2026-09-21 10:28:56,"Career Mode","I Fixed LIVERPOOLS Biggest PROBLEMS In FC 27 Career Mode!","CaniSports"
"tUUR5X5SNc0","UgwIFGTykC0449wbvs14AaABAg","@DelightMbonwie","UC7K6iTvUIvWkIZ19xYoAPAg","Don't sign araujo you've many CBS already 
Sell gakpo and give space for youngsters 
Isak should also be kept for competition with EKTK
Also loan out or sell young talents you don't use as they're just wasting in the club",0,"2026-09-21T10:04:56Z",0,2026-09-21 10:04:56,"Career Mode","I Fixed LIVERPOOLS Biggest PROBLEMS In FC 27 Career Mode!","CaniSports"
"tUUR5X5SNc0","Ugx238NaIHUCvUcMUhR4AaABAg","@Tobi-tn6vu","UCk_B52qlznfU6BwEzX--J8Q","The design looks soo shit. Why did EA remove all the colour from team sheets? Please report this to EA Cani",0,"2026-09-21T09:40:07Z",0,2026-09-21 09:40:07,"Career Mode","I Fixed LIVERPOOLS Biggest PROBLEMS In FC 27 Career Mode!","CaniSports"
"tUUR5X5SNc0","UgxG0rVrxaBqUFZKTE54AaABAg","@Pinstem","UCCmDNjgHBGuykSsi3wNbMVw","Cani, rebuild Racing Santander and make them become a big club",0,"2026-09-21T08:20:07Z",0,2026-09-21 08:20:07,"Career Mode","I Fixed LIVERPOOLS Biggest PROBLEMS In FC 27 Career Mode!","CaniSports"
"tUUR5X5SNc0","Ugxj9nL4skBVUZq7-kJ4AaABAg","@SeanHolden739","UCTZ_ZhLC7_aFmhjfo0Q8zzQ","these editor side notes are awful btw unfunny and unneeded..",0,"2026-09-21T08:02:52Z",0,2026-09-21 08:02:52,"Career Mode","I Fixed LIVERPOOLS Biggest PROBLEMS In FC 27 Career Mode!","CaniSports"
"tUUR5X5SNc0","UgyfVpibnUr7NL-Rp-h4AaABAg","@dds3203","UC64HTNpbnM2RuN_Fubvff6w","Anyone knows if he's still using authentic gameplay or sliders?",0,"2026-09-21T07:58:30Z",0,2026-09-21 07:58:30,"Career Mode","I Fixed LIVERPOOLS Biggest PROBLEMS In FC 27 Career Mode!","CaniSports"
"tUUR5X5SNc0","Ugy6dT663GpZ3-Ob1hJ4AaABAg","@fw.williamss","UCguOFS_wc92x6NpbBt_q8BQ","Day 68 of asking Cani to play/replay the career of Jamal Musiala and to bring him to man city at some point.",1,"2026-09-21T06:56:52Z",0,2026-09-21 06:56:52,"Career Mode","I Fixed LIVERPOOLS Biggest PROBLEMS In FC 27 Career Mode!","CaniSports"
"tUUR5X5SNc0","Ugz9AcRva937PCbkiu54AaABAg","@Jmole-v1d","UCvCecSF_D0StNXpl-nS7tdQ","Cani you should probably switch to a 4-2-2 so you can get the best out of Ekitike and Isak. If you want to sign Araujo permanently you could but he won't really grow anymore so you should probably get someone like Pedro Porro or Denzel Dumfries. Probably should send Rio on loan aswell so he can grow unless you want to include him in your plans or use him as a super sub.",1,"2026-09-21T06:40:56Z",0,2026-09-21 06:40:56,"Career Mode","I Fixed LIVERPOOLS Biggest PROBLEMS In FC 27 Career Mode!","CaniSports"
"tUUR5X5SNc0","UgxEkbNz70gPJl_cqZJ4AaABAg","@shrey08","UCG5QGL9Wbtfhd8OQBg7K39g","u gotta keep isak",1,"2026-09-21T06:30:35Z",0,2026-09-21 06:30:35,"Career Mode","I Fixed LIVERPOOLS Biggest PROBLEMS In FC 27 Career Mode!","CaniSports"
"tUUR5X5SNc0","UgxvPzEuuWGezTi9hkp4AaABAg","@backlinefoot1020","UCGBdhnFIEAPlEJu7KeaLiqg","Araujo should be signed, since Joe Gomez will be leaving. 
Macca needs to be sold, bcoz he will not get gametime there. Keep Camara, Nyoni & Gravenberch. Maybe one more CDM. 
And yes, one freaking RW is needed- Kang in Lee or Assane Diao.",0,"2026-09-21T04:48:46Z",0,2026-09-21 04:48:46,"Career Mode","I Fixed LIVERPOOLS Biggest PROBLEMS In FC 27 Career Mode!","CaniSports"
"tUUR5X5SNc0","Ugzx9mSIOV_zYyBTT2B4AaABAg","@hsjshsbsudbd","UCROXacIEPukUNfgE07lgh4w","Sell macca and sign orkun korcu",0,"2026-09-21T03:59:25Z",0,2026-09-21 03:59:25,"Career Mode","I Fixed LIVERPOOLS Biggest PROBLEMS In FC 27 Career Mode!","CaniSports"
"tUUR5X5SNc0","Ugw9SMSYdNzxm1I_x354AaABAg","@Green96k","UCnahyS8Op3zTMHmTGqMhwoA","Turn Wirtz into a LW and Frimpong into a RW. When he’s healthy you’ll thank me later lol",0,"2026-09-21T03:12:28Z",0,2026-09-21 03:12:28,"Career Mode","I Fixed LIVERPOOLS Biggest PROBLEMS In FC 27 Career Mode!","CaniSports"
"tUUR5X5SNc0","UgzupmIX6UGVEe53bYd4AaABAg","@Mrbergmann","UCZs753tPqvJN-rKnopBmeWw","11:32 how does he have that line on the corner??? Corners are so bad because you dont see anything",1,"2026-09-21T02:57:03Z",0,2026-09-21 02:57:03,"Career Mode","I Fixed LIVERPOOLS Biggest PROBLEMS In FC 27 Career Mode!","CaniSports"
"tUUR5X5SNc0","Ugwq6cRR6sos4vkKWDh4AaABAg","@HelloThere-tj7cb","UCo-eF5zwxzWePEhvw7ZTE1g","free Szoboszlai",0,"2026-09-21T02:34:14Z",0,2026-09-21 02:34:14,"Career Mode","I Fixed LIVERPOOLS Biggest PROBLEMS In FC 27 Career Mode!","CaniSports"
"tUUR5X5SNc0","UgwyyBzuRNIbSIU5LbR4AaABAg","@iitrippie_yt1749","UCqOfcizTN6Jfg2xIvGJTbUg","Vuskovic & Micky Van De Ven could be top signings, Micky can also slot in at LB, Premier League Proven, I have a feeling Iraola will bring Kroupi to Liverpool next Summer also.",0,"2026-09-21T02:20:05Z",0,2026-09-21 02:20:05,"Career Mode","I Fixed LIVERPOOLS Biggest PROBLEMS In FC 27 Career Mode!","CaniSports"
"tUUR5X5SNc0","Ugy8ubRbfuaKSiT3KzZ4AaABAg","@walliboy","UCJuXJsB54GPJNA4tZIHMREQ","Day 541 of asking for a Scandinavian country only career mode",0,"2026-09-20T22:47:45Z",0,2026-09-20 22:47:45,"Career Mode","I Fixed LIVERPOOLS Biggest PROBLEMS In FC 27 Career Mode!","CaniSports"
"tUUR5X5SNc0","UgxtbwRdV76JZBv8Gox4AaABAg","@VictorEhineboh","UCeXXasgyz_JYYyLh7fk_a2w","For right back sign guela douè
Then if you decide to sell gakpo, sign minteh and move ngomouha to the left( his favorite position actually)😂
Nice job man",0,"2026-09-20T21:39:22Z",0,2026-09-20 21:39:22,"Career Mode","I Fixed LIVERPOOLS Biggest PROBLEMS In FC 27 Career Mode!","CaniSports"
"tUUR5X5SNc0","UgwilCzoZoyCmOUgiCR4AaABAg","@3th4nZ.10","UCab-OswgtPiIAC3yxKSls_Q","27:26 switch to a 4-2-3-1 wide and put Van Dijk and aruajo as CB pairs and move Barcola to RM and wirtz to LM so Munoz and frimpong subs to them, Midfieldera are Gravenberch Szoblazia and Macallister",0,"2026-09-20T21:24:54Z",0,2026-09-20 21:24:54,"Career Mode","I Fixed LIVERPOOLS Biggest PROBLEMS In FC 27 Career Mode!","CaniSports"
"tUUR5X5SNc0","Ugy5iMVRC6Mzc-R7WqV4AaABAg","@Footballdartsmore202","UCBRmltgYZTWW9zTXQfD1VMw","Quansah get him",0,"2026-09-20T20:12:18Z",0,2026-09-20 20:12:18,"Career Mode","I Fixed LIVERPOOLS Biggest PROBLEMS In FC 27 Career Mode!","CaniSports"
"tUUR5X5SNc0","Ugz2-QLOnrIhRGnwY694AaABAg","@ermiya_cod","UCfoVvgFUs6oSPUAxB95seOQ","4:11 iranian meme bruh 😂😂",0,"2026-09-20T19:55:46Z",0,2026-09-20 19:55:46,"Career Mode","I Fixed LIVERPOOLS Biggest PROBLEMS In FC 27 Career Mode!","CaniSports"
"tUUR5X5SNc0","UgyaZzZgmIS_NJuUB2N4AaABAg","@67123-n","UC9fAD3a16skSOkA8UW1zm6A","Jules kounde",0,"2026-09-20T19:15:41Z",2,2026-09-20 19:15:41,"Career Mode","I Fixed LIVERPOOLS Biggest PROBLEMS In FC 27 Career Mode!","CaniSports"
"tUUR5X5SNc0","UgwOiY1m42Ab6lYv2RF4AaABAg","@ObbyKamanga","UCbyEe2Qy0WXYx17rHp1CfUg","Yildiz",0,"2026-09-20T19:07:57Z",0,2026-09-20 19:07:57,"Career Mode","I Fixed LIVERPOOLS Biggest PROBLEMS In FC 27 Career Mode!","CaniSports"
"tUUR5X5SNc0","Ugx6rXZ6fN0yRUrnvLh4AaABAg","@diogorodrigues10","UCS5_0wySwZgZduqxKKtTdpg","You fell off bro. The commentary is laughable.",0,"2026-09-20T17:56:02Z",0,2026-09-20 17:56:02,"Career Mode","I Fixed LIVERPOOLS Biggest PROBLEMS In FC 27 Career Mode!","CaniSports"
"tUUR5X5SNc0","UgxpYNkrAOqVOPukcd94AaABAg","@TLANGERS77","UCR9mdVzS2yYYkJjjrdS6DDg","I just started a Liverpool career mode on fc27 looked at renewing VVD and Alisson’s contracts they both wanted 1 million a week 😂 think EA need to fix that.",0,"2026-09-20T16:29:03Z",0,2026-09-20 16:29:03,"Career Mode","I Fixed LIVERPOOLS Biggest PROBLEMS In FC 27 Career Mode!","CaniSports"
"tUUR5X5SNc0","UgyqeEl16jMlqJlsc054AaABAg","@ThePolishGuy4222","UCZflLHGCxgsTPqmOd2UYetA","Glad to see you back with the Liverpool career mode , remember the fifa 16 career mode ❤",0,"2026-09-20T16:07:08Z",0,2026-09-20 16:07:08,"Career Mode","I Fixed LIVERPOOLS Biggest PROBLEMS In FC 27 Career Mode!","CaniSports"
"tUUR5X5SNc0","UgxVmLr1ddrvrehfXSR4AaABAg","@ronaldoguevara8657","UCbfjc35VtIpCaOWth3CvHXQ","sign for the cb Dayot upamecano",0,"2026-09-20T15:20:57Z",0,2026-09-20 15:20:57,"Career Mode","I Fixed LIVERPOOLS Biggest PROBLEMS In FC 27 Career Mode!","CaniSports"
"tUUR5X5SNc0","Ugw8Aqkov2wXAL5AWNx4AaABAg","@maksymilianjanik3540","UCq0NtGXWTLcbridfWVwjYXw","Salah needs a proper replacement. Endrick would fit that role perfectly. Left footed, explosive, hungry for goals",0,"2026-09-20T15:08:40Z",0,2026-09-20 15:08:40,"Career Mode","I Fixed LIVERPOOLS Biggest PROBLEMS In FC 27 Career Mode!","CaniSports"
"tUUR5X5SNc0","UgwFHwdllO5_yqaHMz14AaABAg","@joshfrankland3826","UCzwVLb8OCxHJ6w7NkwzXXVA","I had an offer accepted for kayode for roughly 48million. Then they wanted to renegotiate, and I ended up having to offer 57.5 million for him. They then ended up rejecting it and selling him to spurs for 42 million… think the system has some bugs for sure",0,"2026-09-20T15:01:58Z",0,2026-09-20 15:01:58,"Career Mode","I Fixed LIVERPOOLS Biggest PROBLEMS In FC 27 Career Mode!","CaniSports"
"tUUR5X5SNc0","UgxTJMs4aerzSqa-Wn94AaABAg","@marko-is-here","UC0bzhlR5fi5jOcTDyvYWTkg","Day 200 of asking for a Dender rebuild 🙏.",0,"2026-09-20T14:17:25Z",0,2026-09-20 14:17:25,"Career Mode","I Fixed LIVERPOOLS Biggest PROBLEMS In FC 27 Career Mode!","CaniSports"
"tUUR5X5SNc0","Ugx2EcKsmnAytTwKgzJ4AaABAg","@LebronJames2306brick","UC7jBSo3_McybetPCSV7SlqQ","Day 198 of asking Cani for an Oceania youth academy rebuild",1,"2026-09-20T14:15:29Z",0,2026-09-20 14:15:29,"Career Mode","I Fixed LIVERPOOLS Biggest PROBLEMS In FC 27 Career Mode!","CaniSports"
"tUUR5X5SNc0","UgyPC1iYXp5cOGxACh54AaABAg","@geartsjedijkstra6356","UCPKOlorHk8619j50ib4Po9w","Day 3 of asking to do sc cambuur carreer mode a team with many loan players and a team what buys players for not much money and sell them for more money and players like jaap stam played for them and arne slot was in 2015 manager of them with henk de jong",0,"2026-09-20T14:12:19Z",0,2026-09-20 14:12:19,"Career Mode","I Fixed LIVERPOOLS Biggest PROBLEMS In FC 27 Career Mode!","CaniSports"
"tUUR5X5SNc0","UgyrceVtj1BjlyuK_ER4AaABAg","@r.j.victor6560","UCrNILxuuVBqHY9kXxoyMhZw","Cavan Sullivan & Jerayno Schaken Or Zinhagel",0,"2026-09-20T13:38:29Z",0,2026-09-20 13:38:29,"Career Mode","I Fixed LIVERPOOLS Biggest PROBLEMS In FC 27 Career Mode!","CaniSports"
"tUUR5X5SNc0","UgxslG2zFJKkhazeqZx4AaABAg","@davidmargrave511","UCV5TBBBSuXTxnY2sZnJXU2A","For RB get Arnau Martinez and either sell or make Frimpong a RM/RW and sell Gakpo",0,"2026-09-20T13:29:50Z",0,2026-09-20 13:29:50,"Career Mode","I Fixed LIVERPOOLS Biggest PROBLEMS In FC 27 Career Mode!","CaniSports"
"tUUR5X5SNc0","Ugz0TEVTRHZDUIgQjwl4AaABAg","@KostadinPetkovski","UCvkMOhdKL5LWobQSeoTFn8Q","Loan out frimpong to seria a team who plays 3 at the back, than sell him for a world class RB",0,"2026-09-20T13:05:31Z",0,2026-09-20 13:05:31,"Career Mode","I Fixed LIVERPOOLS Biggest PROBLEMS In FC 27 Career Mode!","CaniSports"
"tUUR5X5SNc0","UgxFillkBstOfhXHypZ4AaABAg","@cy_pher03","UCMSP8oE7FfaxLnp5KF19Mvw","I would keep Isak, sell Gakpo and bring in a world class natural right winger like Olise or Rayan",1,"2026-09-20T11:35:16Z",0,2026-09-20 11:35:16,"Career Mode","I Fixed LIVERPOOLS Biggest PROBLEMS In FC 27 Career Mode!","CaniSports"
"tUUR5X5SNc0","Ugw6Te3AGdm_K-TbdCN4AaABAg","@cy_pher03","UCMSP8oE7FfaxLnp5KF19Mvw","Sell Mac Allister, he has only one year left on his contract, already a bit older and doesn’t really fit the system. The biggest concern with Camara is his height and physicality so I would sell Macca and sign a proper 6 like Koné oder Mamadou Sangaré from Brentford.",0,"2026-09-20T11:34:22Z",0,2026-09-20 11:34:22,"Career Mode","I Fixed LIVERPOOLS Biggest PROBLEMS In FC 27 Career Mode!","CaniSports"
"tUUR5X5SNc0","UgwXsdCQ2QFG26AR_Vx4AaABAg","@cy_pher03","UCMSP8oE7FfaxLnp5KF19Mvw","Sell Frimpong and bring in a proper right back, the system fit is just not there",0,"2026-09-20T11:33:00Z",0,2026-09-20 11:33:00,"Career Mode","I Fixed LIVERPOOLS Biggest PROBLEMS In FC 27 Career Mode!","CaniSports"
"tUUR5X5SNc0","UgzckA6h1HnH4Qh3-jp4AaABAg","@simanenadovic8677","UCANE5AW_Tioc1kqtPOIQBNQ","Cani how do you know song helikopter from Fazlija???lol",0,"2026-09-20T11:32:59Z",0,2026-09-20 11:32:59,"Career Mode","I Fixed LIVERPOOLS Biggest PROBLEMS In FC 27 Career Mode!","CaniSports"
"tUUR5X5SNc0","UgwYk_pqXOtomfGkvIN4AaABAg","@cy_pher03","UCMSP8oE7FfaxLnp5KF19Mvw","I would bring back Quansah and not sign Aurajo. IRL Quansah has a buy back option for the summer of 2027 and already a pre-agreed contract.",0,"2026-09-20T11:32:34Z",0,2026-09-20 11:32:34,"Career Mode","I Fixed LIVERPOOLS Biggest PROBLEMS In FC 27 Career Mode!","CaniSports"
"tUUR5X5SNc0","UgzZHHJ9rLgv9YHOInB4AaABAg","@dunko9526","UC8oB4ulb0WwPoQDgkJ_Unmg","I saw someone say that u should give up on *araujo* and get *quansah* back and i agree
And again i say that *Jorthy mokio* is an amazing signing for LB and CDM",7,"2026-09-20T11:22:38Z",0,2026-09-20 11:22:38,"Career Mode","I Fixed LIVERPOOLS Biggest PROBLEMS In FC 27 Career Mode!","CaniSports"
"tUUR5X5SNc0","Ugxx9KNQ8_80D7Sfb314AaABAg","@The999thFilip","UC66nxAcJ43gCxdskYOx-y9w","i swear i have at least 2 players get injured every single match",0,"2026-09-20T11:17:56Z",0,2026-09-20 11:17:56,"Career Mode","I Fixed LIVERPOOLS Biggest PROBLEMS In FC 27 Career Mode!","CaniSports"
"tUUR5X5SNc0","UgzW3rihL1rNFcyajeR4AaABAg","@astrogaming-b7f","UCDADT1tcEWXpUO0oe83VSRw","Use two striker formation pls",1,"2026-09-20T11:14:49Z",0,2026-09-20 11:14:49,"Career Mode","I Fixed LIVERPOOLS Biggest PROBLEMS In FC 27 Career Mode!","CaniSports"
"tUUR5X5SNc0","Ugx5RYmr_S_Wlid3u2R4AaABAg","@Lebronno1","UCFoZ09KW58h7YZyiJ_qQrEg","Try szobo at rb to fix the fupl back oroblem and frimpkng coukd do a shift at rw",0,"2026-09-20T11:08:39Z",0,2026-09-20 11:08:39,"Career Mode","I Fixed LIVERPOOLS Biggest PROBLEMS In FC 27 Career Mode!","CaniSports"
"tUUR5X5SNc0","UgyNDtMABFvXcieJ2Tx4AaABAg","@assarsvard7215","UCFdh-WImuIpgq76IqzRtEzA","Day 231 of asking you to rebuild Hammarby IF",0,"2026-09-20T11:05:34Z",0,2026-09-20 11:05:34,"Career Mode","I Fixed LIVERPOOLS Biggest PROBLEMS In FC 27 Career Mode!","CaniSports"
"tUUR5X5SNc0","Ugz5VymmqqUgf2182e14AaABAg","@ZaneCassarBarbara","UCKBdKehKape83IfJEgWYQhw","What happened with Chiesa in ur save?",0,"2026-09-20T11:05:33Z",0,2026-09-20 11:05:33,"Career Mode","I Fixed LIVERPOOLS Biggest PROBLEMS In FC 27 Career Mode!","CaniSports"
"tUUR5X5SNc0","UgzqQe0B7KbIooAQp9F4AaABAg","@FrankCastleThePunisher666","UCkvyoxRwH3ZArxG1Wj8onVA","I never understood the transfer budget unexpected event. You should be able to carry over your money into the next season anyway. Especially if you’re a lower club with hardly any money and need to build it up slowly",0,"2026-09-20T10:52:44Z",0,2026-09-20 10:52:44,"Career Mode","I Fixed LIVERPOOLS Biggest PROBLEMS In FC 27 Career Mode!","CaniSports"
"tUUR5X5SNc0","UgzniuoWtOVVu0x4Gs54AaABAg","@Lebronno1","UCFoZ09KW58h7YZyiJ_qQrEg","You should sign fresenda and the keeper from genk i cant spell his name sry",0,"2026-09-20T10:51:55Z",0,2026-09-20 10:51:55,"Career Mode","I Fixed LIVERPOOLS Biggest PROBLEMS In FC 27 Career Mode!","CaniSports"
"tUUR5X5SNc0","Ugz7vQ1BQaxEXHZWqEl4AaABAg","@Lebronno1","UCFoZ09KW58h7YZyiJ_qQrEg","Just a suggestion for right back i like ivan fresemda from sporting and i saw someone say a loan deal for rio and trey wich i agree with and maybe the keeper we signed from genk",1,"2026-09-20T10:51:19Z",0,2026-09-20 10:51:19,"Career Mode","I Fixed LIVERPOOLS Biggest PROBLEMS In FC 27 Career Mode!","CaniSports"
"tUUR5X5SNc0","UgxClKmEzLZ7coFzhtl4AaABAg","@Gamingfin-b1f","UCuQDcmy0LSqBbyLiGb9rv-A","Make araujo permanent",0,"2026-09-20T10:49:44Z",0,2026-09-20 10:49:44,"Career Mode","I Fixed LIVERPOOLS Biggest PROBLEMS In FC 27 Career Mode!","CaniSports"
"tUUR5X5SNc0","Ugzi-aW7q8LuRDgx3KB4AaABAg","@sojubindya6340","UCOplNm0m9Nr4Ll3C_k8TlUA","You want to sell one  RB.",0,"2026-09-20T10:49:43Z",0,2026-09-20 10:49:43,"Career Mode","I Fixed LIVERPOOLS Biggest PROBLEMS In FC 27 Career Mode!","CaniSports"
"tUUR5X5SNc0","UgwGNffAEn7h4WmcI1x4AaABAg","@Lebronno1","UCFoZ09KW58h7YZyiJ_qQrEg","I love your vids",0,"2026-09-20T10:48:20Z",0,2026-09-20 10:48:20,"Career Mode","I Fixed LIVERPOOLS Biggest PROBLEMS In FC 27 Career Mode!","CaniSports"
"tUUR5X5SNc0","UgyNgzSoVmJlk55_gFt4AaABAg","@Snowfoxx-d5x","UCGhnXFM7NFQ79VUM7Keaujg","I think you should make Frimpong an back up to the wing positions",0,"2026-09-20T10:43:52Z",0,2026-09-20 10:43:52,"Career Mode","I Fixed LIVERPOOLS Biggest PROBLEMS In FC 27 Career Mode!","CaniSports"
"tUUR5X5SNc0","UgwhDewWoCRuyjB5NEB4AaABAg","@MidasB.050","UCvUCJTkOSt_brNlxlErzvww","i'd say use 4-2-2-2, Isak is too good to be on the bench. Mac Allister or Camara with Gravenberch in the DM. Szoboslai and Barcola (if barcola can play AM) ane Isak and Ekitike upfront",0,"2026-09-20T10:26:22Z",0,2026-09-20 10:26:22,"Career Mode","I Fixed LIVERPOOLS Biggest PROBLEMS In FC 27 Career Mode!","CaniSports"
"tUUR5X5SNc0","Ugzb4ZRayr8yxWHG6qx4AaABAg","@Snowfoxx-d5x","UCGhnXFM7NFQ79VUM7Keaujg","Day 136 of begging for rebuild of Las Palmas to get them where they belong to LaLiga and win them some trophies pls pls pls",0,"2026-09-20T10:24:43Z",0,2026-09-20 10:24:43,"Career Mode","I Fixed LIVERPOOLS Biggest PROBLEMS In FC 27 Career Mode!","CaniSports"
"tUUR5X5SNc0","UgyMEB8nOQ_euC-omO14AaABAg","@John-divanMeintjes","UC57RLccO2YC5pSfR-qAEuvg","Day 6 of asking for a West Brom Rebuild",0,"2026-09-20T10:17:16Z",0,2026-09-20 10:17:16,"Career Mode","I Fixed LIVERPOOLS Biggest PROBLEMS In FC 27 Career Mode!","CaniSports"
"tUUR5X5SNc0","UgyOPn1uyG-YJXNm0TN4AaABAg","@movirgala","UCSBQJU0_Z7Ix691Bw_4EJUw","Turn off authenticity setting its bellow authentic gameplay setting you won't have bad first touches then... trust me cani it makes huge difference",0,"2026-09-20T10:13:25Z",0,2026-09-20 10:13:25,"Career Mode","I Fixed LIVERPOOLS Biggest PROBLEMS In FC 27 Career Mode!","CaniSports"
"tUUR5X5SNc0","Ugx_NEfMKTKYA8W4viN4AaABAg","@usamahaneef283","UCFWS1sVAaawkqduHcEBGcug","Sell out players like macallister & Isak and bring in experienced backups",0,"2026-09-20T10:08:32Z",0,2026-09-20 10:08:32,"Career Mode","I Fixed LIVERPOOLS Biggest PROBLEMS In FC 27 Career Mode!","CaniSports"
"tUUR5X5SNc0","Ugwgwb21AbZjE7R8en94AaABAg","@zsombimike7241","UC4RZ0uF5X9otvlng9cAtUXA","Szobo is your best outfield player why dont you say anything about him? Btw keep Araujo make it permanent and only keep gakpo or isak maybe sell macallister because of camara and gravenberch",1,"2026-09-20T10:04:58Z",0,2026-09-20 10:04:58,"Career Mode","I Fixed LIVERPOOLS Biggest PROBLEMS In FC 27 Career Mode!","CaniSports"
"tUUR5X5SNc0","UgwrjrQPKFQ66ynEP9B4AaABAg","@Bennybenson187","UCFzPY-1VRXDInKLEDlhU8dQ","I would sign Araujo as a backup. Keep Gakpo if Isak leaves, but if Isak stays I would sell Gakpo and sign a proper backup RW. I would also sell Macca, I love him but we need a good CDM, Gravenberch and Szobo are too offensive so it might be nice to have a good option for the 6 position. 
Personally I would sell Frimpong and buy Kadıoğlu as I think he would be a decent backup for both wingback positions.",0,"2026-09-20T09:50:46Z",0,2026-09-20 09:50:46,"Career Mode","I Fixed LIVERPOOLS Biggest PROBLEMS In FC 27 Career Mode!","CaniSports"
"tUUR5X5SNc0","UgwNO1Y5wj9-kBw3htZ4AaABAg","@Bo-dy8iu","UC-_epVTZWdq3bMzS-2cbPnA","Day 13 asking for a leece career mode SEIRA A Italy",0,"2026-09-20T09:41:04Z",0,2026-09-20 09:41:04,"Career Mode","I Fixed LIVERPOOLS Biggest PROBLEMS In FC 27 Career Mode!","CaniSports"
"tUUR5X5SNc0","UgzLkFxqK2Z_g2xEg1x4AaABAg","@abusmokey5134","UCfD1vbtSI6rJkt6867trp0g","𝐶𝑎𝑛𝑖 𝑦𝑜𝑢 𝑠ℎ𝑜𝑢𝑙𝑑 𝑠𝑖𝑔𝑛 𝑎 𝑁𝑒𝑤 𝑐𝑏 𝑙𝑖𝑘𝑒 𝑇𝑜𝑚𝑜𝑟𝑖 𝑜𝑟 𝑀𝑎𝑟𝑖𝑜 𝐺𝑖𝑙𝑎. 𝑇ℎ𝑎𝑡'𝑠 𝑤ℎ𝑎𝑡 𝑚𝑎𝑘𝑖𝑛𝑔 𝑌𝑜𝑢𝑟 𝑡𝑒𝑎𝑚 𝑙𝑜𝑠𝑖𝑛𝑔.",0,"2026-09-20T09:32:54Z",0,2026-09-20 09:32:54,"Career Mode","I Fixed LIVERPOOLS Biggest PROBLEMS In FC 27 Career Mode!","CaniSports"
"tUUR5X5SNc0","Ugzh3HLhf7YdQERmot94AaABAg","@lucasserole","UCZrZ2JQT_VThenq5ldV9oGw","fire this editor. he thinks hes funny",0,"2026-09-20T09:19:39Z",0,2026-09-20 09:19:39,"Career Mode","I Fixed LIVERPOOLS Biggest PROBLEMS In FC 27 Career Mode!","CaniSports"
"tUUR5X5SNc0","UgxRRJGz7kH5s_X8bNx4AaABAg","@fademainz","UCI0EHC-mROWB9NLN2qruZyg","9:57 welington dano is not a real person, just a random person fifa created, but honestly he is good at left back since fifa 2022. 
i used him before and it's a bargain. bought him for 10 million and sold him for around 85 million, good left back",0,"2026-09-20T09:15:50Z",0,2026-09-20 09:15:50,"Career Mode","I Fixed LIVERPOOLS Biggest PROBLEMS In FC 27 Career Mode!","CaniSports"
"tUUR5X5SNc0","Ugw_iLiQepQV6_dpvzB4AaABAg","@HaeataleliTaialeaMiimetua","UCCyiic_CCAYUN9xwrSX-Sug","bring back trent, you gotta do it.",0,"2026-09-20T08:54:28Z",0,2026-09-20 08:54:28,"Career Mode","I Fixed LIVERPOOLS Biggest PROBLEMS In FC 27 Career Mode!","CaniSports"
"tUUR5X5SNc0","UgzH13QwsRISWaQ6TCx4AaABAg","@joshfisher90","UCvF-9Xe2g0cyTbQ9kLc-okg","Why not play with two strikers during certain matches? It’ll give Isak and Ekitike starting 11 spots and take some of the pressure off the injured wingers.",0,"2026-09-20T08:53:37Z",0,2026-09-20 08:53:37,"Career Mode","I Fixed LIVERPOOLS Biggest PROBLEMS In FC 27 Career Mode!","CaniSports"
"tUUR5X5SNc0","UgyoVfrY7KRdZqYH6wt4AaABAg","@Kagiso-v2j","UCMdSzUmpTmgln4xsNi7PpZA","Try to bring back Trent for RB and buy Endrick if Isak goes",0,"2026-09-20T08:49:44Z",0,2026-09-20 08:49:44,"Career Mode","I Fixed LIVERPOOLS Biggest PROBLEMS In FC 27 Career Mode!","CaniSports"
"tUUR5X5SNc0","Ugz4pUp-J2sENLBivZp4AaABAg","@TheoLegrand-n3l","UCzbQARAKD1HGAms0YQ1SmwQ","there was avrage player rating in fc26",0,"2026-09-20T08:45:58Z",0,2026-09-20 08:45:58,"Career Mode","I Fixed LIVERPOOLS Biggest PROBLEMS In FC 27 Career Mode!","CaniSports"
"tUUR5X5SNc0","UgzGc5HvmyhYu49Cs-94AaABAg","@roanfeenstra601","UCGvc8aMUKpK6whm2mutUT0g","Day 8 of asking for a SC Heerenveen rebuild",0,"2026-09-20T08:40:11Z",0,2026-09-20 08:40:11,"Career Mode","I Fixed LIVERPOOLS Biggest PROBLEMS In FC 27 Career Mode!","CaniSports"
"tUUR5X5SNc0","UgxItSu0aj97M0Kzj-t4AaABAg","@ThomasShellard","UCBNG9M0R-OoyCc4XbBZ8IGQ","Day 1 of asking for a Swindon FC27 Rebuild!🎉",0,"2026-09-20T08:33:37Z",0,2026-09-20 08:33:37,"Career Mode","I Fixed LIVERPOOLS Biggest PROBLEMS In FC 27 Career Mode!","CaniSports"
"tUUR5X5SNc0","UgxJeGFrKu2L1kZPjOl4AaABAg","@sheilaotim1217","UCx3oU8FF9LuqDTk9d7OkOrw","Youth academy",1,"2026-09-20T08:33:10Z",0,2026-09-20 08:33:10,"Career Mode","I Fixed LIVERPOOLS Biggest PROBLEMS In FC 27 Career Mode!","CaniSports"
"tUUR5X5SNc0","Ugxie7SuJGp4eCsLbNp4AaABAg","@Γιαννης-ψ2κ","UCzYQ1-dffpASMQyaWsWynPw","Sign lazaros rota",0,"2026-09-20T08:31:31Z",0,2026-09-20 08:31:31,"Career Mode","I Fixed LIVERPOOLS Biggest PROBLEMS In FC 27 Career Mode!","CaniSports"
"tUUR5X5SNc0","Ugzq2opal33Oe4PuztJ4AaABAg","@Γιαννης-ψ2κ","UCzYQ1-dffpASMQyaWsWynPw","Sign lazaros rota",0,"2026-09-20T08:31:22Z",0,2026-09-20 08:31:22,"Career Mode","I Fixed LIVERPOOLS Biggest PROBLEMS In FC 27 Career Mode!","CaniSports"
"tUUR5X5SNc0","Ugzz33LVb_6wxx1Dk694AaABAg","@Γιαννης-ψ2κ","UCzYQ1-dffpASMQyaWsWynPw","Sign lazaros rota",0,"2026-09-20T08:31:11Z",0,2026-09-20 08:31:11,"Career Mode","I Fixed LIVERPOOLS Biggest PROBLEMS In FC 27 Career Mode!","CaniSports"
"tUUR5X5SNc0","UgxpajhIdH695VXGc014AaABAg","@godfrey__m","UCtNljXhB37J6WyrHGrxx2Dw","6:54 That is so Kerkez coded 😅😅😅",1,"2026-09-20T08:28:38Z",0,2026-09-20 08:28:38,"Career Mode","I Fixed LIVERPOOLS Biggest PROBLEMS In FC 27 Career Mode!","CaniSports"
"tUUR5X5SNc0","UgzqcGr8Z_Hj5DNOxsR4AaABAg","@noamkadosh1576","UCsTxkutuxcNHlTgfpTJCtXA","16:25 look where the right center back running",1,"2026-09-20T08:25:59Z",0,2026-09-20 08:25:59,"Career Mode","I Fixed LIVERPOOLS Biggest PROBLEMS In FC 27 Career Mode!","CaniSports"
"tUUR5X5SNc0","UgxMG5t11NEi3fO1qwx4AaABAg","@Albedo-m","UCo5cfLyNcRFy2agQk5LXK3w","Just in case Macca leaves try signing Lewis Miley, a great option",0,"2026-09-20T08:25:57Z",0,2026-09-20 08:25:57,"Career Mode","I Fixed LIVERPOOLS Biggest PROBLEMS In FC 27 Career Mode!","CaniSports"
"tUUR5X5SNc0","UgxLcKD6evKyXmggKKt4AaABAg","@wisconvi","UC_-DDSvvd0z3TwePf6uopcQ","You should change who wears the armband aswell for the future. Makes it more realistic.",0,"2026-09-20T08:20:10Z",0,2026-09-20 08:20:10,"Career Mode","I Fixed LIVERPOOLS Biggest PROBLEMS In FC 27 Career Mode!","CaniSports"
"tUUR5X5SNc0","UgwKPdJvrmAbgQ42RsV4AaABAg","@BramRoost","UCK0FlQF58mIKOCJ_dSK11cA","Day 53 of asking for a psv 10 season overtake",0,"2026-09-20T08:12:38Z",0,2026-09-20 08:12:38,"Career Mode","I Fixed LIVERPOOLS Biggest PROBLEMS In FC 27 Career Mode!","CaniSports"
"tUUR5X5SNc0","UgyG5dr60z5hlR9UK6N4AaABAg","@ayomidelukman200","UCgw2qtKRFOD3O4IYOW7Dxfw","This dynamic stuff is really not good in my own us just temporary",0,"2026-09-20T08:10:25Z",0,2026-09-20 08:10:25,"Career Mode","I Fixed LIVERPOOLS Biggest PROBLEMS In FC 27 Career Mode!","CaniSports"
"tUUR5X5SNc0","UgymbzqkKXTkHrpERIB4AaABAg","@BrockBeettam","UCGuzNmwL-CtPoaj5huAY_GA","Yeah the  average rating was in eafc 26 same as the commentary thats included this year but you had to download it last  year",0,"2026-09-20T08:06:27Z",0,2026-09-20 08:06:27,"Career Mode","I Fixed LIVERPOOLS Biggest PROBLEMS In FC 27 Career Mode!","CaniSports"
"tUUR5X5SNc0","UgzmlgQyBgHnVn5MPqB4AaABAg","@BrockBeettam","UCGuzNmwL-CtPoaj5huAY_GA","Started a new Juventus career manager and im loving it",0,"2026-09-20T07:59:18Z",0,2026-09-20 07:59:18,"Career Mode","I Fixed LIVERPOOLS Biggest PROBLEMS In FC 27 Career Mode!","CaniSports"
"tUUR5X5SNc0","Ugwn5UW52CW4EU_NwNp4AaABAg","@MajinnBuu83","UCk8IRrDcPHsFEuYwK9JOFCQ","I can't wait the collaboration this channel with s2g❤🎉",0,"2026-09-20T07:58:28Z",0,2026-09-20 07:58:28,"Career Mode","I Fixed LIVERPOOLS Biggest PROBLEMS In FC 27 Career Mode!","CaniSports"
"tUUR5X5SNc0","UgzSlKPAdmrooQR8KQl4AaABAg","@clairelee409","UCVzGV8R4sNK3MH2DMToCwuA","Sign Trent Alexander-Arnold",0,"2026-09-20T07:41:42Z",0,2026-09-20 07:41:42,"Career Mode","I Fixed LIVERPOOLS Biggest PROBLEMS In FC 27 Career Mode!","CaniSports"
"tUUR5X5SNc0","Ugy-O9I_uiXqBQW68Pd4AaABAg","@Titol-m6c","UCXUdqA-gisiHEO2hP1Q15-Q","Day 8 wating for rebuild Widzew Lodz",0,"2026-09-20T07:38:36Z",0,2026-09-20 07:38:36,"Career Mode","I Fixed LIVERPOOLS Biggest PROBLEMS In FC 27 Career Mode!","CaniSports"
"tUUR5X5SNc0","UgyXMPNUauXTk_i5ZVV4AaABAg","@BovexYT","UCCExM0TsA1LPhQv84n5w1mA","Please sign Mbokazi from Chicago Fire as a backup centreback he is a wonderkid who can takeover VVD in the future and alot of South Africans will be happy",1,"2026-09-20T07:30:08Z",0,2026-09-20 07:30:08,"Career Mode","I Fixed LIVERPOOLS Biggest PROBLEMS In FC 27 Career Mode!","CaniSports"
"tUUR5X5SNc0","UgwkurlIJzYG1wKV70Z4AaABAg","@YesssHuyeee","UC3QWZUsHwobXKbSJ_1_cajw","5:20  Liverpool and Chelsea play with Palace 😂😂😂",0,"2026-09-20T07:21:14Z",0,2026-09-20 07:21:14,"Career Mode","I Fixed LIVERPOOLS Biggest PROBLEMS In FC 27 Career Mode!","CaniSports"
"tUUR5X5SNc0","Ugx5KdTEaALad8ke1294AaABAg","@MohdSadiq-xv3hr","UCF6sc5B-vHvaq3ZaMXXXRig","Spend your money and get a good full back like kounde who can play cb too , get schloterback too because you need good cb partnership and you can change the formation to have 2 wingbacks kerkez and frimpong instead of full backs and kounde can still play at cb ... Sell macAlister to psg and also sell gapko and get someone like desire doue to have depth on both flanks",0,"2026-09-20T07:15:49Z",0,2026-09-20 07:15:49,"Career Mode","I Fixed LIVERPOOLS Biggest PROBLEMS In FC 27 Career Mode!","CaniSports"
"tUUR5X5SNc0","Ugwl_TLRYfCrMZ7n0GB4AaABAg","@Konstantin-l6b","UC0sNbam4uk6Kp079LjPUslA","Koulierakis",0,"2026-09-20T07:13:44Z",0,2026-09-20 07:13:44,"Career Mode","I Fixed LIVERPOOLS Biggest PROBLEMS In FC 27 Career Mode!","CaniSports"
"tUUR5X5SNc0","UgyMy8JejKYaHBWdQVF4AaABAg","@joelhubber841","UCcCOUFkliWLEAKC5alOB4zw","let isak go and replace with vlhavovic",0,"2026-09-20T06:55:10Z",0,2026-09-20 06:55:10,"Career Mode","I Fixed LIVERPOOLS Biggest PROBLEMS In FC 27 Career Mode!","CaniSports"
"tUUR5X5SNc0","Ugxkh6yy7iJ7UexQtod4AaABAg","@BardiaBarari-d1q","UCFYcBgw7CckFy7kKzfYGCHw","آبرمون اینجا هم رفت 4:07 😂😂😂",0,"2026-09-20T06:53:36Z",0,2026-09-20 06:53:36,"Career Mode","I Fixed LIVERPOOLS Biggest PROBLEMS In FC 27 Career Mode!","CaniSports"
"tUUR5X5SNc0","Ugw5ahmEKb2k8b4FLJ94AaABAg","@Zachfootie","UCeNuo7Jyb4rEneglYOiIqMg","Id say, sign Araujo, sell frimpong and sell gakpo",0,"2026-09-20T06:52:57Z",0,2026-09-20 06:52:57,"Career Mode","I Fixed LIVERPOOLS Biggest PROBLEMS In FC 27 Career Mode!","CaniSports"
"tUUR5X5SNc0","UgyUA5H3itM351piP_d4AaABAg","@FulPlayz","UCOyFcCvAM5yCwvCCtPvPeaQ","13:55 it was in fc26 but it didn’t work very well. It always used to glitch for me. It’s good to see it looking accurate",1,"2026-09-20T06:45:31Z",0,2026-09-20 06:45:31,"Career Mode","I Fixed LIVERPOOLS Biggest PROBLEMS In FC 27 Career Mode!","CaniSports"
"tUUR5X5SNc0","UgyqZ23EmYlmoOt-KOF4AaABAg","@BUWRESTLING","UCpjeWmZi2988ZlNb66JNKzw","Let Mac allister go",0,"2026-09-20T06:39:49Z",0,2026-09-20 06:39:49,"Career Mode","I Fixed LIVERPOOLS Biggest PROBLEMS In FC 27 Career Mode!","CaniSports"
"tUUR5X5SNc0","Ugxc093ac8UsDFxQxmJ4AaABAg","@BUWRESTLING","UCpjeWmZi2988ZlNb66JNKzw","Sell frimpong",0,"2026-09-20T06:39:02Z",0,2026-09-20 06:39:02,"Career Mode","I Fixed LIVERPOOLS Biggest PROBLEMS In FC 27 Career Mode!","CaniSports"
"tUUR5X5SNc0","UgzDg-qDRwfjZIhE5Qh4AaABAg","@tresbolachas6815","UCQlFU8qGm7pp-FwHryqHQ5w","I think that the good thing to do would be, sell Gakpo because he is unstable, and he could give a good money, and sell Araujo I dont think he quite fits, and try to find a replacement for Van Dijk, for  me It would be between Schloterback and Bastoni",0,"2026-09-20T06:36:26Z",0,2026-09-20 06:36:26,"Career Mode","I Fixed LIVERPOOLS Biggest PROBLEMS In FC 27 Career Mode!","CaniSports"
"tUUR5X5SNc0","Ugz3Xb3nhb7EXeM9JgF4AaABAg","@Eshelby89","UCTuHCpOdP3XAbdgs-s7hXuA","Should have brought back Trent",0,"2026-09-20T06:35:48Z",0,2026-09-20 06:35:48,"Career Mode","I Fixed LIVERPOOLS Biggest PROBLEMS In FC 27 Career Mode!","CaniSports"
"tUUR5X5SNc0","UgyzVeRvNTVDhZeB2qd4AaABAg","@AydenCraeye","UC9ao7FHlAyAyURvolUGXYzg","Day 17 of asking to do a Kaa gent career mode",1,"2026-09-20T06:35:09Z",0,2026-09-20 06:35:09,"Career Mode","I Fixed LIVERPOOLS Biggest PROBLEMS In FC 27 Career Mode!","CaniSports"
"tUUR5X5SNc0","UgzYjY7eexq5Rp_6tiZ4AaABAg","@FulPlayz","UCOyFcCvAM5yCwvCCtPvPeaQ","4:00 Not cani doing the helicopteeeer meme in the big 26 lol 🤣",6,"2026-09-20T06:33:30Z",0,2026-09-20 06:33:30,"Career Mode","I Fixed LIVERPOOLS Biggest PROBLEMS In FC 27 Career Mode!","CaniSports"
"tUUR5X5SNc0","UgxcyPauvSmU4ZrEvId4AaABAg","@YashwantR-t1b","UCGwk5LyF-a92J2gJXXwyuRw","just clear the ball , why are u passing noob",0,"2026-09-20T06:28:32Z",0,2026-09-20 06:28:32,"Career Mode","I Fixed LIVERPOOLS Biggest PROBLEMS In FC 27 Career Mode!","CaniSports"
"tUUR5X5SNc0","UgxZBTLl3b8IxqArNXZ4AaABAg","@IAmFaith._.","UCLmBzXN-zdERG5pprikymSw","Pls sign Jules Kounde as he can play wingback and defensive and attacking fullback.",0,"2026-09-20T06:26:49Z",0,2026-09-20 06:26:49,"Career Mode","I Fixed LIVERPOOLS Biggest PROBLEMS In FC 27 Career Mode!","CaniSports"
"tUUR5X5SNc0","Ugy3hycxWoNDuuO7Cut4AaABAg","@Gravedigger1980","UCM7EB-3AR42unUeGHBtXZQA","Love the series. Maybe it is time to bring back TAA as RB. Also a proper RW for example William Gomes from Porto i guess. A left foot to cut inside. Sign Araujo to Back Up Jacquet. A left foot CB to replace VVD in a year or so and a holding six for midfield stability.",1,"2026-09-20T06:06:12Z",0,2026-09-20 06:06:12,"Career Mode","I Fixed LIVERPOOLS Biggest PROBLEMS In FC 27 Career Mode!","CaniSports"
"tUUR5X5SNc0","UgzqWC4OgUkKe5S4qcZ4AaABAg","@carmenrowan9659","UCx2QUkQcmcU1CzwIMWyg0EA","Frimpong, gakpo, Mac Allister. Must be transfer listed.
Sign araujo. Keep isak.",0,"2026-09-20T05:47:25Z",1,2026-09-20 05:47:25,"Career Mode","I Fixed LIVERPOOLS Biggest PROBLEMS In FC 27 Career Mode!","CaniSports"
"tUUR5X5SNc0","UgwE_LGgJ2iAYLRJRxx4AaABAg","@LeoNoel-y8o","UC8Lt76szwlGqk1Ln-rO8iyw","Signing Upamecano for van dijk",0,"2026-09-20T05:34:41Z",0,2026-09-20 05:34:41,"Career Mode","I Fixed LIVERPOOLS Biggest PROBLEMS In FC 27 Career Mode!","CaniSports"
"tUUR5X5SNc0","Ugx0cX10-gioDVxZ-BB4AaABAg","@sebastianfelix8291","UC9Fb5KL4zjUK2uPXEFA5NMw","let go of macca and frimpong. frimpong is genuinely dogshit. and letgo of mamar since irl we have signed an actual backup gk",0,"2026-09-20T05:34:41Z",0,2026-09-20 05:34:41,"Career Mode","I Fixed LIVERPOOLS Biggest PROBLEMS In FC 27 Career Mode!","CaniSports"
"tUUR5X5SNc0","Ugzuidrj-kGoZbroQZV4AaABAg","@RedIconEditz","UCm8lcvcpIIpRaJ2AIXJOw1g","15:20 happened to me also i was trying to buy Rodrygo from Madrid game botched me",0,"2026-09-20T05:34:01Z",0,2026-09-20 05:34:01,"Career Mode","I Fixed LIVERPOOLS Biggest PROBLEMS In FC 27 Career Mode!","CaniSports"
"tUUR5X5SNc0","UgwZ46aZwpe6Wqh5wq54AaABAg","@Kanigameplayer","UC-YMGCehttgenRSBrk2pKQg","I think if u sign munoz from Crystal palace or i think he gone for Nottingham forest if u sign him that would be a good deal",1,"2026-09-20T05:25:51Z",0,2026-09-20 05:25:51,"Career Mode","I Fixed LIVERPOOLS Biggest PROBLEMS In FC 27 Career Mode!","CaniSports"
"tUUR5X5SNc0","Ugyd091YxRVCatlXLXV4AaABAg","@Oliver_PG103","UC2c1RBdM2CfpSigPv8Z799g","Great video CaniSports keep going",0,"2026-09-20T05:23:44Z",0,2026-09-20 05:23:44,"Career Mode","I Fixed LIVERPOOLS Biggest PROBLEMS In FC 27 Career Mode!","CaniSports"
"tUUR5X5SNc0","UgxMIdwugxNQmj8VnDp4AaABAg","@danelewienand4137","UCjhBiOZbloZVGycphMdhZwQ","We did😂",0,"2026-09-20T05:15:32Z",0,2026-09-20 05:15:32,"Career Mode","I Fixed LIVERPOOLS Biggest PROBLEMS In FC 27 Career Mode!","CaniSports"
"tUUR5X5SNc0","UgxiKFhz4Wr_ny2n9sV4AaABAg","@panashedzobo403","UCWKtds3tLG60sDEcHPM2Ibg","Make Isak a right wing as an inside forward",0,"2026-09-20T05:13:24Z",0,2026-09-20 05:13:24,"Career Mode","I Fixed LIVERPOOLS Biggest PROBLEMS In FC 27 Career Mode!","CaniSports"
"tUUR5X5SNc0","UgzMJkszTG4JhE4LuOZ4AaABAg","@bhartisharma7094","UCaiZVIgaZGvs5QUAL9p38cg","Sign castello lukeba from rb Leipzig",1,"2026-09-20T05:05:33Z",0,2026-09-20 05:05:33,"Career Mode","I Fixed LIVERPOOLS Biggest PROBLEMS In FC 27 Career Mode!","CaniSports"
"tUUR5X5SNc0","UgwB6FF5xLoeQJoZMHB4AaABAg","@Unidentified_User11","UCYNDGsd3AQS3JVOIxEHoUCQ","Yes you could see the average rating in fc26 13:59",0,"2026-09-20T05:04:58Z",0,2026-09-20 05:04:58,"Career Mode","I Fixed LIVERPOOLS Biggest PROBLEMS In FC 27 Career Mode!","CaniSports"
"tUUR5X5SNc0","UgxKSFEF8C0y_6J05Sh4AaABAg","@Unidentified_User11","UCYNDGsd3AQS3JVOIxEHoUCQ","13:58 yes it was in fc26",3,"2026-09-20T05:04:07Z",0,2026-09-20 05:04:07,"Career Mode","I Fixed LIVERPOOLS Biggest PROBLEMS In FC 27 Career Mode!","CaniSports"
"tUUR5X5SNc0","UgwsB7rUqVqBLxDYKs94AaABAg","@SultanHabib-e7s","UCnqUgil608k5J7rceZKLS2A","m wkole squad is getting inured what do i do",0,"2026-09-20T04:55:42Z",0,2026-09-20 04:55:42,"Career Mode","I Fixed LIVERPOOLS Biggest PROBLEMS In FC 27 Career Mode!","CaniSports"
"tUUR5X5SNc0","Ugyai5hqOx_ZNbGjcc14AaABAg","@Phil_47_Man_City","UCMSTQmlQfG2fovbxkZRhlkw","i think you should sell cody gakpo

good money",0,"2026-09-20T04:44:22Z",0,2026-09-20 04:44:22,"Career Mode","I Fixed LIVERPOOLS Biggest PROBLEMS In FC 27 Career Mode!","CaniSports"
"tUUR5X5SNc0","UgyVhny0vxeHcB56kC14AaABAg","@Phil_47_Man_City","UCMSTQmlQfG2fovbxkZRhlkw","try khusanov, he is young and good overall and potential",0,"2026-09-20T04:40:13Z",0,2026-09-20 04:40:13,"Career Mode","I Fixed LIVERPOOLS Biggest PROBLEMS In FC 27 Career Mode!","CaniSports"
"tUUR5X5SNc0","Ugw0C0MjvTumv3ozPTp4AaABAg","@hiimdarius","UCEgrYa4i-fPv0QhFWhAe7WQ","13:05 😭😭😭💔💔💔",0,"2026-09-20T04:37:16Z",0,2026-09-20 04:37:16,"Career Mode","I Fixed LIVERPOOLS Biggest PROBLEMS In FC 27 Career Mode!","CaniSports"
"tUUR5X5SNc0","UgyFVt20Ztudtg9uD1l4AaABAg","@CesarLopez-hd7xi","UCvndSqg8A7hrtJzTNjiJQqg","We did have it in FC26...😂",0,"2026-09-20T04:27:47Z",0,2026-09-20 04:27:47,"Career Mode","I Fixed LIVERPOOLS Biggest PROBLEMS In FC 27 Career Mode!","CaniSports"
"tUUR5X5SNc0","UgxI8G93n-00RYl1-xR4AaABAg","@ShaneMckiernan-f4t","UCP4SRcFrNJ5o_G30lt0_Xew","you should get kuskovic he has loads of potential and starts at a good rating",0,"2026-09-20T04:26:27Z",0,2026-09-20 04:26:27,"Career Mode","I Fixed LIVERPOOLS Biggest PROBLEMS In FC 27 Career Mode!","CaniSports"
"tUUR5X5SNc0","Ugxb20Z2RgydKkSvimZ4AaABAg","@LodricksBulimu","UCnjCbFSXjBK-wpEC5xJKpCg","you should put Jackuet in the youngsters team then Araujo in a defencive patnership with Van Dijk in the main team",0,"2026-09-20T04:09:02Z",0,2026-09-20 04:09:02,"Career Mode","I Fixed LIVERPOOLS Biggest PROBLEMS In FC 27 Career Mode!","CaniSports"
"tUUR5X5SNc0","UgzidMBF40ti1kkMENN4AaABAg","@smoothpanda-z3p","UCa0rB7JIRpHvHTlyZ3Jewzg","bro with that much money go for cucurella  and hakimi or even chema andres",1,"2026-09-20T04:04:11Z",0,2026-09-20 04:04:11,"Career Mode","I Fixed LIVERPOOLS Biggest PROBLEMS In FC 27 Career Mode!","CaniSports"
"tUUR5X5SNc0","UgxW4-ce8kKOe4bFn2x4AaABAg","@teemutalvia2772","UCBQEJQWpq2uXABu44ZkK-Cg","Sell gakpo but dont sell isak.
Keep frimpong part of the sguad and sell mac allister.
Buy araujo his good sub and cheap",0,"2026-09-20T04:00:45Z",0,2026-09-20 04:00:45,"Career Mode","I Fixed LIVERPOOLS Biggest PROBLEMS In FC 27 Career Mode!","CaniSports"
"tUUR5X5SNc0","Ugzzq-QtTYQyklQgxGJ4AaABAg","@bongzman-j8j","UCaRQahlGKFuk9OsIgw1XDPg","kick gakpo out, sign araujo on the permanent, swap to 442 n shift frimpong into RM",0,"2026-09-20T03:43:16Z",0,2026-09-20 03:43:16,"Career Mode","I Fixed LIVERPOOLS Biggest PROBLEMS In FC 27 Career Mode!","CaniSports"
"tUUR5X5SNc0","UgxqghcH8VW6vxfI8U54AaABAg","@Jain1899","UCNAquZuM4sJb0Erz0HC0O_w","I feel that the dynamic rating is kicking in wayy too fast, imo, just how it happens in real life, a player form shouldnt take such massive hits after only one bad game. +/- 1 is understandable, but more than that it should be like a run on bad games from the player",0,"2026-09-20T03:27:36Z",0,2026-09-20 03:27:36,"Career Mode","I Fixed LIVERPOOLS Biggest PROBLEMS In FC 27 Career Mode!","CaniSports"
"tUUR5X5SNc0","UgywBujgqTuyBvbHXy94AaABAg","@Fadil.007","UCITzlTuYS5jTgguyPCPWsLA","Finally someone is recognising Arsene Kouassi 😍 him,sylla and Avom are my fvrts to watch this season for Lorient",2,"2026-09-20T03:20:02Z",0,2026-09-20 03:20:02,"Career Mode","I Fixed LIVERPOOLS Biggest PROBLEMS In FC 27 Career Mode!","CaniSports"
"tUUR5X5SNc0","UgzNAcYXcxvgFJ1u1Cp4AaABAg","@butibuti-in3kb","UC1zkib6xOddl_LSrgqY8CYw","Sell frimpong here's options to replace him
Matty cash old but strong
Giovanni read high potential 
Arnau Martinez 
And rico lewis",0,"2026-09-20T03:05:21Z",0,2026-09-20 03:05:21,"Career Mode","I Fixed LIVERPOOLS Biggest PROBLEMS In FC 27 Career Mode!","CaniSports"
"tUUR5X5SNc0","UgylMvDiDHesYR0QXCJ4AaABAg","@butibuti-in3kb","UC1zkib6xOddl_LSrgqY8CYw","Sign Araujo",0,"2026-09-20T03:00:12Z",0,2026-09-20 03:00:12,"Career Mode","I Fixed LIVERPOOLS Biggest PROBLEMS In FC 27 Career Mode!","CaniSports"
"tUUR5X5SNc0","Ugx0wQ0H8HhyZQcPHYF4AaABAg","@noekourtzidis1654","UC5tElE94-PACAEDii8V8o8Q","Look into signing Konstantelias! He is a CAM and extremely good potential, he could fit the mold of the team",0,"2026-09-20T02:56:47Z",0,2026-09-20 02:56:47,"Career Mode","I Fixed LIVERPOOLS Biggest PROBLEMS In FC 27 Career Mode!","CaniSports"
"tUUR5X5SNc0","UgxpCNxcCHmQ_AN6nU14AaABAg","@fionnmccullagh5876","UC-rp7awolvpit0GurZGW_1A","Cani, im sorry i love your channel and i almost never disagree with you, but i have to say my bit here. I think you're treating Wirtz very unfairly, especially seeing how much you defend Flo on Twitter etc it's disappointing to see how easily you've given up on him. Through the video you say he's 'disappointed you' when you've played him but the fact is that in the games YOU ACTUALLY PLAY you almost never start him, he comes on late most times and barely gets the chance to make an impact, but even then had two assists robbed by terrible shots from Isak and  Barcola. You've shown Wirtz 28 games 5 goals and 4 assists while Szoboszlai etc have received 50+ games so far, you see what i mean, and even though 28 seems like a lot for such little G/A as I've said most of his appearances are late cameos from the bench and isn't in your ""main team"" ever. That's another thing, the rotation is too basic now, it shouldn't be as simple as ""main team plays, then the youngsters"" it should ALWAYS be a mix of who's performing and who isn't getting a chance. So if Ekitike is playing, let Wirtz play with him since hes in good form, because if you're playing players who are all in bad form together, they're bound to fail. So i would work Wirtz in better, change the team every game, don't just stick with the same 11 for every tough game. I admired the game against Everton when you decided to play him in the main team on the right, which gave him a chance to play with the lads in good form. But if you look at the last video, Wirtz was on 3 goals and 3 assists in 9 games, that's impressive, when he is ACTUALLY IN THE MAIN TEAM he will perform better. Because you were playing him regularly he scored and assisted more and was allowed to contribute. So i would suggest moving Szobo back to the 8, give Camara the 6 and allow Wirtz to return, i ALWAYS use my Wirtz on the Classic 10 Versatile player role instead of Playmaker, even if he doesn't have the ++ its the best way to use him. Please hear this out Cani i wanna help get involved as an assistant coach and i think Wirtz deserves another chance.",0,"2026-09-20T02:44:11Z",0,2026-09-20 02:44:11,"Career Mode","I Fixed LIVERPOOLS Biggest PROBLEMS In FC 27 Career Mode!","CaniSports"
"tUUR5X5SNc0","Ugwg1ZYH9N6YiwYgNnx4AaABAg","@bombyhehe","UCuLLYqgjhydnEm5PqH8J8Jg","For next season you should sign sangare from brentford to be your new cdm as a starter/depth.",0,"2026-09-20T02:36:51Z",0,2026-09-20 02:36:51,"Career Mode","I Fixed LIVERPOOLS Biggest PROBLEMS In FC 27 Career Mode!","CaniSports"
"tUUR5X5SNc0","Ugy1y9WC9I0atcB_MWF4AaABAg","@nathanuseche8589","UC1oWUaYOklExNkVx4YEyB3Q","Love these long form series’ cani",1,"2026-09-20T02:25:26Z",0,2026-09-20 02:25:26,"Career Mode","I Fixed LIVERPOOLS Biggest PROBLEMS In FC 27 Career Mode!","CaniSports"
"tUUR5X5SNc0","UgzTbIb75KBsP9RF9px4AaABAg","@belandina4253","UCLzs8LoQ0-Es6NIVVSHBHeQ","Hold",0,"2026-09-20T02:13:31Z",0,2026-09-20 02:13:31,"Career Mode","I Fixed LIVERPOOLS Biggest PROBLEMS In FC 27 Career Mode!","CaniSports"
"tUUR5X5SNc0","UgxUDCdlREQ_wp9_7pR4AaABAg","@gustavodalcumune63","UCdX6vKPYEZkVEte6ZVURPwg","Should sell wirtz, he's performing really under the front mans, szobozlai are Just flying in field.",0,"2026-09-20T02:06:51Z",0,2026-09-20 02:06:51,"Career Mode","I Fixed LIVERPOOLS Biggest PROBLEMS In FC 27 Career Mode!","CaniSports"
"tUUR5X5SNc0","UgzsO-vC1EeSaJ2uiYJ4AaABAg","@AndrewSlazenik-b7m","UC1K6GB_O5Uh5W8Gau13jgww","Do you just have the same save as Sid because balde is at Chelsea and kayode is at arsenal and timber is at Barcelona",0,"2026-09-20T02:05:52Z",0,2026-09-20 02:05:52,"Career Mode","I Fixed LIVERPOOLS Biggest PROBLEMS In FC 27 Career Mode!","CaniSports"
"tUUR5X5SNc0","Ugwpc4A0UdjGt6vqT4V4AaABAg","@aliakram8369","UCzW3EuNVQ3zDzw6w69IMNCg","change ur formation from CDMs to CMs & change ur CDMs to CMs as it'll increase their overall ratings",1,"2026-09-20T01:38:43Z",0,2026-09-20 01:38:43,"Career Mode","I Fixed LIVERPOOLS Biggest PROBLEMS In FC 27 Career Mode!","CaniSports"
"tUUR5X5SNc0","UgwxTTmgM8q1J3KR0zl4AaABAg","@christiandavis2545","UCLz8bBVdztpnFEQxPy_-2SA","Harvey not getting his props 💔",0,"2026-09-20T01:33:05Z",0,2026-09-20 01:33:05,"Career Mode","I Fixed LIVERPOOLS Biggest PROBLEMS In FC 27 Career Mode!","CaniSports"
"tUUR5X5SNc0","UgzDO5GztZWttwiOND94AaABAg","@ILOVEFOOTBALL126","UCgn9IzJo63rRQTLoEC-mMHg","Cani you probably won’t see this but you should sign Wesley he is a great player for Roma and he would be a great player for your team",1,"2026-09-20T01:20:13Z",0,2026-09-20 01:20:13,"Career Mode","I Fixed LIVERPOOLS Biggest PROBLEMS In FC 27 Career Mode!","CaniSports"
"tUUR5X5SNc0","UgzX3fNAd3xUUR9qqgN4AaABAg","@ashermalcolm3693","UC_7C6u_ibrsv5WeBsDZ5Faw","Quansah, Ganiou, Wharton, Minteh, Diao",0,"2026-09-20T01:20:11Z",0,2026-09-20 01:20:11,"Career Mode","I Fixed LIVERPOOLS Biggest PROBLEMS In FC 27 Career Mode!","CaniSports"
"tUUR5X5SNc0","UgwicJNHFS0fMXReg-94AaABAg","@volni_barba_video","UCHiu6iDjQb8aT9-b27lH3gQ","Sign Andrea cambiasso from juventus",0,"2026-09-20T00:58:50Z",0,2026-09-20 00:58:50,"Career Mode","I Fixed LIVERPOOLS Biggest PROBLEMS In FC 27 Career Mode!","CaniSports"
"tUUR5X5SNc0","UgyDNFx33wHa4VSNj894AaABAg","@thehebertbros5093","UCA9YjFDPs2pxw8_lewiYqdw","Do a USA only rebuild by only using Youth Academy players. Day 242 of asking, make them win the World Cup.",1,"2026-09-20T00:51:41Z",0,2026-09-20 00:51:41,"Career Mode","I Fixed LIVERPOOLS Biggest PROBLEMS In FC 27 Career Mode!","CaniSports"
"tUUR5X5SNc0","UgzXlkWjIqhUqdVnbtt4AaABAg","@NathanIipinge","UCBuc2eusfd2ff4BEHnr4vYg","I think your manger career should only end when you win th wc",0,"2026-09-20T00:42:09Z",0,2026-09-20 00:42:09,"Career Mode","I Fixed LIVERPOOLS Biggest PROBLEMS In FC 27 Career Mode!","CaniSports"
"tUUR5X5SNc0","UgylOQCYZqlpJm6P7h14AaABAg","@juquichannel","UCPcV1FiB4zkbv4McghmrxNw","With the new season coming up, keep it realistic, but mind what your save needs rather than prioritizing real life links. Araujo should be signed unless Quansah is available and gettable for a price similar to whatever price Barca ask for Araujo. Sell Chiesa and convert Frimpong to a RM, sell Macca and sign Beraldo or Vossah. Maybe Stiller but def not someone to break up the Dom-Grav-Camara midfield. Sell Gakpo and sign Yeremy Pino, Mateus Mane or Ademola Lookman. A LW that can play CAM in case someone gets injured. Force Isak to stay.",0,"2026-09-20T00:20:50Z",0,2026-09-20 00:20:50,"Career Mode","I Fixed LIVERPOOLS Biggest PROBLEMS In FC 27 Career Mode!","CaniSports"
"tUUR5X5SNc0","UgwKt4x8El0E54ONcoR4AaABAg","@ubugobest1306","UCmvNFRQdPO63-E6xTVLTAMw","Sell frimpong and buy Archie gray and convert him pls",0,"2026-09-20T00:20:25Z",0,2026-09-20 00:20:25,"Career Mode","I Fixed LIVERPOOLS Biggest PROBLEMS In FC 27 Career Mode!","CaniSports"
"tUUR5X5SNc0","UgyR2mFlg4j0jeY-TFp4AaABAg","@Harree2711","UCuCJoH07-Gpapev3KDVR6bQ","I’d suggest looking into Leeds! Bogle, Gudmundson, Muharemovic, Ampadu, Stach, Okafor could all be great squad / first team options",0,"2026-09-20T00:07:38Z",0,2026-09-20 00:07:38,"Career Mode","I Fixed LIVERPOOLS Biggest PROBLEMS In FC 27 Career Mode!","CaniSports"
"tUUR5X5SNc0","UgxGeeFxevi5e5HauXV4AaABAg","@pedrogonzalez6131","UCqzTUFIFlfKA-Uw99DRxRfQ","If you don’t sign baby Araujo Israel Reyes would be a good back up and can play all across the defense. Also if you end up selling McAllister Erik Lira would be a good replacement too.",0,"2026-09-19T23:59:09Z",0,2026-09-19 23:59:09,"Career Mode","I Fixed LIVERPOOLS Biggest PROBLEMS In FC 27 Career Mode!","CaniSports"
"tUUR5X5SNc0","UgwAZoOFdNwaYgCDmLh4AaABAg","@Sean-f4x","UC8kLak2LjUWWcWcsuGAK1Og","let frimpong go",0,"2026-09-19T23:51:26Z",0,2026-09-19 23:51:26,"Career Mode","I Fixed LIVERPOOLS Biggest PROBLEMS In FC 27 Career Mode!","CaniSports"
"tUUR5X5SNc0","UgxrIs2yXZjNs32wLhh4AaABAg","@Zulusapprentice","UC_1R3rWM5nm2EFYGfb_p0jg","My 2 favourite teams 24:08",0,"2026-09-19T23:42:29Z",0,2026-09-19 23:42:29,"Career Mode","I Fixed LIVERPOOLS Biggest PROBLEMS In FC 27 Career Mode!","CaniSports"
"tUUR5X5SNc0","UgzYVZV07_NNkLd7R6F4AaABAg","@Lost_ZoroXDXD","UCioaKGHZRzVhFpZWUAPwJbg","Bro you have lots of potential do facial care shave get a fresh cut and work out once a week and eat protein I can see it in you",1,"2026-09-19T23:40:17Z",0,2026-09-19 23:40:17,"Career Mode","I Fixed LIVERPOOLS Biggest PROBLEMS In FC 27 Career Mode!","CaniSports"
"tUUR5X5SNc0","UgymEWvpFn70I7EtaRh4AaABAg","@liamguitar2011","UCr2_gmLNYAqHVMirdIhVxLA","Day 184 of asking you to make a ireland career mode",1,"2026-09-19T23:24:48Z",0,2026-09-19 23:24:48,"Career Mode","I Fixed LIVERPOOLS Biggest PROBLEMS In FC 27 Career Mode!","CaniSports"
"tUUR5X5SNc0","Ugw0JsaFurSQ0J6UKDZ4AaABAg","@bot_nation-b4e","UCNqGrCDUpQ_GUp5PVs_SnRg","Sadly sell gakpo and sign a left footed winger",0,"2026-09-19T23:22:05Z",0,2026-09-19 23:22:05,"Career Mode","I Fixed LIVERPOOLS Biggest PROBLEMS In FC 27 Career Mode!","CaniSports"
"tUUR5X5SNc0","UgxuRgLE1_e5odAH2-R4AaABAg","@kizzmuni1968","UCFg1NYiGUNiQmD58i-2eulA","I think players requesting transfers is bugged again like the start of last year. Gabriel in my save wants to leave bc he wants playing time but he started every game till he got injured💔",2,"2026-09-19T23:19:08Z",0,2026-09-19 23:19:08,"Career Mode","I Fixed LIVERPOOLS Biggest PROBLEMS In FC 27 Career Mode!","CaniSports"
"tUUR5X5SNc0","UgxF7veRSw75HIU9SwJ4AaABAg","@deyu__andrei9148","UChIio3tGjc3D3pZ2D0WSuLw","I will say it again
Andrei Rațiu from Raul Vallecano 
Pace,pase,dribling,defending All you want 
And he’s young and was an interes from Liverpool if i’m not mistaken",0,"2026-09-19T23:12:53Z",0,2026-09-19 23:12:53,"Career Mode","I Fixed LIVERPOOLS Biggest PROBLEMS In FC 27 Career Mode!","CaniSports"
"tUUR5X5SNc0","UgxNTyLvnuXpcvB-_1J4AaABAg","@Sirquen_2509","UCQPmQa91p3cACpFkqVpY2Kw","13:07 It is Rui Borges coach Sporting",1,"2026-09-19T22:56:31Z",0,2026-09-19 22:56:31,"Career Mode","I Fixed LIVERPOOLS Biggest PROBLEMS In FC 27 Career Mode!","CaniSports"
"tUUR5X5SNc0","Ugyi-lFyoXdPdnhk2Ep4AaABAg","@FFC-sdr","UCsUUAtF3rnKEgVb1RmFI1ZQ","could you report to ea that the pictures of the social media posts are always similar, and they could maybe update them?",1,"2026-09-19T22:53:26Z",0,2026-09-19 22:53:26,"Career Mode","I Fixed LIVERPOOLS Biggest PROBLEMS In FC 27 Career Mode!","CaniSports"
"tUUR5X5SNc0","UgxVzKGDL34pTxQNFEF4AaABAg","@Sweetboy_mabs","UCx_Jsm07REbwKP1ucGNLgRQ","lol Cani treats Isak as if he’s a bum and the funny thing there’s nothing Ekitike is doing better than him.",0,"2026-09-19T22:53:01Z",0,2026-09-19 22:53:01,"Career Mode","I Fixed LIVERPOOLS Biggest PROBLEMS In FC 27 Career Mode!","CaniSports"
"tUUR5X5SNc0","UgxclVW6P6w1XOkKYv14AaABAg","@footy392p","UCiz0yQmIVZp-hLODYR52f0g","Can you sign youri Baas from ajax who can play LB and CB so good for back up with injuries and sign Quansha to replace Araujo",1,"2026-09-19T22:44:06Z",0,2026-09-19 22:44:06,"Career Mode","I Fixed LIVERPOOLS Biggest PROBLEMS In FC 27 Career Mode!","CaniSports"
"tUUR5X5SNc0","UgwoznjQZYGhUlOkxDx4AaABAg","@Keelox1043","UCsOCAy71y4x-mMOhf0RaiBQ","Video 159 of asking for an inside the ekstraklasa rebuild with cracovia Kraków🇵🇱 please do it cani im waiting so long🙏",0,"2026-09-19T22:37:40Z",0,2026-09-19 22:37:40,"Career Mode","I Fixed LIVERPOOLS Biggest PROBLEMS In FC 27 Career Mode!","CaniSports"
"tUUR5X5SNc0","Ugw2XCS52v5xzAgz9694AaABAg","@BBS0203","UCaoxse4SE7N8W-JNeO7N2SQ","""Hey bro, I just discovered a crazy new glitch for created players in FC 26. After they hit 90 OVR and get their Gold PlayStyle+, you can actually stack multiple PERMANENT Silver PlayStyles on them by spamming pre-match training drills! It locks into their profile permanently after matches. I got 5 players with extra silver styles now. Check r/FifaCareers for the full guide if you want to make a video on it!""",0,"2026-09-19T22:36:30Z",0,2026-09-19 22:36:30,"Career Mode","I Fixed LIVERPOOLS Biggest PROBLEMS In FC 27 Career Mode!","CaniSports"
"tUUR5X5SNc0","UgzlrU4_CfArgKpHYAF4AaABAg","@benmic6646","UCkyDC8iDudrPHS0olOLZRlw","Loan out leon and sign araujo",0,"2026-09-19T22:33:45Z",0,2026-09-19 22:33:45,"Career Mode","I Fixed LIVERPOOLS Biggest PROBLEMS In FC 27 Career Mode!","CaniSports"
"tUUR5X5SNc0","Ugw325ms0UdYlIClXOh4AaABAg","@Kelly-vy8bc","UCn5UK3bTMXedmegEpb6pxKg","Why not Reyerson for the RB? Hast played a awesome Last season and was great at the WM (before he was injured). So why not?",0,"2026-09-19T22:32:41Z",0,2026-09-19 22:32:41,"Career Mode","I Fixed LIVERPOOLS Biggest PROBLEMS In FC 27 Career Mode!","CaniSports"
"tUUR5X5SNc0","Ugz9ejslye8nsNeqCDR4AaABAg","@SaidSaid-ve1pv","UC-kKi4LEtaEjX6lZKd5r9gg","27:35 make him winger",0,"2026-09-19T22:32:33Z",0,2026-09-19 22:32:33,"Career Mode","I Fixed LIVERPOOLS Biggest PROBLEMS In FC 27 Career Mode!","CaniSports"
"tUUR5X5SNc0","UgyKyT_f8EWTjem7yWJ4AaABAg","@troyjustin6872","UCELHt1mKdpsOel9_CUCQYHA","Injuries every game i have to say i might grab this monday seems decent",0,"2026-09-19T22:32:30Z",0,2026-09-19 22:32:30,"Career Mode","I Fixed LIVERPOOLS Biggest PROBLEMS In FC 27 Career Mode!","CaniSports"
"tUUR5X5SNc0","UgwgNfvf7DLyoW5C4QV4AaABAg","@shivabalannagakumaran6019","UCS9pwnmF20XgbZzlT3YdQ9g","27:10 Please keep Alexander Isak in the squad as he's needed and Andoni Iraola is finally starting to get the best from him and could do the same with Florian Wirtz (and he was called up for Jurgen Klopp's first Germany Squads for UEFA Nations League in the real world). Jeremie Frimpong either he's moved to his best position or he gets transferred to a different team (though I wish he could perform like he did at Bayer Leverkusen again in the real world because he's talented), Maybe a rising star in Centre Back might help with the Defence instead of Ronald Araujo such as Ousmane Diomande or any very tall physical Centre Back like Virgil Van Dijk is at Liverpool currently who can pair with Jeremy Jacquet, Alexis MacAllister could be kept in the squad as a squad player now that there's Ryan Gravenberch and Lamine Camara who are performing well as squad depth is necessary unless MacAllister is dropping in his rating and not in the 80s ratings as he is currently., but definitely signing an Right Back that can help create more goal scoring opportunities is a top priority. And maybe consider signing more players from the Bundesliga and LaLiga (since Andoni Iraola is from Spain) to create squad depth because that will be important to winning 3-5 trophies in a season. But 1 advice, we need to see the Team Score more goals and thank goodness Liverpool got Andoni Iraola because he brought Klopp Football back to Liverpool.",1,"2026-09-19T22:25:08Z",0,2026-09-19 22:25:08,"Career Mode","I Fixed LIVERPOOLS Biggest PROBLEMS In FC 27 Career Mode!","CaniSports"
"tUUR5X5SNc0","UgzeRqSDxYVHtk4MNg94AaABAg","@RusselNyoni","UChi_cduU4U_0DX8aYOmdutg","You should let go of frimpong and try a defensive right back like kounde",0,"2026-09-19T22:24:45Z",0,2026-09-19 22:24:45,"Career Mode","I Fixed LIVERPOOLS Biggest PROBLEMS In FC 27 Career Mode!","CaniSports"
"tUUR5X5SNc0","Ugz8imGeGaFZ6r1TIN94AaABAg","@gfitzsimons2474","UCm9TSZCo-AwSAEgFCIlNDyw","Day 79 of asking for a Luton rebuild",1,"2026-09-19T22:20:13Z",0,2026-09-19 22:20:13,"Career Mode","I Fixed LIVERPOOLS Biggest PROBLEMS In FC 27 Career Mode!","CaniSports"
"tUUR5X5SNc0","UgzhEjynhmFmf3ut2hx4AaABAg","@R3L-321","UC7MUygaz1vBKRnAbVA7vqjw","22:50 holy script ea",0,"2026-09-19T22:18:57Z",0,2026-09-19 22:18:57,"Career Mode","I Fixed LIVERPOOLS Biggest PROBLEMS In FC 27 Career Mode!","CaniSports"
"tUUR5X5SNc0","UgyLGfkL0ZSteC3pYR54AaABAg","@mr.niceguy5","UCn6ASP3Lna-GqYpaJjnPmKA","Please CLUB BRUGGE takeover",0,"2026-09-19T22:17:33Z",0,2026-09-19 22:17:33,"Career Mode","I Fixed LIVERPOOLS Biggest PROBLEMS In FC 27 Career Mode!","CaniSports"
"tUUR5X5SNc0","UgwE_jVhqWPKI6T6qZt4AaABAg","@jamesmiller7806","UCTaOJm0ydFWoZBa3A7W45fQ","Should bring trent back. For dm if needed stiller or Wharton. Cb quansah. Rb vanderson from Monaco? Think you were linked a couple of seasons ago.",0,"2026-09-19T22:15:35Z",0,2026-09-19 22:15:35,"Career Mode","I Fixed LIVERPOOLS Biggest PROBLEMS In FC 27 Career Mode!","CaniSports"
"tUUR5X5SNc0","UgwJ4dONyPEcw1rw3Yd4AaABAg","@Croetic.D.gaming66","UCWrd5HsWt1nkr1v3Abq1TRA","i love how Cani says Flo isn't performing when he doesn't get the game time he deserves 😅..how abou playing Camara,Szobo and Wirtz midfield?.then youll see him cook",0,"2026-09-19T22:05:33Z",1,2026-09-19 22:05:33,"Career Mode","I Fixed LIVERPOOLS Biggest PROBLEMS In FC 27 Career Mode!","CaniSports"
"tUUR5X5SNc0","Ugx2NMaztJwQONsNswd4AaABAg","@KM7_17","UCTXuO_wJqHlHEACfI1B0qXg","Yoo Cani, I did some scouting check out these RB's I found : Alexander Bah from Benfica, Alberto Costa from Porto, Raoul Bellanova from Bergamo Calcio. They are really good in the game, Trust. 👍",0,"2026-09-19T22:00:35Z",0,2026-09-19 22:00:35,"Career Mode","I Fixed LIVERPOOLS Biggest PROBLEMS In FC 27 Career Mode!","CaniSports"
"tUUR5X5SNc0","UgxnuzN-8K_IWviSD8B4AaABAg","@Ethan8787","UCQa-qHaJokEmoHV8zdRuyCA","9:54 He's a generic Brazilian, he used to be on FC 24, 25, 26 for me from the Brazilian leagues, he was on a team in Mark Goldbridges career mode yesterday. He seems to move to bigger sides each career mode",7,"2026-09-19T21:56:39Z",0,2026-09-19 21:56:39,"Career Mode","I Fixed LIVERPOOLS Biggest PROBLEMS In FC 27 Career Mode!","CaniSports"
"tUUR5X5SNc0","UgxV6OI87lrkPR_ygdZ4AaABAg","@SebastianMihail","UCEIXua9SmH8HukguWhwoAMg","RB Andrei Ratiu, you didn't listen.",0,"2026-09-19T21:51:54Z",0,2026-09-19 21:51:54,"Career Mode","I Fixed LIVERPOOLS Biggest PROBLEMS In FC 27 Career Mode!","CaniSports"
"tUUR5X5SNc0","Ugxr0idm6rB-OvoW6dR4AaABAg","@thibovl.2098","UCOiRSrnDFhEWvWDyHUfrzzA","Sigh Quansah, good player with real game face. Fast and also useable on RB",0,"2026-09-19T21:49:05Z",0,2026-09-19 21:49:05,"Career Mode","I Fixed LIVERPOOLS Biggest PROBLEMS In FC 27 Career Mode!","CaniSports"
"tUUR5X5SNc0","Ugyu0sKMYULAegtmW2x4AaABAg","@nawafgaming89","UCAg6AJIIB3C1NMsgZKTdGZQ","Hi Cani, this is my 88th time asking 😅 please do a Valencia rebuild! They reached two Champions League finals but never won the trophy. It would be amazing to watch you bring Valencia back to glory and finally make them champions of Europe.",3,"2026-09-19T21:42:37Z",0,2026-09-19 21:42:37,"Career Mode","I Fixed LIVERPOOLS Biggest PROBLEMS In FC 27 Career Mode!","CaniSports"
"tUUR5X5SNc0","UgyKh8sY_wUwZuGZcoZ4AaABAg","@Krohnaldo12","UCXneGs0nBs5Ot4VOZI7PGxQ","14:00 we had average rating in Fc 26",0,"2026-09-19T21:39:38Z",0,2026-09-19 21:39:38,"Career Mode","I Fixed LIVERPOOLS Biggest PROBLEMS In FC 27 Career Mode!","CaniSports"
"tUUR5X5SNc0","UgwdDZDVt23BBWgMcD14AaABAg","@RTML2023","UCgP7ZLGpaTTYDGJV3z_reXg","hey cani after this career mode is over please continue them. Love this content!",0,"2026-09-19T21:36:00Z",0,2026-09-19 21:36:00,"Career Mode","I Fixed LIVERPOOLS Biggest PROBLEMS In FC 27 Career Mode!","CaniSports"
"tUUR5X5SNc0","Ugz-PYbTDqsuV1WhoCN4AaABAg","@thebiglenczowski3076","UC5KL40qjgBhpF5bskspJrMA","Man Im so happy you used the helicopter meme. It's something I've become obsessed with. The way the dude sings actually fascinates me lmao 
And it's funny as hell",0,"2026-09-19T21:30:50Z",0,2026-09-19 21:30:50,"Career Mode","I Fixed LIVERPOOLS Biggest PROBLEMS In FC 27 Career Mode!","CaniSports"
"tUUR5X5SNc0","Ugwkm1UTW2Rjp7iABVJ4AaABAg","@maormahadav5509","UCSqpv_R3baWdOWIuWk7fiIQ","It’s *Neco* not Nico 18:23",0,"2026-09-19T21:29:49Z",0,2026-09-19 21:29:49,"Career Mode","I Fixed LIVERPOOLS Biggest PROBLEMS In FC 27 Career Mode!","CaniSports"
"tUUR5X5SNc0","UgzD63_TATviu0AdWZ54AaABAg","@BAWAedit.c","UCN1xcnhKH4jppoOxpSbfLFQ","sign salah and make him retire at liverpool",0,"2026-09-19T21:26:24Z",0,2026-09-19 21:26:24,"Career Mode","I Fixed LIVERPOOLS Biggest PROBLEMS In FC 27 Career Mode!","CaniSports"
"tUUR5X5SNc0","UgwljbNGBIM2faLYmAx4AaABAg","@Kegeldich01","UC8-kLLb1tJDXycwq7fBzcBg","Sell kerkez, frimpong, gakpo and allister. Buy araujo, new rv, new lv, new backup cdm",0,"2026-09-19T21:25:17Z",0,2026-09-19 21:25:17,"Career Mode","I Fixed LIVERPOOLS Biggest PROBLEMS In FC 27 Career Mode!","CaniSports"
"tUUR5X5SNc0","Ugxfl85fsdqrZQMn-lB4AaABAg","@SHANALFERNANDO-m3c","UCuqmVJGmK_6WSv6r2xoJAgQ","15:50 it’s your staged drift",0,"2026-09-19T21:19:00Z",0,2026-09-19 21:19:00,"Career Mode","I Fixed LIVERPOOLS Biggest PROBLEMS In FC 27 Career Mode!","CaniSports"
"tUUR5X5SNc0","UgzTXm6lWyyqI3luqaF4AaABAg","@whit3mamba","UCKIZeNfSrXt23S78nFM0U5g","16:10 Not again Bradley, please, I've got flashbacks...",0,"2026-09-19T21:18:20Z",0,2026-09-19 21:18:20,"Career Mode","I Fixed LIVERPOOLS Biggest PROBLEMS In FC 27 Career Mode!","CaniSports"
"tUUR5X5SNc0","UgykTiyii30-YhXFWWJ4AaABAg","@Manchev2","UCtDLgQh-eu-YF1EtRwerqKQ","cani  i think that is happening because you have stick drift maybe",0,"2026-09-19T21:13:42Z",0,2026-09-19 21:13:42,"Career Mode","I Fixed LIVERPOOLS Biggest PROBLEMS In FC 27 Career Mode!","CaniSports"
"tUUR5X5SNc0","Ugyfie9l0-hrpna7FTR4AaABAg","@cpt_taliep8395","UCqS2U-df1WGOG5KUolso-Eg","What about Trent, bring him back and revive his career",0,"2026-09-19T21:12:25Z",0,2026-09-19 21:12:25,"Career Mode","I Fixed LIVERPOOLS Biggest PROBLEMS In FC 27 Career Mode!","CaniSports"
"tUUR5X5SNc0","UgwHvj2uWBSJOABvl9d4AaABAg","@MilanRode-w9l","UCsGcL-k3qbjWzVuo6-pW44Q","i think u keep frimpong as backup and but araujo and for a guy u could buy franculinho from trabzonspor who is linked with liverpool back oin the days as a backup striker youngster and a new cb youngster in lukas høgsberg from strausburg",0,"2026-09-19T21:12:19Z",0,2026-09-19 21:12:19,"Career Mode","I Fixed LIVERPOOLS Biggest PROBLEMS In FC 27 Career Mode!","CaniSports"
"tUUR5X5SNc0","UgzMyx_1wG1ijzmkObt4AaABAg","@dominickfekete3458","UCHx26uKh3odbJ8DVx8y-JhA","You can see what years of crosses being broken has done. I think ive seen him cross like 2 times so far this series. We just so used to going through the middle now",0,"2026-09-19T21:08:03Z",0,2026-09-19 21:08:03,"Career Mode","I Fixed LIVERPOOLS Biggest PROBLEMS In FC 27 Career Mode!","CaniSports"
"tUUR5X5SNc0","UgzJUmEofM6u3iovPjR4AaABAg","@Benjamiedover","UCLc9GANb7RwiW0HDCpoPjMA","Isak is a must keep. He can be the best striker in the world if you give him a chance cani",1,"2026-09-19T21:04:52Z",0,2026-09-19 21:04:52,"Career Mode","I Fixed LIVERPOOLS Biggest PROBLEMS In FC 27 Career Mode!","CaniSports"
"tUUR5X5SNc0","Ugy1SIGww6vGnYBkQVR4AaABAg","@jaizeemobrowne6578","UCy9UZ5tDxLK3Tz64b4xMHuA","Buy rum and barrala",0,"2026-09-19T21:00:37Z",0,2026-09-19 21:00:37,"Career Mode","I Fixed LIVERPOOLS Biggest PROBLEMS In FC 27 Career Mode!","CaniSports"
"tUUR5X5SNc0","UgyPb8HFV-Nzb97rj7p4AaABAg","@jaizeemobrowne6578","UCy9UZ5tDxLK3Tz64b4xMHuA","Buy rum strong",0,"2026-09-19T20:58:26Z",0,2026-09-19 20:58:26,"Career Mode","I Fixed LIVERPOOLS Biggest PROBLEMS In FC 27 Career Mode!","CaniSports"
"tUUR5X5SNc0","Ugwqu23v1btb7_abseV4AaABAg","@maxthegamer8029","UCfv8QZZCY26929x3wy5S57g","Hi cani sports please buy belloumi from hull city his very good 🎉🎉🎉🎉🎉🎉🎉🎉🎉🎉🎉❤😢😢😢😢😢😢😢😢",0,"2026-09-19T20:57:32Z",0,2026-09-19 20:57:32,"Career Mode","I Fixed LIVERPOOLS Biggest PROBLEMS In FC 27 Career Mode!","CaniSports"
"tUUR5X5SNc0","UgyLIXp3shQkICXD3cZ4AaABAg","@jaizeemobrowne6578","UCy9UZ5tDxLK3Tz64b4xMHuA","Buy rum and barrala",0,"2026-09-19T20:57:00Z",0,2026-09-19 20:57:00,"Career Mode","I Fixed LIVERPOOLS Biggest PROBLEMS In FC 27 Career Mode!","CaniSports"
"tUUR5X5SNc0","UgygP-NuXL9lO9mca0N4AaABAg","@jaizeemobrowne6578","UCy9UZ5tDxLK3Tz64b4xMHuA","Buy rum",0,"2026-09-19T20:56:44Z",0,2026-09-19 20:56:44,"Career Mode","I Fixed LIVERPOOLS Biggest PROBLEMS In FC 27 Career Mode!","CaniSports"
"tUUR5X5SNc0","Ugx9t2jCeq73VB0vAZV4AaABAg","@elieservalentin8488","UCttCd-Dp-agA9jvY9GqhzGA","Day 68, Cani, can you please rebuild Orlando City from MLS?",0,"2026-09-19T20:56:36Z",0,2026-09-19 20:56:36,"Career Mode","I Fixed LIVERPOOLS Biggest PROBLEMS In FC 27 Career Mode!","CaniSports"
"tUUR5X5SNc0","UgxGg6s9uzhP-N5cNYJ4AaABAg","@MilanRode-w9l","UCsGcL-k3qbjWzVuo6-pW44Q","sho them how good wirtz is show them leverkusen wirtz",1,"2026-09-19T20:51:44Z",0,2026-09-19 20:51:44,"Career Mode","I Fixed LIVERPOOLS Biggest PROBLEMS In FC 27 Career Mode!","CaniSports"
"tUUR5X5SNc0","Ugx68n--fRB8Oz_NoKh4AaABAg","@MalachiKwesi-k2t","UCMCFwPIXbdbsXWFV_Vf2DrA","13:55 we had it in Fc 26",56,"2026-09-19T20:42:27Z",4,2026-09-19 20:42:27,"Career Mode","I Fixed LIVERPOOLS Biggest PROBLEMS In FC 27 Career Mode!","CaniSports"
"tUUR5X5SNc0","UgzcLoU-xZIxVV8NBYB4AaABAg","@JAYFC7","UCyRBH2HM51rU1uRMBr0UEsQ","Bring big players... Like kvara olise guler etc",0,"2026-09-19T20:39:04Z",0,2026-09-19 20:39:04,"Career Mode","I Fixed LIVERPOOLS Biggest PROBLEMS In FC 27 Career Mode!","CaniSports"
"tUUR5X5SNc0","UgzKT2IHtiCPnc-jBKd4AaABAg","@iimuull","UCS_9BB13ACHZTaZRJ9zaWww","Been loving the videos for years now, but please stop using the lens flare transitions... i like to watch at night and get flashbanged every time. 

Been attached to my screen for this CM so far",0,"2026-09-19T20:38:36Z",0,2026-09-19 20:38:36,"Career Mode","I Fixed LIVERPOOLS Biggest PROBLEMS In FC 27 Career Mode!","CaniSports"
"tUUR5X5SNc0","Ugy3T8-3tSpENRzOVT54AaABAg","@Jimmy-mj1","UCBNSlcYl8-5x5W_2gCGPkUg","Cani I don't know why but can you please start Federico Chiesa please. Love the vids",1,"2026-09-19T20:35:39Z",0,2026-09-19 20:35:39,"Career Mode","I Fixed LIVERPOOLS Biggest PROBLEMS In FC 27 Career Mode!","CaniSports"
"tUUR5X5SNc0","UgympDcpKl3wPs3dKLt4AaABAg","@MB24890","UCJ_fq2SRjJJFmb2zo3QwcNw","Let Gakpo and macca go. Sign Rayan & a PROPER CDM",0,"2026-09-19T20:28:46Z",0,2026-09-19 20:28:46,"Career Mode","I Fixed LIVERPOOLS Biggest PROBLEMS In FC 27 Career Mode!","CaniSports"
"tUUR5X5SNc0","Ugw_rxcyOoPnhFrsxbl4AaABAg","@ImSnoops","UCp833uClEhFzlONZ_-fN23g","Average rating was in fc 26",0,"2026-09-19T20:19:38Z",0,2026-09-19 20:19:38,"Career Mode","I Fixed LIVERPOOLS Biggest PROBLEMS In FC 27 Career Mode!","CaniSports"
"tUUR5X5SNc0","Ugz3P0M1p9asrpU3iVF4AaABAg","@aryanpnair3616","UCFAIV6yCOX6VB_7jW7S87QA","Pls do Manchester United rebuild like this 😢",1,"2026-09-19T20:17:21Z",0,2026-09-19 20:17:21,"Career Mode","I Fixed LIVERPOOLS Biggest PROBLEMS In FC 27 Career Mode!","CaniSports"
"tUUR5X5SNc0","Ugy0Srwf8oK9bzp_LpV4AaABAg","@cats-joytv","UCTKgnu5G5RtBx78G_eBxj-A","Cani we need a created club 😢 cani FC as a series",0,"2026-09-19T20:15:19Z",0,2026-09-19 20:15:19,"Career Mode","I Fixed LIVERPOOLS Biggest PROBLEMS In FC 27 Career Mode!","CaniSports"
"tUUR5X5SNc0","Ugynl523CZ5SQCP3CcR4AaABAg","@ImSnoops","UCp833uClEhFzlONZ_-fN23g","Wellington dano is a generic player for atletico mineiro who are sudameicana",0,"2026-09-19T20:13:57Z",0,2026-09-19 20:13:57,"Career Mode","I Fixed LIVERPOOLS Biggest PROBLEMS In FC 27 Career Mode!","CaniSports"
"tUUR5X5SNc0","UgxwmUu7BL0F_8KEonp4AaABAg","@kiddospee","UCGzKyKHfNVm9t2T4kiBb1hw","Sell gakpo,frimpong and lsak",0,"2026-09-19T20:13:05Z",0,2026-09-19 20:13:05,"Career Mode","I Fixed LIVERPOOLS Biggest PROBLEMS In FC 27 Career Mode!","CaniSports"
"tUUR5X5SNc0","UgyM8Zyzxqx-TdjAgBB4AaABAg","@KhanyisoDeda","UCU1kcGgGF0UCkM8DDhqQOow","Givairo read would be a good RB",1,"2026-09-19T20:11:20Z",0,2026-09-19 20:11:20,"Career Mode","I Fixed LIVERPOOLS Biggest PROBLEMS In FC 27 Career Mode!","CaniSports"
"tUUR5X5SNc0","UgzihVFOLgyI7l-Pk3d4AaABAg","@RachelCook-s1m","UCIc4XuZ6G-XT5EVFim8iRzQ","I hope they can make Dynamic OVR optional.",0,"2026-09-19T20:06:47Z",0,2026-09-19 20:06:47,"Career Mode","I Fixed LIVERPOOLS Biggest PROBLEMS In FC 27 Career Mode!","CaniSports"
"tUUR5X5SNc0","UgxVhzB9hw1bXwcGXDh4AaABAg","@timiebiebuwei3291","UCaI3nADnMpbVMjSrEYcH5NA","Day 2 of asking to sign Oshimen",0,"2026-09-19T20:03:01Z",0,2026-09-19 20:03:01,"Career Mode","I Fixed LIVERPOOLS Biggest PROBLEMS In FC 27 Career Mode!","CaniSports"
"tUUR5X5SNc0","UgyMVukeRyqNeVYajRZ4AaABAg","@VojinBelovic-g5l","UCLmOeEe7LBSt5RuO1Vb2ktA","Day 18 of asking Cani to add Red Star Belgrade and rebuild them with our famous Serbian youth academy",0,"2026-09-19T20:02:11Z",0,2026-09-19 20:02:11,"Career Mode","I Fixed LIVERPOOLS Biggest PROBLEMS In FC 27 Career Mode!","CaniSports"
"tUUR5X5SNc0","Ugyaur94NtCX2fv-Eg14AaABAg","@TumanCurukoglu","UC797HvVjEq69wJh00d53fQA","Day 179 of asking Galatasaray rebuild plz",1,"2026-09-19T19:55:19Z",0,2026-09-19 19:55:19,"Career Mode","I Fixed LIVERPOOLS Biggest PROBLEMS In FC 27 Career Mode!","CaniSports"
"tUUR5X5SNc0","UgxNu0eClVVXRyoRNgJ4AaABAg","@bbb1086-f5f","UCPkrd9oVwr_tNjMaVFWFwTw","13:58 we did 😂",0,"2026-09-19T19:54:01Z",0,2026-09-19 19:54:01,"Career Mode","I Fixed LIVERPOOLS Biggest PROBLEMS In FC 27 Career Mode!","CaniSports"
"tUUR5X5SNc0","Ugwb13gQbboia9My8LN4AaABAg","@kimdahline","UCYUvIbx6zI3HQE7Rkq4M_sg","Please don't sell our Liverpool players lsak , Gakpo  and  Alexis Mac Allister.  Just find a way to manage their minutes. And l think over simulating matches is causing that effect of them wanting to leave because their game time is limited",0,"2026-09-19T19:52:26Z",0,2026-09-19 19:52:26,"Career Mode","I Fixed LIVERPOOLS Biggest PROBLEMS In FC 27 Career Mode!","CaniSports"
"tUUR5X5SNc0","Ugy2wux2H1RiJ1p54HZ4AaABAg","@stretchbands7620","UCwkKpzYbqzuzFsgvfMmNJwA","Neco Williams is right footed and is a natural RB",1,"2026-09-19T19:52:07Z",0,2026-09-19 19:52:07,"Career Mode","I Fixed LIVERPOOLS Biggest PROBLEMS In FC 27 Career Mode!","CaniSports"
"tUUR5X5SNc0","UgwH1YvUWyENHbKbdX94AaABAg","@alejandrosanchezgramajo2452","UCFGY1NlFEs_7DRUmh-OXOwg","Average rating was in fc26",0,"2026-09-19T19:47:08Z",0,2026-09-19 19:47:08,"Career Mode","I Fixed LIVERPOOLS Biggest PROBLEMS In FC 27 Career Mode!","CaniSports"
"tUUR5X5SNc0","Ugy3gSGirWTXqUr1J2d4AaABAg","@Cr4cker20","UC6DJs9249Hhd1ZcEV2m73jA","1:53 so nothing changed?",7,"2026-09-19T19:39:11Z",0,2026-09-19 19:39:11,"Career Mode","I Fixed LIVERPOOLS Biggest PROBLEMS In FC 27 Career Mode!","CaniSports"
"tUUR5X5SNc0","UgzUxZUnev5ISkA9Pg14AaABAg","@IstifanusJohnDavid","UCmk9BbyEpbFp2YCZXWxbMZw","Famous quote ""We paid a lot for Barcola but if we knew he was floating we would have paid even more"".",133,"2026-09-19T19:36:48Z",0,2026-09-19 19:36:48,"Career Mode","I Fixed LIVERPOOLS Biggest PROBLEMS In FC 27 Career Mode!","CaniSports"
"tUUR5X5SNc0","UgxPgB3kl47EW5dil1d4AaABAg","@potetskreller21","UCJT2Kr1fxQTH1LSq8l6OXHQ","15:15 happens to me too",0,"2026-09-19T19:33:56Z",0,2026-09-19 19:33:56,"Career Mode","I Fixed LIVERPOOLS Biggest PROBLEMS In FC 27 Career Mode!","CaniSports"
"tUUR5X5SNc0","UgxVIowd4ANXnknst_B4AaABAg","@francoisbothma7523","UCmmF4Hlbt3vqfxE-NMYW2tw","Right Back option = Dodo! Extremely underated. Speed merchant + young",0,"2026-09-19T19:32:59Z",0,2026-09-19 19:32:59,"Career Mode","I Fixed LIVERPOOLS Biggest PROBLEMS In FC 27 Career Mode!","CaniSports"
"tUUR5X5SNc0","UgxrJkagm58n_2aYdBt4AaABAg","@francoisbothma7523","UCmmF4Hlbt3vqfxE-NMYW2tw","PLEASE Re-sign TRENT",0,"2026-09-19T19:31:43Z",0,2026-09-19 19:31:43,"Career Mode","I Fixed LIVERPOOLS Biggest PROBLEMS In FC 27 Career Mode!","CaniSports"
"tUUR5X5SNc0","Ugx11s4BA1NMnHPpAml4AaABAg","@Saq-ib","UCGx4z4FNH6EDuOPGPSRvlAg","What are the sliders you play with?",0,"2026-09-19T19:31:36Z",0,2026-09-19 19:31:36,"Career Mode","I Fixed LIVERPOOLS Biggest PROBLEMS In FC 27 Career Mode!","CaniSports"
"tUUR5X5SNc0","UgwizUB1WXGJP1LxtfZ4AaABAg","@Bestqualityvendors","UC14uuOyLb71lXiS5Idp1VgA","Your injury rate is probably really high
You can lower it in the manager mode settings",1,"2026-09-19T19:31:06Z",0,2026-09-19 19:31:06,"Career Mode","I Fixed LIVERPOOLS Biggest PROBLEMS In FC 27 Career Mode!","CaniSports"
"tUUR5X5SNc0","UgyOlkxajrBuS6MjQrp4AaABAg","@jahanzaibmehmood5206","UCgBfLGrcHatJyyNReM-Yb4g","Convert neco williams to rb as you signed kouassi and sell frimpong.",1,"2026-09-19T19:30:07Z",0,2026-09-19 19:30:07,"Career Mode","I Fixed LIVERPOOLS Biggest PROBLEMS In FC 27 Career Mode!","CaniSports"
"tUUR5X5SNc0","UgwHIJ-lvQ5b1JPv5Dp4AaABAg","@lordlippy","UCWuoWE4wGM2fjDxcfx853xw","Hey Cani, check on Ndukwe, he may be van Dijk’s replacement when he retires.",0,"2026-09-19T19:29:27Z",0,2026-09-19 19:29:27,"Career Mode","I Fixed LIVERPOOLS Biggest PROBLEMS In FC 27 Career Mode!","CaniSports"
"tUUR5X5SNc0","UgzMUt4f1UJ4qgaXbVl4AaABAg","@ericthekop9624","UCmt7yPhdzM0WXOe4-8iyobA","❤❤❤❤❤",0,"2026-09-19T19:28:57Z",0,2026-09-19 19:28:57,"Career Mode","I Fixed LIVERPOOLS Biggest PROBLEMS In FC 27 Career Mode!","CaniSports"
"tUUR5X5SNc0","Ugz8jVS9-oHkorcyjgt4AaABAg","@WaledAlbakosh","UC3nsHbVe4PCyE6cERY74j3Q","sign hamza abdulkrem for depth",0,"2026-09-19T19:27:44Z",0,2026-09-19 19:27:44,"Career Mode","I Fixed LIVERPOOLS Biggest PROBLEMS In FC 27 Career Mode!","CaniSports"
"tUUR5X5SNc0","Ugy7E-OjQ-Erb3xr46x4AaABAg","@Official_Jhamez","UCnuLs1RDa1ZrXlxmOvEegPQ","Day 1 of asking Cani for help to get a PC for work, study and gaming.",0,"2026-09-19T19:22:08Z",0,2026-09-19 19:22:08,"Career Mode","I Fixed LIVERPOOLS Biggest PROBLEMS In FC 27 Career Mode!","CaniSports"
"tUUR5X5SNc0","Ugy2VtmM1OMkC-HA-eJ4AaABAg","@l428","UCTVDwuHslv2eExepVeaCfcw","13:07 that’s Rui Borges and he’s Sporting’s Coach",1,"2026-09-19T19:22:01Z",0,2026-09-19 19:22:01,"Career Mode","I Fixed LIVERPOOLS Biggest PROBLEMS In FC 27 Career Mode!","CaniSports"
"tUUR5X5SNc0","Ugzf0FNYh9wPSyxH9NZ4AaABAg","@DiaJahan-q2w","UCu_D-xO_m-fPAYXIWWNTtGg","4:05 if I am not wrong,that meme is from Bangladesh",0,"2026-09-19T19:21:55Z",0,2026-09-19 19:21:55,"Career Mode","I Fixed LIVERPOOLS Biggest PROBLEMS In FC 27 Career Mode!","CaniSports"
"tUUR5X5SNc0","UgyMw43TDEajMeYIHJZ4AaABAg","@bernicefreeman9993","UCxJmzKxjHSbEjAWTjIP9VBA","Play a 2 striker formation to play both Ekitike and Isak who will get play time he deserves",0,"2026-09-19T19:17:14Z",0,2026-09-19 19:17:14,"Career Mode","I Fixed LIVERPOOLS Biggest PROBLEMS In FC 27 Career Mode!","CaniSports"
"tUUR5X5SNc0","Ugy4dO7IJUlYgxwt_u14AaABAg","@bernicefreeman9993","UCxJmzKxjHSbEjAWTjIP9VBA","Sell Frimpong and get sign Araujo permanently",0,"2026-09-19T19:15:22Z",0,2026-09-19 19:15:22,"Career Mode","I Fixed LIVERPOOLS Biggest PROBLEMS In FC 27 Career Mode!","CaniSports"
"tUUR5X5SNc0","UgxgdV_AYmYZSENh_7x4AaABAg","@xavi_iii","UCQpp1cLgdTeN73KU_s_zKYA","4:02 poland mentioned",2,"2026-09-19T19:14:13Z",1,2026-09-19 19:14:13,"Career Mode","I Fixed LIVERPOOLS Biggest PROBLEMS In FC 27 Career Mode!","CaniSports"
"tUUR5X5SNc0","UgyTLJOIYxsLTR6Jxjt4AaABAg","@Swiftyc2x_","UCU5lrgF21TN-IGfNx4VE5lg","4:01 helicopter meme 😂",3,"2026-09-19T19:13:57Z",0,2026-09-19 19:13:57,"Career Mode","I Fixed LIVERPOOLS Biggest PROBLEMS In FC 27 Career Mode!","CaniSports"
"tUUR5X5SNc0","UgxDnvz_NJpfXvmddLV4AaABAg","@stibbz25","UCdq9i0_qSi0TcrE0Y8HkvUQ","I think the transfer request thing is a bug. I had Reece James and Cole Palmer both transfer listed themselves for lack of game time despite it being the first week of the season. Would be something to consider reporting as it doesnt seem like something that should be happening",0,"2026-09-19T19:13:50Z",0,2026-09-19 19:13:50,"Career Mode","I Fixed LIVERPOOLS Biggest PROBLEMS In FC 27 Career Mode!","CaniSports"
"tUUR5X5SNc0","Ugwj_fTCfLbd5ZZvWKJ4AaABAg","@richardfrancis7447","UC-r0rn1xG7uaDwO23as6BNw","Why sims so many matches ?",0,"2026-09-19T19:08:25Z",0,2026-09-19 19:08:25,"Career Mode","I Fixed LIVERPOOLS Biggest PROBLEMS In FC 27 Career Mode!","CaniSports"
"tUUR5X5SNc0","UgyeVPisblBO4glTBx14AaABAg","@Tree_fella","UCHDKyGVLXhsblGRNja92bgg","michael olise u need to make it happen.",0,"2026-09-19T19:05:41Z",0,2026-09-19 19:05:41,"Career Mode","I Fixed LIVERPOOLS Biggest PROBLEMS In FC 27 Career Mode!","CaniSports"
"tUUR5X5SNc0","Ugw2c3S7lqSjCSbdQIF4AaABAg","@davvidkrk","UC3zeUEohahuaWBE2RpjqtZA","Cani i suggest selling gakpo and buying a new fullback, perhaps carreras from real madrid?",0,"2026-09-19T19:05:06Z",0,2026-09-19 19:05:06,"Career Mode","I Fixed LIVERPOOLS Biggest PROBLEMS In FC 27 Career Mode!","CaniSports"
"tUUR5X5SNc0","UgzSu0fwwELeW5OK9WZ4AaABAg","@SHAWNSHAWNIT","UCr3SkP-v2JYCprBHGWUoimA","Sign a Left footed RW",0,"2026-09-19T19:04:57Z",0,2026-09-19 19:04:57,"Career Mode","I Fixed LIVERPOOLS Biggest PROBLEMS In FC 27 Career Mode!","CaniSports"
"tUUR5X5SNc0","Ugwkj8OgVPk1m3jRJ4p4AaABAg","@VossieMC","UCSZpARLDCgAaXSd7CS-YVHA","Maybe you can sign Crystal Palace fullback Daniel Muñoz for experience down the right side.",0,"2026-09-19T19:03:38Z",0,2026-09-19 19:03:38,"Career Mode","I Fixed LIVERPOOLS Biggest PROBLEMS In FC 27 Career Mode!","CaniSports"
"tUUR5X5SNc0","UgzfzAVK_HLDFKS8qER4AaABAg","@Lucifer-morningstar1992","UCHCpeJkcf39k4TS6B6VR3dQ","Buy luca brughmans for next season like in real life next big goalkeeper",0,"2026-09-19T18:57:21Z",0,2026-09-19 18:57:21,"Career Mode","I Fixed LIVERPOOLS Biggest PROBLEMS In FC 27 Career Mode!","CaniSports"
"tUUR5X5SNc0","Ugw8XhkV4Heuba1l3iN4AaABAg","@KhotsoKhoabane-95","UCfC66cMOHIUr_Yv4gGQtcdw","Day 1 of asking 
Please make a take over with union saint gilloise
And grow Relebohile mofokeng",0,"2026-09-19T18:56:51Z",0,2026-09-19 18:56:51,"Career Mode","I Fixed LIVERPOOLS Biggest PROBLEMS In FC 27 Career Mode!","CaniSports"
"tUUR5X5SNc0","UgzkteUNxCsesCctQhB4AaABAg","@crispybacon8078","UCZZ8WCdw6Xikx5hqZUKWFtw","11:56 de ligts got a bet on Liverpool to win then. Either that or vvd is in his fantasy team 😂😂",0,"2026-09-19T18:54:26Z",0,2026-09-19 18:54:26,"Career Mode","I Fixed LIVERPOOLS Biggest PROBLEMS In FC 27 Career Mode!","CaniSports"
"tUUR5X5SNc0","Ugwq0EY13XigNoYwk2N4AaABAg","@VusimuziMalakoane","UChDXRmpvSBLoCbXKll7SAtw","11:57 De light forgot they ain't at Netherlands 😂😂",0,"2026-09-19T18:52:31Z",0,2026-09-19 18:52:31,"Career Mode","I Fixed LIVERPOOLS Biggest PROBLEMS In FC 27 Career Mode!","CaniSports"
"tUUR5X5SNc0","UgxGV03cAsNADeTJ0v14AaABAg","@AmileMnisi","UCTo6YESAwu9SryOKtHcmKwg","Keep Araujo he is a good backup",0,"2026-09-19T18:52:22Z",0,2026-09-19 18:52:22,"Career Mode","I Fixed LIVERPOOLS Biggest PROBLEMS In FC 27 Career Mode!","CaniSports"
"tUUR5X5SNc0","Ugxb1FxeUkIgayjZknB4AaABAg","@AyoubiB-t3d7q","UCCot3LiKLqJje_gZANJ_vgA","sign back trent he is not playing at realmadrid",0,"2026-09-19T18:52:20Z",0,2026-09-19 18:52:20,"Career Mode","I Fixed LIVERPOOLS Biggest PROBLEMS In FC 27 Career Mode!","CaniSports"
"tUUR5X5SNc0","UgzPyRsqiIgp0nsp6-t4AaABAg","@JaydenHarris-w1y","UC8DFlEK_P4snE_ql6e4B4fg","Every club has 250 million",0,"2026-09-19T18:46:57Z",0,2026-09-19 18:46:57,"Career Mode","I Fixed LIVERPOOLS Biggest PROBLEMS In FC 27 Career Mode!","CaniSports"
"tUUR5X5SNc0","UgxtgsGtwxi_jZsDXRd4AaABAg","@all.we_got","UCMfa9OarjhmXAlWvK96HWEw","Hey Cani quick questions. Career mode hasn’t been that fun for me recently so I was wondering what settings you’ve been using to help it. Thank you and have a great day.",0,"2026-09-19T18:46:36Z",0,2026-09-19 18:46:36,"Career Mode","I Fixed LIVERPOOLS Biggest PROBLEMS In FC 27 Career Mode!","CaniSports"
"tUUR5X5SNc0","UgzwxF9jOeCQJfGQPrR4AaABAg","@Dionnnn17","UCdQ-HhwRoNWrsazaT_xXSrA","sign ismael doukoure CB from strasboug young and had a good potential",0,"2026-09-19T18:45:55Z",0,2026-09-19 18:45:55,"Career Mode","I Fixed LIVERPOOLS Biggest PROBLEMS In FC 27 Career Mode!","CaniSports"
"tUUR5X5SNc0","Ugx-AwElxVDdf-2F-054AaABAg","@TheFifaSweat09","UCfnMlZUASQv0e2X59XJMQww","Yooo Cani, for fullbacks you need to check out El Hadji Malick Diouf (lb), Omar El Hilali (rb), Givairo Read (rb), or even to resign trent as he was AMAZING and his passes are class",1,"2026-09-19T18:45:15Z",0,2026-09-19 18:45:15,"Career Mode","I Fixed LIVERPOOLS Biggest PROBLEMS In FC 27 Career Mode!","CaniSports"
"tUUR5X5SNc0","Ugxdb0d1e2HxE-G9UwV4AaABAg","@da-bagel-b5i","UCXtkVf3KJ4p01giBrlkJWRg","Cani if you want a better rw I would recommend going for minteh as I’m pretty sure he’s been linked with Liverpool before 👍",0,"2026-09-19T18:44:29Z",0,2026-09-19 18:44:29,"Career Mode","I Fixed LIVERPOOLS Biggest PROBLEMS In FC 27 Career Mode!","CaniSports"
"tUUR5X5SNc0","UgxhoyMcoYQCZ-J_yh14AaABAg","@Adam-dv5rh","UCuGD9gyGBSW_22f-RQL_imw","Change the system to fit the current players or sell them. You're good at making the career mode realistic. Do just that, if Frimpong, Macca and Araujo have to go, so be it",0,"2026-09-19T18:44:16Z",0,2026-09-19 18:44:16,"Career Mode","I Fixed LIVERPOOLS Biggest PROBLEMS In FC 27 Career Mode!","CaniSports"
"tUUR5X5SNc0","UgxIX-_p7yGYCcO3zHR4AaABAg","@Surma-h1x","UCccS4wNeWejcfHhvsozFX1A","keep: Araujo, Isak, Gakpo (For Squad Depth)
Sell: Frimpong, Mac ALlister
Idea: You can convert Gravenberch into a cm and change the formation the 4-4-1-1 resp. 4-3-3 offensive, in that case you could keep Alexis. I mean he performs well in your save.
Still hoping you^ll sign mamadou sangare in the summer transfer window",0,"2026-09-19T18:44:13Z",0,2026-09-19 18:44:13,"Career Mode","I Fixed LIVERPOOLS Biggest PROBLEMS In FC 27 Career Mode!","CaniSports"
"tUUR5X5SNc0","UgxTlrwdwMIuzdRGuBN4AaABAg","@rikhilnair7102","UCIOfLFyiOrVCsxBSEbZ53Lw","Sell Frimpong and Gakpo, Get Livramento in the next window and keep the rest squad pretty much the same. Isak should stay but Ekitike seems to be the main man",0,"2026-09-19T18:43:38Z",0,2026-09-19 18:43:38,"Career Mode","I Fixed LIVERPOOLS Biggest PROBLEMS In FC 27 Career Mode!","CaniSports"
"tUUR5X5SNc0","UgzgbIxxCdfIW_DafOd4AaABAg","@CeoMasher","UCEuur_PHty10ej956SLFczg","Cani for the RB spot I think Read can do it for u he's a talent .🔥",0,"2026-09-19T18:43:00Z",0,2026-09-19 18:43:00,"Career Mode","I Fixed LIVERPOOLS Biggest PROBLEMS In FC 27 Career Mode!","CaniSports"
"tUUR5X5SNc0","UgzE2S-8tZdCBViS0Ux4AaABAg","@CeoMasher","UCEuur_PHty10ej956SLFczg","Cani for the RB spot I think Read can do it for u he's a talent .🔥",0,"2026-09-19T18:43:00Z",0,2026-09-19 18:43:00,"Career Mode","I Fixed LIVERPOOLS Biggest PROBLEMS In FC 27 Career Mode!","CaniSports"
"tUUR5X5SNc0","UgzHUwgK9lyY9bjk1bF4AaABAg","@MarioCraft_YT","UCbQuHOXaxHVIg_oEMABx5pQ","Do you have a Bug where multiple Teams Play against the Same Club on the Same Match day  in the European competitions",0,"2026-09-19T18:36:50Z",0,2026-09-19 18:36:50,"Career Mode","I Fixed LIVERPOOLS Biggest PROBLEMS In FC 27 Career Mode!","CaniSports"
"tUUR5X5SNc0","UgygDxxlvmCZYj_mGJV4AaABAg","@0Crazy","UC7rUKI0nHComk1KmtYpcUAg","Hey Cani, I just wanted to say that your videos are really good and entertaining. 

They're helping me right now, as I'm going through a difficult time, but your videos bring me peace and some strength, which helps me keep going. 

I'm usually more of a silent viewer, but I just wanted to say how I feel.

Thank you, Cani! 
Love from 🇩🇪❤",66,"2026-09-19T18:36:10Z",4,2026-09-19 18:36:10,"Career Mode","I Fixed LIVERPOOLS Biggest PROBLEMS In FC 27 Career Mode!","CaniSports"
"tUUR5X5SNc0","UgxMUivcKiLgnHuj7Lp4AaABAg","@Dionnnn17","UCdQ-HhwRoNWrsazaT_xXSrA","give wirtz a chance man, bcs i see whenever he put a good pass the striker miss the shot",0,"2026-09-19T18:35:32Z",0,2026-09-19 18:35:32,"Career Mode","I Fixed LIVERPOOLS Biggest PROBLEMS In FC 27 Career Mode!","CaniSports"
"tUUR5X5SNc0","Ugzp-qqI7gqMw5nJAXx4AaABAg","@Bridgeyy","UCRbK2xi82lnTxlYh1m6z9hw","Day 5 of asking for a Tranmere rovers rebuild",0,"2026-09-19T18:30:44Z",0,2026-09-19 18:30:44,"Career Mode","I Fixed LIVERPOOLS Biggest PROBLEMS In FC 27 Career Mode!","CaniSports"
"tUUR5X5SNc0","Ugw8zNns2hyfxVH7cgZ4AaABAg","@Coling92","UC6lCpREzhFYN-jvVz5F-i5Q","Keep araujo",0,"2026-09-19T18:30:10Z",0,2026-09-19 18:30:10,"Career Mode","I Fixed LIVERPOOLS Biggest PROBLEMS In FC 27 Career Mode!","CaniSports"
"tUUR5X5SNc0","Ugybsa0dYQ04dG45ZHt4AaABAg","@vincentimesonedits","UCLv3dVREhm3z5QlL7CXWpqg","Day 31 of asking for a az alkmaar career wil you do fc28??❤🤍",1,"2026-09-19T18:29:33Z",0,2026-09-19 18:29:33,"Career Mode","I Fixed LIVERPOOLS Biggest PROBLEMS In FC 27 Career Mode!","CaniSports"
"tUUR5X5SNc0","UgyX-tAZ7OIUleZ6kpd4AaABAg","@swervo305","UC27QR8WiASPwANuRoEh9QdA","you should’ve signed morton from lyon a former liverpool player",0,"2026-09-19T18:28:43Z",0,2026-09-19 18:28:43,"Career Mode","I Fixed LIVERPOOLS Biggest PROBLEMS In FC 27 Career Mode!","CaniSports"
"tUUR5X5SNc0","UgyV8rWsdWZmqOhygP14AaABAg","@KornelPopovics","UCjvnmbAxD1BUW87Rq1PWBfQ","We had AVG rating standings in FC26 as well.",1,"2026-09-19T18:27:57Z",0,2026-09-19 18:27:57,"Career Mode","I Fixed LIVERPOOLS Biggest PROBLEMS In FC 27 Career Mode!","CaniSports"
"tUUR5X5SNc0","Ugw4yxD8mBQhucVvGPh4AaABAg","@YusufMasnadi-Shirazi","UC2bTR4ImoPNiQgsBjUoDuBg","Just switch to a 2 striker formation for both Ekitike and Isak in to get playing time. With your budget boost, you need a super star signing to fix that fullback and right wing problem. Send Rio and Trey on loan so they grow with playing time. And make araujo’s loan permanent. This budget boost could help you a lot!",47,"2026-09-19T18:27:04Z",8,2026-09-19 18:27:04,"Career Mode","I Fixed LIVERPOOLS Biggest PROBLEMS In FC 27 Career Mode!","CaniSports"
"tUUR5X5SNc0","Ugx2ZkA9YXtJDJsVXN54AaABAg","@dhrubo2326","UCyLl9IbM_ZiWjRSCOWXAarw","Sign Franco mastantuoto as next Salah
Sell coady gakpo
Sign Wharton from crystal palace
Keep Mac Alister sold graven
Lb balde",0,"2026-09-19T18:26:50Z",0,2026-09-19 18:26:50,"Career Mode","I Fixed LIVERPOOLS Biggest PROBLEMS In FC 27 Career Mode!","CaniSports"
"tUUR5X5SNc0","Ugzz0SEtnqYOZG-dkhZ4AaABAg","@ColinRathmann","UCFjexG4c7aXEP8mTWVj9uug","U need to play 4:5:1",1,"2026-09-19T18:26:13Z",0,2026-09-19 18:26:13,"Career Mode","I Fixed LIVERPOOLS Biggest PROBLEMS In FC 27 Career Mode!","CaniSports"
"tUUR5X5SNc0","Ugy9e2DBaedhuVLWauF4AaABAg","@LiamPullen-o4s","UCDy54wx6eI8ux4eRRj5Eljg","McAllister out for someone like touamani",0,"2026-09-19T18:26:02Z",0,2026-09-19 18:26:02,"Career Mode","I Fixed LIVERPOOLS Biggest PROBLEMS In FC 27 Career Mode!","CaniSports"
"tUUR5X5SNc0","Ugx725YpVA4lIhcYofN4AaABAg","@brrrrr5361","UCDy8Iy44gPXh5Iyz8C-t5mQ","Get Givairo Read for frimpong",0,"2026-09-19T18:23:24Z",0,2026-09-19 18:23:24,"Career Mode","I Fixed LIVERPOOLS Biggest PROBLEMS In FC 27 Career Mode!","CaniSports"
"tUUR5X5SNc0","UgykvVxGmlR1grOIQtV4AaABAg","@dawnatherton478","UCqrsrm7EiB-nZGRGrtXmH0w","Cani, send Leoni out on loan to gain experience and build up. As for the Isak situation if the right offer comes in, let him go, you can probably sign any striker you want. Maybe get Adam Wharton to help with squad depth for the cdm position.",0,"2026-09-19T18:21:53Z",1,2026-09-19 18:21:53,"Career Mode","I Fixed LIVERPOOLS Biggest PROBLEMS In FC 27 Career Mode!","CaniSports"
"tUUR5X5SNc0","UgyWes4XRtjCMJ7fVTh4AaABAg","@Kyle-r5h8g","UCfvBBcD_GzWdLiwpNZ7gcpA","lukeba",0,"2026-09-19T18:19:11Z",0,2026-09-19 18:19:11,"Career Mode","I Fixed LIVERPOOLS Biggest PROBLEMS In FC 27 Career Mode!","CaniSports"
"tUUR5X5SNc0","UgyrnnMJf-o7cOXreLV4AaABAg","@Dozd14","UC9VMln9n0pCc0BlXK9TW40A","sign jules kounde from barceloma",0,"2026-09-19T18:17:27Z",0,2026-09-19 18:17:27,"Career Mode","I Fixed LIVERPOOLS Biggest PROBLEMS In FC 27 Career Mode!","CaniSports"
"tUUR5X5SNc0","UgwfnWZjVJ_xMOJYIyd4AaABAg","@KIRA_088","UCGpBPzfw2P1dBrDY7jAJLdA","For ur rb issue, Malo Gusto was heavily linked to Liverpool this summer and is not too injury prone. U should sign him. Sell frimpong too injury prone. Sell gakpo too- u got alot of depth for wingers and he isnt doing much. Personally i would prefer ekitike over isak tho.",2,"2026-09-19T18:16:56Z",0,2026-09-19 18:16:56,"Career Mode","I Fixed LIVERPOOLS Biggest PROBLEMS In FC 27 Career Mode!","CaniSports"
"tUUR5X5SNc0","UgxIFxBx_xrdWilwyKh4AaABAg","@AjayGopalShresthaAGS","UCkD6SC9ayZJ-4pe0o5FujfA","Keep frimpong",0,"2026-09-19T18:14:44Z",0,2026-09-19 18:14:44,"Career Mode","I Fixed LIVERPOOLS Biggest PROBLEMS In FC 27 Career Mode!","CaniSports"
"tUUR5X5SNc0","UgyNKv8wV2LV3airA814AaABAg","@KornelPopovics","UCjvnmbAxD1BUW87Rq1PWBfQ","Day 61 of asking for a Ferncvárosi TC rebuild! And please if you do it alway have minimum 5 hungarians at the team because in Hungary there is a rule that says there must be minimum 5 hugarians at the pitch ata time in every team.",0,"2026-09-19T18:13:34Z",0,2026-09-19 18:13:34,"Career Mode","I Fixed LIVERPOOLS Biggest PROBLEMS In FC 27 Career Mode!","CaniSports"
"tUUR5X5SNc0","UgwvvEiZoTR2tTbn3Rt4AaABAg","@LaggyNuisance","UCn2jYPOdW_Al3eCgytaC3GA","🚁🚁",0,"2026-09-19T18:12:31Z",0,2026-09-19 18:12:31,"Career Mode","I Fixed LIVERPOOLS Biggest PROBLEMS In FC 27 Career Mode!","CaniSports"
"tUUR5X5SNc0","Ugx5P1MFK8UvOx2pnNR4AaABAg","@amandacrosgray3373","UChNfWtyFzgx8xFbsqSMBHCA","sign someone on a 7 year cntract you can now give a player a 7 year contract",0,"2026-09-19T18:10:55Z",0,2026-09-19 18:10:55,"Career Mode","I Fixed LIVERPOOLS Biggest PROBLEMS In FC 27 Career Mode!","CaniSports"
"tUUR5X5SNc0","Ugzhk0RZOFX7MlMKzvx4AaABAg","@Msd831-h8w","UC5q160QeQSE_cLaUfzEqdCA","Day 181 of asking for champions league sprint.. take over 1 team till you win champs league.. then move team and league. And repeat using all 15 seasons.. see how many teams you can win champs league with",0,"2026-09-19T18:09:44Z",0,2026-09-19 18:09:44,"Career Mode","I Fixed LIVERPOOLS Biggest PROBLEMS In FC 27 Career Mode!","CaniSports"
"tUUR5X5SNc0","Ugxq__TSriOxldF99kJ4AaABAg","@muhammadmukarrambashir297","UCt_atP5iotEMNIdtal-eH4g","14:00 we can see the average ratings before in FC 26",0,"2026-09-19T18:07:33Z",0,2026-09-19 18:07:33,"Career Mode","I Fixed LIVERPOOLS Biggest PROBLEMS In FC 27 Career Mode!","CaniSports"
"tUUR5X5SNc0","UgwDU2V1XQjaM5iGnFl4AaABAg","@kevinnintendo-j4n","UCP_uqoVs6A_mClTlJ92sdbg","Barcola floating had me laughing 😂 hard",0,"2026-09-19T18:04:38Z",0,2026-09-19 18:04:38,"Career Mode","I Fixed LIVERPOOLS Biggest PROBLEMS In FC 27 Career Mode!","CaniSports"
"tUUR5X5SNc0","Ugw8N15wKK95Fv5JEZl4AaABAg","@MS-mf1ch","UClplbzU8jvLQspgOM1TWd0w","Buy rodrygo plzzz",1,"2026-09-19T18:02:49Z",0,2026-09-19 18:02:49,"Career Mode","I Fixed LIVERPOOLS Biggest PROBLEMS In FC 27 Career Mode!","CaniSports"
"tUUR5X5SNc0","UgwK0ovhLFqeY4uNN014AaABAg","@CactusZachhh","UC6CKYFcca1OCxyf-D-LW9og","araujo yes. get olise or estevao",0,"2026-09-19T18:02:40Z",0,2026-09-19 18:02:40,"Career Mode","I Fixed LIVERPOOLS Biggest PROBLEMS In FC 27 Career Mode!","CaniSports"
"tUUR5X5SNc0","UgxlCr9z__ZjWjH9pzV4AaABAg","@basahharmon3076","UCDZH7XHbG8eDPPXkWF4z4Iw","Link not working",0,"2026-09-19T18:02:15Z",0,2026-09-19 18:02:15,"Career Mode","I Fixed LIVERPOOLS Biggest PROBLEMS In FC 27 Career Mode!","CaniSports"
"tUUR5X5SNc0","Ugw_XSG7mMlpaTjd5sN4AaABAg","@IbrahimZ-mq8dg","UCCT2AlnSSovgq--oAEU2uVg","I’d sell gakpo and get a good amount of money for him then buy a left footed rw like minteh or william gomes or rayan",0,"2026-09-19T18:01:22Z",0,2026-09-19 18:01:22,"Career Mode","I Fixed LIVERPOOLS Biggest PROBLEMS In FC 27 Career Mode!","CaniSports"
"tUUR5X5SNc0","UgxyHLGFoDk4rXUMZBx4AaABAg","@deveshrakheja5045","UCX3bhYmewV4AFnLmtsOAgaA","Convert Szobo to RB 😂",0,"2026-09-19T17:59:03Z",0,2026-09-19 17:59:03,"Career Mode","I Fixed LIVERPOOLS Biggest PROBLEMS In FC 27 Career Mode!","CaniSports"
"tUUR5X5SNc0","Ugy63fTpUABdHnAjwsR4AaABAg","@limazahtheboy2760","UCXkAI_Azo_3LUeZRjDQpbNQ","Cani where do I think lfc are gna finish this season👀👀?",0,"2026-09-19T17:57:35Z",0,2026-09-19 17:57:35,"Career Mode","I Fixed LIVERPOOLS Biggest PROBLEMS In FC 27 Career Mode!","CaniSports"
"tUUR5X5SNc0","UgydEuz2NRZaDcqva7F4AaABAg","@sadaticonic","UC73HTXxG_b6HjXadr9GbRNA","Sell frimpong keep araujo keep isak and gakpo for this season only because of a lot of injuries",0,"2026-09-19T17:57:12Z",0,2026-09-19 17:57:12,"Career Mode","I Fixed LIVERPOOLS Biggest PROBLEMS In FC 27 Career Mode!","CaniSports"
"tUUR5X5SNc0","UgwFoeEWH26llzqzWNV4AaABAg","@sebastianfelix8291","UC9Fb5KL4zjUK2uPXEFA5NMw","jarradhd also doing a liverpool career mode haha",0,"2026-09-19T17:57:08Z",0,2026-09-19 17:57:08,"Career Mode","I Fixed LIVERPOOLS Biggest PROBLEMS In FC 27 Career Mode!","CaniSports"
"tUUR5X5SNc0","UgyHJiVRhF-K9ZsopjZ4AaABAg","@mora-A10M","UCqeZaFsJzKXUT-Xvvhfvdlg","U expect alot from Wirtz but u don't play him😩",1,"2026-09-19T17:52:15Z",0,2026-09-19 17:52:15,"Career Mode","I Fixed LIVERPOOLS Biggest PROBLEMS In FC 27 Career Mode!","CaniSports"
"tUUR5X5SNc0","UgxPRft9U9Ixyv152NF4AaABAg","@FransIsotalo-z3n","UC95FFBR-hCqSAZ1augUeaUQ","you could see the average rating in fc26",0,"2026-09-19T17:51:03Z",0,2026-09-19 17:51:03,"Career Mode","I Fixed LIVERPOOLS Biggest PROBLEMS In FC 27 Career Mode!","CaniSports"
"tUUR5X5SNc0","Ugwp4GJ1hoac3MrXUpV4AaABAg","@olapettersson9963","UCf_JJNnPKGyPyKDwizCaWkg","Cani is the goat",1,"2026-09-19T17:50:38Z",0,2026-09-19 17:50:38,"Career Mode","I Fixed LIVERPOOLS Biggest PROBLEMS In FC 27 Career Mode!","CaniSports"
"tUUR5X5SNc0","Ugyh_ITladFN5PmGzSd4AaABAg","@JordanxDarrenOfficial","UCNNGno0PJrmKwacW1O1xfkw","14:00 yes we also had this in fc26 Cani and other fc games",11,"2026-09-19T17:50:33Z",2,2026-09-19 17:50:33,"Career Mode","I Fixed LIVERPOOLS Biggest PROBLEMS In FC 27 Career Mode!","CaniSports"
"tUUR5X5SNc0","UgzTGcntiQg-JiQvqaF4AaABAg","@Chickenlad","UCkWVzPHNnA-qshoJMdLzMgw","The average player ratings was on fc26 but it wasnt very good.",0,"2026-09-19T17:49:02Z",0,2026-09-19 17:49:02,"Career Mode","I Fixed LIVERPOOLS Biggest PROBLEMS In FC 27 Career Mode!","CaniSports"
"tUUR5X5SNc0","UgzfOXsXaHL6b3CVMld4AaABAg","@k_toolit","UCLnbnS-Doi2zRy4dCtaec7A","shout out Biscuit",1,"2026-09-19T17:46:09Z",1,2026-09-19 17:46:09,"Career Mode","I Fixed LIVERPOOLS Biggest PROBLEMS In FC 27 Career Mode!","CaniSports"
"tUUR5X5SNc0","UgxR8WAysX270aVvMfB4AaABAg","@HollowEarth2010","UChgoRob9ePPeZhHIQwnhvkg","Sign Alex Scott from Bournemouth for the next transfer window",0,"2026-09-19T17:45:51Z",0,2026-09-19 17:45:51,"Career Mode","I Fixed LIVERPOOLS Biggest PROBLEMS In FC 27 Career Mode!","CaniSports"
"tUUR5X5SNc0","UgzTGGnwd2clSRylg2x4AaABAg","@GiacomoPorter","UCA7BVXs0_usua1K4gosWbLA","The Lord is my strength and my song; he has become my salvation.” — Psalm 118:14

Even when you're not feeling your best, you can still turn toward God. You don't have to feel strong today—rest, pray, and take things one step at a time. God is with you in the difficult days as well as the good ones. ✝️",0,"2026-09-19T17:44:48Z",0,2026-09-19 17:44:48,"Career Mode","I Fixed LIVERPOOLS Biggest PROBLEMS In FC 27 Career Mode!","CaniSports"
"tUUR5X5SNc0","UgxolSvkreinR8HfHzB4AaABAg","@callumhowe952","UCwMrlm1Z9yA10yX8HrnUKVQ","As a Geordie the north east accent of your editor caught me off guard 😂 thought I'd changed the video by accident",26,"2026-09-19T17:44:01Z",2,2026-09-19 17:44:01,"Career Mode","I Fixed LIVERPOOLS Biggest PROBLEMS In FC 27 Career Mode!","CaniSports"
"tUUR5X5SNc0","UgxfzRe-qbClkVZLTld4AaABAg","@WISDOMbeardstroking","UCPMEdhgGMLhxo9nDwk9-KRg","I subbed ,,so edit the count in the video 😂",2,"2026-09-19T17:43:22Z",1,2026-09-19 17:43:22,"Career Mode","I Fixed LIVERPOOLS Biggest PROBLEMS In FC 27 Career Mode!","CaniSports"
"tUUR5X5SNc0","UgwwwjVRIdVdHvU4P914AaABAg","@FUNWITH-VISHNU18","UCbZSZj-gJHEigSoBOrLSNaQ","Next Barcelona career mode please",0,"2026-09-19T17:43:18Z",0,2026-09-19 17:43:18,"Career Mode","I Fixed LIVERPOOLS Biggest PROBLEMS In FC 27 Career Mode!","CaniSports"
"tUUR5X5SNc0","UgwupSUxerpPV5dScdJ4AaABAg","@next_goal-i5g","UCsBDtTRdTLaUXRrBqrK-d1w","Sell him bro and buy someone better like osimhen",0,"2026-09-19T17:42:06Z",0,2026-09-19 17:42:06,"Career Mode","I Fixed LIVERPOOLS Biggest PROBLEMS In FC 27 Career Mode!","CaniSports"
"tUUR5X5SNc0","UgzdwG32i7Qk8oxyMnF4AaABAg","@HhhggYyyuh","UCKHHFIfSiD-jJloufArKjDw","11:38 how did u cross like that?",2,"2026-09-19T17:42:05Z",1,2026-09-19 17:42:05,"Career Mode","I Fixed LIVERPOOLS Biggest PROBLEMS In FC 27 Career Mode!","CaniSports"
"tUUR5X5SNc0","Ugy4LNxQqG1UT4QWfDZ4AaABAg","@JohnNathan-y7r","UCmX2YENvvo2BsL4Y6csAMQw","Barcola floating killed me😂",0,"2026-09-19T17:40:42Z",0,2026-09-19 17:40:42,"Career Mode","I Fixed LIVERPOOLS Biggest PROBLEMS In FC 27 Career Mode!","CaniSports"
"tUUR5X5SNc0","UgzZggYPb4A0mQ8aSfZ4AaABAg","@TomásGonçalves-i7m","UCserKYwkmdY0hrICG5HVg5A","Day 124 of asking for a sporting cp rebuild plsssssss can u???",0,"2026-09-19T17:39:51Z",0,2026-09-19 17:39:51,"Career Mode","I Fixed LIVERPOOLS Biggest PROBLEMS In FC 27 Career Mode!","CaniSports"
"tUUR5X5SNc0","UgyLqFhLDvkT832p7tN4AaABAg","@John_m12","UCcdCgaK-LBIhdbB3YSPGLZQ","Day 102 of asking for a Balkan player only rebuild",0,"2026-09-19T17:39:41Z",0,2026-09-19 17:39:41,"Career Mode","I Fixed LIVERPOOLS Biggest PROBLEMS In FC 27 Career Mode!","CaniSports"
"tUUR5X5SNc0","UgwE4rOVKrColzLLj8R4AaABAg","@Davilsøn-c9n","UCkt6F76796bsZDRuRpnBpdA","1:01 what did i just heard 😂😂",55,"2026-09-19T17:39:16Z",4,2026-09-19 17:39:16,"Career Mode","I Fixed LIVERPOOLS Biggest PROBLEMS In FC 27 Career Mode!","CaniSports"
"tUUR5X5SNc0","UgytKysN_LPR406KPJl4AaABAg","@kelvinandromeda","UC2hdk33cmmEbkBrSU5c2uSQ","Day 73 asking for East African youth academy rebuild 😊😊",2,"2026-09-19T17:34:39Z",0,2026-09-19 17:34:39,"Career Mode","I Fixed LIVERPOOLS Biggest PROBLEMS In FC 27 Career Mode!","CaniSports"
"tUUR5X5SNc0","UgytuCGwEX2U4QHasqF4AaABAg","@anettpinter3574","UCxKdEaz2W7_TJpe4Zs3BtqQ","How dare youtube hide this from me for 6minutes",84,"2026-09-19T17:33:59Z",0,2026-09-19 17:33:59,"Career Mode","I Fixed LIVERPOOLS Biggest PROBLEMS In FC 27 Career Mode!","CaniSports"
"tUUR5X5SNc0","Ugy9fBBPXjvC6uZ2njZ4AaABAg","@BiscuitFaceGaming","UCkfk33MDV-cOVx_88TyHAWQ","mr miyagi is my grandad",1,"2026-09-19T17:32:33Z",0,2026-09-19 17:32:33,"Career Mode","I Fixed LIVERPOOLS Biggest PROBLEMS In FC 27 Career Mode!","CaniSports"
"tUUR5X5SNc0","Ugx7hRdpeK48mQGqXiB4AaABAg","@Omar-w6l5e","UCr7C1z2yyRNWvHakxM_I8pQ","You have to make a rebuild of one of the three B ( brentford,Bournemouth,Brighton)",1,"2026-09-19T17:32:31Z",1,2026-09-19 17:32:31,"Career Mode","I Fixed LIVERPOOLS Biggest PROBLEMS In FC 27 Career Mode!","CaniSports"
"tUUR5X5SNc0","Ugy6p3qM880MBDJtXPx4AaABAg","@LucasSassarakMeridianss","UCej7AsDMcrL9RfAAMVwdJjA","Dani you should give me a free fc 27 copy please",1,"2026-09-19T17:32:02Z",0,2026-09-19 17:32:02,"Career Mode","I Fixed LIVERPOOLS Biggest PROBLEMS In FC 27 Career Mode!","CaniSports"
"tUUR5X5SNc0","UgwY5S1USyTH47ZBvrd4AaABAg","@anugrah4860","UCOdyo5a7jwMONM7wcG3cyGg","Incase you don't sign Araujo at the end of the loan deal, bringing back Quansah who can cover for both CB and RB could be an option.",100,"2026-09-19T17:31:07Z",5,2026-09-19 17:31:07,"Career Mode","I Fixed LIVERPOOLS Biggest PROBLEMS In FC 27 Career Mode!","CaniSports"
"tUUR5X5SNc0","Ugyv90TPIFrNgxpVYDl4AaABAg","@Abxlte_mbappe","UCsOfvrNH9BtPhhXV4AFCx4w","Caniii, I’ve been watching u since fifa 23, I’m a big fan",0,"2026-09-19T17:31:07Z",0,2026-09-19 17:31:07,"Career Mode","I Fixed LIVERPOOLS Biggest PROBLEMS In FC 27 Career Mode!","CaniSports"
"tUUR5X5SNc0","Ugy4akvZi9YzXDutel54AaABAg","@fynn-luciangashimuller6752","UCgnOKRjWHe-EUgC-vaxmOqA","Day 177 of asking for a fc hansa rostock rebuild",1,"2026-09-19T17:30:10Z",0,2026-09-19 17:30:10,"Career Mode","I Fixed LIVERPOOLS Biggest PROBLEMS In FC 27 Career Mode!","CaniSports"
"tUUR5X5SNc0","UgxTckNBT9P4Yl2R6lx4AaABAg","@aniketkuchimanchi24_11","UCcTwj89nGfJ_rfJQHkg2ZgA","Cani create your own player and make a series out of it.",238,"2026-09-19T17:28:39Z",11,2026-09-19 17:28:39,"Career Mode","I Fixed LIVERPOOLS Biggest PROBLEMS In FC 27 Career Mode!","CaniSports"
"tUUR5X5SNc0","Ugyg3yoRT3MM0WC9hWp4AaABAg","@Nahfrmeme","UC26gw6xBXMvGbsUTPWk3UdQ","Newcastle pls bro pls",0,"2026-09-19T17:28:13Z",0,2026-09-19 17:28:13,"Career Mode","I Fixed LIVERPOOLS Biggest PROBLEMS In FC 27 Career Mode!","CaniSports"
"tUUR5X5SNc0","Ugx7mdMa3APGLYPaRml4AaABAg","@InazIsmail","UCe-Q2Pw0i75TbhEHRQI5owQ","Bro make carrer mode with smaller team",0,"2026-09-19T17:27:51Z",2,2026-09-19 17:27:51,"Career Mode","I Fixed LIVERPOOLS Biggest PROBLEMS In FC 27 Career Mode!","CaniSports"
"tUUR5X5SNc0","UgwLHR8uWuBQ8aYF5YJ4AaABAg","@KasiKiki","UCAndsXgFIi6n-SaHiKGHMgw","Under 20 VIEWS",0,"2026-09-19T17:27:50Z",0,2026-09-19 17:27:50,"Career Mode","I Fixed LIVERPOOLS Biggest PROBLEMS In FC 27 Career Mode!","CaniSports"
"tUUR5X5SNc0","Ugz3HeGRmUnr9EQaX9B4AaABAg","@Maliking10","UC1pr9t6RwPgG8piuZdbkU-Q","Love that you're a Liverpool Fan ❤

YNWA",1,"2026-09-19T17:27:41Z",0,2026-09-19 17:27:41,"Career Mode","I Fixed LIVERPOOLS Biggest PROBLEMS In FC 27 Career Mode!","CaniSports"
"tUUR5X5SNc0","UgwSr4gWsHDkHQTqH4N4AaABAg","@KasiKiki","UCAndsXgFIi6n-SaHiKGHMgw","Under 1 MIN",0,"2026-09-19T17:27:39Z",0,2026-09-19 17:27:39,"Career Mode","I Fixed LIVERPOOLS Biggest PROBLEMS In FC 27 Career Mode!","CaniSports"
"tUUR5X5SNc0","UgxIZCT6iHjPD8Ac3QJ4AaABAg","@stevennesbitt243","UCuyQOs0DP8c9zJBloWh7EPQ","Hahaha",1,"2026-09-19T17:27:11Z",0,2026-09-19 17:27:11,"Career Mode","I Fixed LIVERPOOLS Biggest PROBLEMS In FC 27 Career Mode!","CaniSports"
"tUUR5X5SNc0","UgyKYSQ4_kxvxqn5_fV4AaABAg","@Lifestyleofazmeri","UCXYh-68lbAUv-qiBzC0mU2g","I'm so early ya ye ya yo",0,"2026-09-19T17:26:52Z",0,2026-09-19 17:26:52,"Career Mode","I Fixed LIVERPOOLS Biggest PROBLEMS In FC 27 Career Mode!","CaniSports"
"tUUR5X5SNc0","Ugxw95dqDSxzWWTZh1R4AaABAg","@TheRealTimo-bx6qt","UCjvg5TZGhR2j8Ci5qATlGzA","Second!!! Day 176 of asking for a fc utrecht rebuild",0,"2026-09-19T17:26:48Z",0,2026-09-19 17:26:48,"Career Mode","I Fixed LIVERPOOLS Biggest PROBLEMS In FC 27 Career Mode!","CaniSports"
"tUUR5X5SNc0","UgzPabBIjLZJxAZK05N4AaABAg","@Xoxoght1","UC6hVfiKFs-iQzvbPv0yHlMA","Day 22 of asking for an Bk Häcken rebuild. It's an swedish club who won the swedish league (Allsvenskan) in 2022 and has fallen of a bit after that. I would prefter to have them in the english divisions to make the challenge more fun. Please consider this Cani🙏🙏",4,"2026-09-19T17:26:40Z",0,2026-09-19 17:26:40,"Career Mode","I Fixed LIVERPOOLS Biggest PROBLEMS In FC 27 Career Mode!","CaniSports"
"tUUR5X5SNc0","UgyrRclufED78-wLEmF4AaABAg","@TshwareloMatlhare","UCYyDZqEJhEaZSlCiFSrlWDg","Cani imma need you to post every after 1 hour the vids are too  good 🤧",35,"2026-09-19T17:26:39Z",4,2026-09-19 17:26:39,"Career Mode","I Fixed LIVERPOOLS Biggest PROBLEMS In FC 27 Career Mode!","CaniSports"
"tUUR5X5SNc0","UgzuEYE404wTb4T2j9Z4AaABAg","@williamandrew449","UCaeMD6TeCFaMcHhgD52kIUg","154tg video commenting for a Bristol Rovers rebuild 🙏🙏 Please make it happen Cani 🔵⚪️",0,"2026-09-19T17:26:33Z",0,2026-09-19 17:26:33,"Career Mode","I Fixed LIVERPOOLS Biggest PROBLEMS In FC 27 Career Mode!","CaniSports"
"tUUR5X5SNc0","UgzJq-6NAnZlywTRcyZ4AaABAg","@YZFC-z4f","UCqXC040rPq6VRLJu50KfV3w","Luv ur video",0,"2026-09-19T17:26:28Z",0,2026-09-19 17:26:28,"Career Mode","I Fixed LIVERPOOLS Biggest PROBLEMS In FC 27 Career Mode!","CaniSports"
"tUUR5X5SNc0","Ugw_aaGUm3z5Z2zPsJh4AaABAg","@BANANAEDITS19","UCdgharZy4iKYIgDFSWQ8CbQ","Stoping kids from saying first",1,"2026-09-19T17:26:26Z",0,2026-09-19 17:26:26,"Career Mode","I Fixed LIVERPOOLS Biggest PROBLEMS In FC 27 Career Mode!","CaniSports"
"tUUR5X5SNc0","UgzZ_clhNSbphtMPDtN4AaABAg","@YZFC-z4f","UCqXC040rPq6VRLJu50KfV3w","Cani fan",0,"2026-09-19T17:26:18Z",0,2026-09-19 17:26:18,"Career Mode","I Fixed LIVERPOOLS Biggest PROBLEMS In FC 27 Career Mode!","CaniSports"
"tUUR5X5SNc0","Ugzqog0nv2i-NMtJ51R4AaABAg","@YZFC-z4f","UCqXC040rPq6VRLJu50KfV3w","First",0,"2026-09-19T17:26:11Z",0,2026-09-19 17:26:11,"Career Mode","I Fixed LIVERPOOLS Biggest PROBLEMS In FC 27 Career Mode!","CaniSports"
"AtMIZq5ukD8","UgwrfSXDDdGk7c5oUFd4AaABAg","@jeffjackson8443","UCK6eE78Ch37AzXOjPZSg4kw","Oh how the standards at Manchester United have dropped. It used to be ""can we win 4 prem titles on the trot"", now it's ""can we try and get a point against Ipswich at home"" 44:23",0,"2026-09-21T12:27:21Z",0,2026-09-21 12:27:21,"Career Mode","MAN UTD FC 27 CAREER MODE! EPISODE 1","Mark Goldbridge"
"AtMIZq5ukD8","UgwyYyOScjGMG8-cZZ94AaABAg","@ScorpioGuy2345","UCpfgb0hvEdGCbvDpqCTOvUg","Sack mark goldbridge",0,"2026-09-21T07:17:28Z",0,2026-09-21 07:17:28,"Career Mode","MAN UTD FC 27 CAREER MODE! EPISODE 1","Mark Goldbridge"
"AtMIZq5ukD8","UgzTJ6oto9gOhoFSTcl4AaABAg","@LiamKoeberg","UCSZzgnLbofZ2L413zsm1Nlw","18 th minute where you sliding too😂?",0,"2026-09-21T06:45:11Z",0,2026-09-21 06:45:11,"Career Mode","MAN UTD FC 27 CAREER MODE! EPISODE 1","Mark Goldbridge"
"AtMIZq5ukD8","UgzPph-auy-dDFvDwQh4AaABAg","@DRIPZ99","UC7uI1-pbSqPyorXbTr0njdA","Dynamic ovr",0,"2026-09-21T06:08:34Z",0,2026-09-21 06:08:34,"Career Mode","MAN UTD FC 27 CAREER MODE! EPISODE 1","Mark Goldbridge"
"AtMIZq5ukD8","UgyKog6EdU69qxUAswB4AaABAg","@CHIPPY-c3o","UCXOb4uYLTjy_6O0G1P2gYug","Looks like fc26 literally carnt see any difference..",0,"2026-09-21T05:08:11Z",0,2026-09-21 05:08:11,"Career Mode","MAN UTD FC 27 CAREER MODE! EPISODE 1","Mark Goldbridge"
"AtMIZq5ukD8","Ugym6wrW1JAUT82mHRp4AaABAg","@woalsten","UCI8vpcRZjsJNKv6rfetP3LQ","""whos that idiot"" and its david beckham LMAO",0,"2026-09-21T04:41:05Z",0,2026-09-21 04:41:05,"Career Mode","MAN UTD FC 27 CAREER MODE! EPISODE 1","Mark Goldbridge"
"AtMIZq5ukD8","UgwDdVWBtbzYEOBOGth4AaABAg","@Iamghost363","UC_buoRiQhq2iXT8Z9_RuJ4g","26:00 😂😂😂",0,"2026-09-21T02:50:12Z",0,2026-09-21 02:50:12,"Career Mode","MAN UTD FC 27 CAREER MODE! EPISODE 1","Mark Goldbridge"
"AtMIZq5ukD8","UgytZilFHJYy1jmR6f54AaABAg","@cinnamontoastcrunch5665","UCpgjgZl5Jy-4f5iQqF5oTmA","MAULED BY THE TIGERS YOU’RE GETTING MAULED BY THE TIGERS🧡🖤🐅",0,"2026-09-21T00:48:53Z",0,2026-09-21 00:48:53,"Career Mode","MAN UTD FC 27 CAREER MODE! EPISODE 1","Mark Goldbridge"
"AtMIZq5ukD8","Ugw-CedutluMTg5oEMZ4AaABAg","@bitchtits9292","UCC46OY2S4cgks3Nsob60xUg","Thanks for adding the crowd sounds into the upload",0,"2026-09-20T23:30:22Z",0,2026-09-20 23:30:22,"Career Mode","MAN UTD FC 27 CAREER MODE! EPISODE 1","Mark Goldbridge"
"AtMIZq5ukD8","Ugw_g-Z20VWWkomUYdh4AaABAg","@jumpingalaxies951","UClquA5-tO-Vk9QKqqMu7sIw","Marc, you have such a terrible eye for a pass. Never an attacking player.",0,"2026-09-20T21:46:47Z",0,2026-09-20 21:46:47,"Career Mode","MAN UTD FC 27 CAREER MODE! EPISODE 1","Mark Goldbridge"
"AtMIZq5ukD8","Ugzb0u4nb_ivf87kYBx4AaABAg","@DaleWheeler91","UCq4c7GhAGuqAiFt7TE9iAiw","Annoying that all the other teams playing on match day seem to end 0-0 😑",0,"2026-09-20T21:31:17Z",0,2026-09-20 21:31:17,"Career Mode","MAN UTD FC 27 CAREER MODE! EPISODE 1","Mark Goldbridge"
"AtMIZq5ukD8","Ugwae6e7uVTBa_6SDlV4AaABAg","@JTask","UCL4FgMItxmtpV3bBq8iaZjQ","Just looks like EAFC 26 but with some different cut scenes…",6,"2026-09-20T20:12:48Z",0,2026-09-20 20:12:48,"Career Mode","MAN UTD FC 27 CAREER MODE! EPISODE 1","Mark Goldbridge"
"AtMIZq5ukD8","Ugw2g8rA4AnpXNYUvjd4AaABAg","@no1raniuk854","UCSNEuFT4e6bf_7u1Ginr-VA","How is he still so crap at this game?",0,"2026-09-20T19:19:54Z",0,2026-09-20 19:19:54,"Career Mode","MAN UTD FC 27 CAREER MODE! EPISODE 1","Mark Goldbridge"
"AtMIZq5ukD8","Ugz_l2vxu1Q-0mZSQ_p4AaABAg","@jamesatkins7630","UCLaqonddTkasee9PF9ngbsw","Can someone explain the ratings bit where Lammens is showing as a 90? What’s that about",1,"2026-09-20T18:44:46Z",1,2026-09-20 18:44:46,"Career Mode","MAN UTD FC 27 CAREER MODE! EPISODE 1","Mark Goldbridge"
"AtMIZq5ukD8","UgwnNJPBR0-aVSn-gR54AaABAg","@samlittle-oi6ll","UC7arABPderbywZN51aG02NQ","""think I've finally managed to figure out how to use midfield""....... Continued to get cut open 😂.",1,"2026-09-20T17:53:08Z",0,2026-09-20 17:53:08,"Career Mode","MAN UTD FC 27 CAREER MODE! EPISODE 1","Mark Goldbridge"
"AtMIZq5ukD8","Ugy1DgV2dsf5wASVmzN4AaABAg","@Roboson101","UCO-N_t1uUZzC3UZX5pFhYig","mark please can you try Marcus Rashford as a number 9 i think he can be quite good there",0,"2026-09-20T15:37:54Z",0,2026-09-20 15:37:54,"Career Mode","MAN UTD FC 27 CAREER MODE! EPISODE 1","Mark Goldbridge"
"AtMIZq5ukD8","Ugyn7nK2TUiTCfeba5J4AaABAg","@Roboson101","UCO-N_t1uUZzC3UZX5pFhYig","please can you sign Lewis Hall and Tino Livramento for cb please can you look at Levi Colwill",0,"2026-09-20T15:33:05Z",0,2026-09-20 15:33:05,"Career Mode","MAN UTD FC 27 CAREER MODE! EPISODE 1","Mark Goldbridge"
"AtMIZq5ukD8","UgzjvsJwAdHD0W7_zJ94AaABAg","@Roboson101","UCO-N_t1uUZzC3UZX5pFhYig","i think there were on about commentary and the music game play in the menus",0,"2026-09-20T15:14:44Z",0,2026-09-20 15:14:44,"Career Mode","MAN UTD FC 27 CAREER MODE! EPISODE 1","Mark Goldbridge"
"AtMIZq5ukD8","UgzCGUO-w5tSwiu4XTB4AaABAg","@Drizzy_021","UCduOvvced24kuDIAbEOT6sw","The only way to play is legendary or ultimate",2,"2026-09-20T15:05:05Z",0,2026-09-20 15:05:05,"Career Mode","MAN UTD FC 27 CAREER MODE! EPISODE 1","Mark Goldbridge"
"AtMIZq5ukD8","UgztbZ6fcezkJ-ODKmF4AaABAg","@ConnorNewbury-e9j","UCceaKr3A70cx2-TDX_N4dZQ","Was debating buying it but it legit looks the exact same as last years lol",0,"2026-09-20T14:51:21Z",0,2026-09-20 14:51:21,"Career Mode","MAN UTD FC 27 CAREER MODE! EPISODE 1","Mark Goldbridge"
"AtMIZq5ukD8","UgzuTaIXyP7FENBpv3R4AaABAg","@Ac1232-i5r","UCNB9Qk3GHuVYkA2fVZWG9Ag","The getting angry feels abit forced now mark",0,"2026-09-20T14:36:18Z",0,2026-09-20 14:36:18,"Career Mode","MAN UTD FC 27 CAREER MODE! EPISODE 1","Mark Goldbridge"
"AtMIZq5ukD8","UgybM3bnv7XKjdi156Z4AaABAg","@JoshSzymanski-m4m","UCANoYog_HY5vOLzpRVzTe3g","You should watch the trailer properly first so you have knowledge of the new features.",0,"2026-09-20T12:55:25Z",0,2026-09-20 12:55:25,"Career Mode","MAN UTD FC 27 CAREER MODE! EPISODE 1","Mark Goldbridge"
"AtMIZq5ukD8","UgwoL7Rd-Iv1NfQIaEZ4AaABAg","@RaptorBeas","UCQRZAiWX7JH_vYTfF6kyG0g","the prat is back but for only 10 episodes after he will say the game is very bad",2,"2026-09-20T12:54:15Z",0,2026-09-20 12:54:15,"Career Mode","MAN UTD FC 27 CAREER MODE! EPISODE 1","Mark Goldbridge"
"AtMIZq5ukD8","UgyC5gOoA5qAvB0DvCN4AaABAg","@footfellasfc","UCSGlMh0Y0nFJep-IIwv3sYg","I’ve had enough no Vision no passion no fight!! Bring back Carrick!!",0,"2026-09-20T11:22:47Z",0,2026-09-20 11:22:47,"Career Mode","MAN UTD FC 27 CAREER MODE! EPISODE 1","Mark Goldbridge"
"AtMIZq5ukD8","UgzrUgDkzlyZdrrZkmJ4AaABAg","@marcus0313","UCOtEax9WTtnWqUfSk3Tge2Q","Why did you not do a squad update lol, now baleba is worse with his shite rating😂😂",0,"2026-09-20T11:19:29Z",0,2026-09-20 11:19:29,"Career Mode","MAN UTD FC 27 CAREER MODE! EPISODE 1","Mark Goldbridge"
"AtMIZq5ukD8","UgxRVs63FNtyQy5bxml4AaABAg","@fiachragill8507","UC69iFybqcs_6Ciqe9BQ7EQw","Maybe pass the ball before running into the player for the next episode mark",0,"2026-09-20T11:14:42Z",0,2026-09-20 11:14:42,"Career Mode","MAN UTD FC 27 CAREER MODE! EPISODE 1","Mark Goldbridge"
"AtMIZq5ukD8","Ugw07hc0YSL4gBM-8Rt4AaABAg","@leiva3364","UCunO8PecHf7VAfuXOAGSR9g","no way he only got 1 point from Hull, Ipswich and Everton 😭",0,"2026-09-20T10:48:58Z",0,2026-09-20 10:48:58,"Career Mode","MAN UTD FC 27 CAREER MODE! EPISODE 1","Mark Goldbridge"
"AtMIZq5ukD8","UgzDDFY6WlhlybR6V-14AaABAg","@Melkor__86","UCj_jzYCSwIr1CTaxH6n4QKg","You need to utilise double tap passing more",0,"2026-09-20T09:28:43Z",0,2026-09-20 09:28:43,"Career Mode","MAN UTD FC 27 CAREER MODE! EPISODE 1","Mark Goldbridge"
"AtMIZq5ukD8","UgyQDTPt3IBMRNeTYtB4AaABAg","@BhaveshVenkatesan17","UCzNL8ZtbpHzB8M23k6wveCQ","44:12""DON'T CELEBRATE IDIOT"" 🤣",2,"2026-09-20T08:19:25Z",0,2026-09-20 08:19:25,"Career Mode","MAN UTD FC 27 CAREER MODE! EPISODE 1","Mark Goldbridge"
"AtMIZq5ukD8","UgxJuW2A_x7eqil-t_t4AaABAg","@bhavesh-f7o","UCvKoTvImdAfZqn3O4TpBtpw","38:17 😂😂",0,"2026-09-20T08:12:32Z",0,2026-09-20 08:12:32,"Career Mode","MAN UTD FC 27 CAREER MODE! EPISODE 1","Mark Goldbridge"
"AtMIZq5ukD8","Ugw2tjUyB3uoga0YwpR4AaABAg","@lukekelly9538","UC6DUOuejxKip0Ahk0AmIjjg","I can hear the crowd and the ref",0,"2026-09-20T08:08:22Z",0,2026-09-20 08:08:22,"Career Mode","MAN UTD FC 27 CAREER MODE! EPISODE 1","Mark Goldbridge"
"AtMIZq5ukD8","UgyCDfrA2ul4GH8FHMB4AaABAg","@allow-itman9749","UCIh6d3xd2OSSusNEz3HWyXg","Wants to restart because he's lost games .🤦🤦🤦",1,"2026-09-20T06:35:37Z",0,2026-09-20 06:35:37,"Career Mode","MAN UTD FC 27 CAREER MODE! EPISODE 1","Mark Goldbridge"
"AtMIZq5ukD8","Ugy-BLercjIhk3ZZAq94AaABAg","@aleksandar7640","UCiYTX19eYaBWeD6ZJpGN4XQ","PLAY Football manager not this trashy game football manager is the only realistic football game like in real life",2,"2026-09-20T05:53:07Z",0,2026-09-20 05:53:07,"Career Mode","MAN UTD FC 27 CAREER MODE! EPISODE 1","Mark Goldbridge"
"AtMIZq5ukD8","UgxffcqQ-yJeMlz5hGR4AaABAg","@m4sturbinho","UCYdWfKlYjCj_a3E0LNJTdUA","this game sucks so bad lmao.",0,"2026-09-20T04:18:09Z",0,2026-09-20 04:18:09,"Career Mode","MAN UTD FC 27 CAREER MODE! EPISODE 1","Mark Goldbridge"
"AtMIZq5ukD8","UgxyLaGEUWqCSGhyJPh4AaABAg","@gjordan124","UCU7c-pTLiom74Y9TrfIKHEQ","""u think zirkzee could do the job...no"" haha",0,"2026-09-20T03:16:27Z",0,2026-09-20 03:16:27,"Career Mode","MAN UTD FC 27 CAREER MODE! EPISODE 1","Mark Goldbridge"
"AtMIZq5ukD8","Ugx7v6XbfqwUlDj4Q3B4AaABAg","@JJGames19","UCr2B-my7G4OA_fXtHJuHNdg","Another year of obsessively switching full backs to attacking wing backs and wingers to inside forward like it actually makes a difference.",0,"2026-09-20T02:07:21Z",0,2026-09-20 02:07:21,"Career Mode","MAN UTD FC 27 CAREER MODE! EPISODE 1","Mark Goldbridge"
"AtMIZq5ukD8","UgwwOPYW6IoW24AzDuF4AaABAg","@Iceman_49","UCj1b6gPkLk6lvOC7_Lw5hxw","First episode and bridge is already crashing out, I love it 😂",0,"2026-09-20T01:28:13Z",0,2026-09-20 01:28:13,"Career Mode","MAN UTD FC 27 CAREER MODE! EPISODE 1","Mark Goldbridge"
"AtMIZq5ukD8","UgxV4HrtKBo13RNzorl4AaABAg","@ludo_","UCBZ0lZR5bqjXaVreDQ0Go0g","Gone by christmas",0,"2026-09-19T23:02:57Z",0,2026-09-19 23:02:57,"Career Mode","MAN UTD FC 27 CAREER MODE! EPISODE 1","Mark Goldbridge"
"AtMIZq5ukD8","UgwnDEX0AIUxXgBZALF4AaABAg","@darragh213","UCwAQQbmJscK40vO6_8bcOWA","Please set player tactics!",0,"2026-09-19T22:47:29Z",0,2026-09-19 22:47:29,"Career Mode","MAN UTD FC 27 CAREER MODE! EPISODE 1","Mark Goldbridge"
"AtMIZq5ukD8","UgxkWGT2gMLosqkHebx4AaABAg","@Patrick_nc23","UCoA3XvEKOc-rUrHB3zjPV4A","Love the content",0,"2026-09-19T22:39:52Z",0,2026-09-19 22:39:52,"Career Mode","MAN UTD FC 27 CAREER MODE! EPISODE 1","Mark Goldbridge"
"AtMIZq5ukD8","Ugw6WRS_1slPRgJCkDZ4AaABAg","@GentianTairi","UC5Rd3dW43WvmDR6QPXajufg","BRO WHY ARE YOI GOING OVER RHE TOP BALL EVERY SINGLE TIME",0,"2026-09-19T21:46:34Z",0,2026-09-19 21:46:34,"Career Mode","MAN UTD FC 27 CAREER MODE! EPISODE 1","Mark Goldbridge"
"AtMIZq5ukD8","UgwhAr6jjlIHBWUY8uh4AaABAg","@alexdavies9650","UCWojs6qkXDK9xCKzcAkqeKA","Player contract. Martinez!!",0,"2026-09-19T21:41:27Z",0,2026-09-19 21:41:27,"Career Mode","MAN UTD FC 27 CAREER MODE! EPISODE 1","Mark Goldbridge"
"AtMIZq5ukD8","UgzSNhmqBCF0LV4OS-B4AaABAg","@mikehunt278","UCEhG43XzWd7zgxSxyujQjOw","51:54 Liam Rosenior",0,"2026-09-19T20:54:39Z",0,2026-09-19 20:54:39,"Career Mode","MAN UTD FC 27 CAREER MODE! EPISODE 1","Mark Goldbridge"
"AtMIZq5ukD8","Ugy-PmMEX434MlyBuZx4AaABAg","@preethamshreyas3019","UCk9-uqxFsEpm1ITGfmLWNmg","❤❤❤❤",1,"2026-09-19T19:11:25Z",0,2026-09-19 19:11:25,"Career Mode","MAN UTD FC 27 CAREER MODE! EPISODE 1","Mark Goldbridge"
"AtMIZq5ukD8","UgxSpQIMa97I7iECDI14AaABAg","@jackbaldwin1019","UCU96FhoVaKUYHt2h9mPZLwA","It’s just what they’re playing at not what the actual rating is",0,"2026-09-19T19:01:06Z",0,2026-09-19 19:01:06,"Career Mode","MAN UTD FC 27 CAREER MODE! EPISODE 1","Mark Goldbridge"
"AtMIZq5ukD8","UgxCCZwuI6-Gg9FUBxJ4AaABAg","@bobocanka","UCbzkny6D8dJcCyFmYsqnPlA","Који исфрустрирани куртон😆",0,"2026-09-19T18:23:54Z",0,2026-09-19 18:23:54,"Career Mode","MAN UTD FC 27 CAREER MODE! EPISODE 1","Mark Goldbridge"
"AtMIZq5ukD8","UgxEtLZTQf1clDdKJAR4AaABAg","@mpppppppppp","UCtgD5ixoJuPgEFqGVqCH17w","WE are back",0,"2026-09-19T16:49:49Z",0,2026-09-19 16:49:49,"Career Mode","MAN UTD FC 27 CAREER MODE! EPISODE 1","Mark Goldbridge"
"AtMIZq5ukD8","UgyvBPGftNiDeXKrArt4AaABAg","@VáliMusic77","UCtkHCe6ec2fYiYNWfcj4dlA","Ai still looks ridiculously dull and idiotic.",3,"2026-09-19T16:09:52Z",0,2026-09-19 16:09:52,"Career Mode","MAN UTD FC 27 CAREER MODE! EPISODE 1","Mark Goldbridge"
"AtMIZq5ukD8","Ugzv4bOvVMU_ryvbEr14AaABAg","@justprxnce","UC4_67sAtPdKYoLlwAV2cPJQ","W",0,"2026-09-19T15:56:01Z",0,2026-09-19 15:56:01,"Career Mode","MAN UTD FC 27 CAREER MODE! EPISODE 1","Mark Goldbridge"
"AtMIZq5ukD8","UgxTtCsZ5Ca3C4bhLZ14AaABAg","@Jon-bon-d9m","UCrXL55dolnQ6YpDjBzz1Qug","You can hear it don't know what they are talking about",0,"2026-09-19T15:22:28Z",0,2026-09-19 15:22:28,"Career Mode","MAN UTD FC 27 CAREER MODE! EPISODE 1","Mark Goldbridge"
"AtMIZq5ukD8","UgwHpLB1sSJC20n_nqF4AaABAg","@eyasalkhalidi","UCloGTbMTTypc_P3XFcfne_A","Why do you keep playing the ball high. for gods sake, lift your finger of that L1 button and play a normal through for once",0,"2026-09-19T13:56:40Z",0,2026-09-19 13:56:40,"Career Mode","MAN UTD FC 27 CAREER MODE! EPISODE 1","Mark Goldbridge"
"AtMIZq5ukD8","UgwnW5HXtiH0ZTIYVJR4AaABAg","@Bigjuicydong","UCVSf0zJpq6Dk_O6JVRPj0LA","Commentary volume and everything was on 0 saw it when you went into settings",0,"2026-09-19T13:55:24Z",0,2026-09-19 13:55:24,"Career Mode","MAN UTD FC 27 CAREER MODE! EPISODE 1","Mark Goldbridge"
"AtMIZq5ukD8","UgwKLjCKuFqfZ5U4n6x4AaABAg","@LeeHaddy-m6o","UC_FUERLcDAi4SeI2Zc_-8yw","Ur trash on fc lol",0,"2026-09-19T12:58:41Z",0,2026-09-19 12:58:41,"Career Mode","MAN UTD FC 27 CAREER MODE! EPISODE 1","Mark Goldbridge"
"AtMIZq5ukD8","Ugy0mRBYc759xtYo9mZ4AaABAg","@utaninsats","UCkT7JkMchrUH3D7a71ZZajg","Doesn’t it bother you that when the AI scores the celebration are messed up? They either run to corner flag or they just run to halfway line and doesn’t celebrate. 

It was in 26 too I can’t believe they haven’t fixed it. Breaks the immersion for me atleast",0,"2026-09-19T11:24:40Z",0,2026-09-19 11:24:40,"Career Mode","MAN UTD FC 27 CAREER MODE! EPISODE 1","Mark Goldbridge"
"AtMIZq5ukD8","UgzLnx9QUarHyTd8CVp4AaABAg","@MrHastygamer","UC6SqW9mlrwa_KObKS47-huQ","I bet Carrick wishes he could nock it down to world class tbf",124,"2026-09-19T11:23:11Z",2,2026-09-19 11:23:11,"Career Mode","MAN UTD FC 27 CAREER MODE! EPISODE 1","Mark Goldbridge"
"AtMIZq5ukD8","Ugw3janoNMk6c31ZhUZ4AaABAg","@ViscaCatalunya-v9y","UCOSSlm8nbgAYadAcovGDf6Q","I stoped playing this game at FC25, its the best decision I have made in my entire life so far",9,"2026-09-19T11:01:44Z",0,2026-09-19 11:01:44,"Career Mode","MAN UTD FC 27 CAREER MODE! EPISODE 1","Mark Goldbridge"
"AtMIZq5ukD8","UgxTynxPbJtvY-E0bEx4AaABAg","@Rebrandarc1","UCgMwzYQR5eDsG84SCh6zYpw","more plz unc goldbridge",0,"2026-09-19T10:42:20Z",0,2026-09-19 10:42:20,"Career Mode","MAN UTD FC 27 CAREER MODE! EPISODE 1","Mark Goldbridge"
"AtMIZq5ukD8","UgwZsdkEMfLi2gc9FkB4AaABAg","@The-zap","UCpkes9X_2DiOLTvYwq8ZwpA","What happens if you don’t hit your goals?",0,"2026-09-19T10:23:57Z",0,2026-09-19 10:23:57,"Career Mode","MAN UTD FC 27 CAREER MODE! EPISODE 1","Mark Goldbridge"
"AtMIZq5ukD8","UgyAXFMd07NiZUunMWR4AaABAg","@gatuso-vi5rs","UChYwgpEBqlHeHOG5Axhj_Lg","Get some of that good! Good!! In your system and legendary becomes like amateur try it n see it always works.",1,"2026-09-19T09:59:56Z",0,2026-09-19 09:59:56,"Career Mode","MAN UTD FC 27 CAREER MODE! EPISODE 1","Mark Goldbridge"
"AtMIZq5ukD8","UgzEzIFtBiTZj7cHmY94AaABAg","@moonlink8207","UCndVJIGkpC67JornOx6rauA","Is he just too loud?",0,"2026-09-19T09:55:44Z",0,2026-09-19 09:55:44,"Career Mode","MAN UTD FC 27 CAREER MODE! EPISODE 1","Mark Goldbridge"
"AtMIZq5ukD8","UgyUK7PNZr1s1wLs17d4AaABAg","@thesinnombre615","UCA1r1IzgOZE-_dEBwxPNMOg","Woooohoooo. We are back.",0,"2026-09-19T09:46:02Z",0,2026-09-19 09:46:02,"Career Mode","MAN UTD FC 27 CAREER MODE! EPISODE 1","Mark Goldbridge"
"AtMIZq5ukD8","UgyfLwIPAsk_pfaQtX54AaABAg","@tubervlogs6675","UCCzoIG50Wz5ks7i1xIibrfQ","FC 27 is real 😂",0,"2026-09-19T09:13:57Z",0,2026-09-19 09:13:57,"Career Mode","MAN UTD FC 27 CAREER MODE! EPISODE 1","Mark Goldbridge"
"AtMIZq5ukD8","Ugy13JQx1XB1XlcCaxB4AaABAg","@parko3327","UCq9Q-ugvfKYperh61xHOq4g","Ummm mate... You've got headphones on............",0,"2026-09-19T09:07:13Z",0,2026-09-19 09:07:13,"Career Mode","MAN UTD FC 27 CAREER MODE! EPISODE 1","Mark Goldbridge"
"AtMIZq5ukD8","Ugzjmh7KJaKkhtxAwMt4AaABAg","@qdis662","UCYfWSyL3DBUWhmjn_sColRw","It's strange watching Mark play EA without a green screen 😄",0,"2026-09-19T09:05:31Z",0,2026-09-19 09:05:31,"Career Mode","MAN UTD FC 27 CAREER MODE! EPISODE 1","Mark Goldbridge"
"AtMIZq5ukD8","Ugz9A7DAN_VE_sMV4IR4AaABAg","@lucadegabriele6394","UCtqTmCAnUvzLEVsCopiOm_Q","38:17 😂",1,"2026-09-19T09:02:29Z",0,2026-09-19 09:02:29,"Career Mode","MAN UTD FC 27 CAREER MODE! EPISODE 1","Mark Goldbridge"
"AtMIZq5ukD8","UgyHZAvZ2_L_T7zGAPh4AaABAg","@R34LKiza","UCx07cOSP2kUwb-dkqTzzxcg","Authentic is great but it’s so slow I like using normal 50 everything then authentic features it’s just as good",0,"2026-09-19T08:31:26Z",0,2026-09-19 08:31:26,"Career Mode","MAN UTD FC 27 CAREER MODE! EPISODE 1","Mark Goldbridge"
"AtMIZq5ukD8","Ugx3RLN_-m_49FABfxp4AaABAg","@GethinW","UCGS0k_AafyiaO-07HS02nYg","Hey Mark do the cunha celebration plz buttons are

R1 double tap square",1,"2026-09-19T08:27:36Z",0,2026-09-19 08:27:36,"Career Mode","MAN UTD FC 27 CAREER MODE! EPISODE 1","Mark Goldbridge"
"AtMIZq5ukD8","UgyHev6Bd8ktXuOwEu14AaABAg","@ItsMarc961","UCuAnTLE8zrnFIrah8jlhJTQ","mark is worse than carrick 💀",0,"2026-09-19T08:22:57Z",0,2026-09-19 08:22:57,"Career Mode","MAN UTD FC 27 CAREER MODE! EPISODE 1","Mark Goldbridge"
"AtMIZq5ukD8","UgyWkyyrLn2TbB_Mc3F4AaABAg","@Pallet-Warehouse-of-Football","UCwkx4aQ752LGcI3KAAl_PBA","MUFC",0,"2026-09-19T08:03:18Z",0,2026-09-19 08:03:18,"Career Mode","MAN UTD FC 27 CAREER MODE! EPISODE 1","Mark Goldbridge"
"AtMIZq5ukD8","UgwN36xW7iFOyEkaNYF4AaABAg","@Pallet-Warehouse-of-Football","UCwkx4aQ752LGcI3KAAl_PBA","dynamic overall",1,"2026-09-19T07:55:16Z",0,2026-09-19 07:55:16,"Career Mode","MAN UTD FC 27 CAREER MODE! EPISODE 1","Mark Goldbridge"
"AtMIZq5ukD8","Ugz6RG3G6F3Zmr9bZpx4AaABAg","@OlivierKavuala-b3k","UCk0lg00bjoxbcizWp5tiguA","That's why your shots are weird",0,"2026-09-19T07:51:44Z",0,2026-09-19 07:51:44,"Career Mode","MAN UTD FC 27 CAREER MODE! EPISODE 1","Mark Goldbridge"
"AtMIZq5ukD8","Ugzta2RzJYExbTXzY-94AaABAg","@OlivierKavuala-b3k","UCk0lg00bjoxbcizWp5tiguA","U have precision shooting on",0,"2026-09-19T07:51:23Z",0,2026-09-19 07:51:23,"Career Mode","MAN UTD FC 27 CAREER MODE! EPISODE 1","Mark Goldbridge"
"AtMIZq5ukD8","Ugw1-_d0aI0arQborpJ4AaABAg","@bobby-e1c7h","UChH1JLbjwheRZNVJwLqXWXg","wow game looks terrible same as the last 5 years",0,"2026-09-19T07:23:47Z",0,2026-09-19 07:23:47,"Career Mode","MAN UTD FC 27 CAREER MODE! EPISODE 1","Mark Goldbridge"
"AtMIZq5ukD8","UgyJgfT4gupBdF8sWN94AaABAg","@Eshelby89","UCTuHCpOdP3XAbdgs-s7hXuA","How come you don’t do tactics and employ coaches ? Surely that will make a difference with the new dynamic potential",0,"2026-09-19T07:01:26Z",0,2026-09-19 07:01:26,"Career Mode","MAN UTD FC 27 CAREER MODE! EPISODE 1","Mark Goldbridge"
"AtMIZq5ukD8","UgxeQ0RAgy0TIFrgbrl4AaABAg","@OlivierKavuala-b3k","UCk0lg00bjoxbcizWp5tiguA","The ratings are based on the players form",0,"2026-09-19T06:57:29Z",0,2026-09-19 06:57:29,"Career Mode","MAN UTD FC 27 CAREER MODE! EPISODE 1","Mark Goldbridge"
"AtMIZq5ukD8","UgwAGmQBnDQLbBMKNRF4AaABAg","@jplay1i973","UCzfbOCaZo1mWU_NECLKr_cw","It is awesome to see a  FC career mode at Manchester United from FC  Legendary Mark Goldbridge again. I do love this kind of content Mark! Thank you.
To make this Manchester United great again you have to do a great lot. You probably have to sell half before this team starts winning again. You can't win any with a bunch of underperforming and overpaid players.  I would recommend you to use the players to their abilities, Shaw for instance hasn't got the pace no more, use as a back up in the middle of defense for his experience. Start building from there on! Go for it, Mark! You can do it! With love from the Netherlands ❤",1,"2026-09-19T06:56:21Z",0,2026-09-19 06:56:21,"Career Mode","MAN UTD FC 27 CAREER MODE! EPISODE 1","Mark Goldbridge"
"AtMIZq5ukD8","UgznFftqH7MvByJjLJR4AaABAg","@sxzc18","UCmPLnI_JLR1YGnrVDdsFFgA","Cheating to win just like Man City 🤣🤣🤣",1,"2026-09-19T06:41:08Z",0,2026-09-19 06:41:08,"Career Mode","MAN UTD FC 27 CAREER MODE! EPISODE 1","Mark Goldbridge"
"AtMIZq5ukD8","UgxrChtkksSbVbu2RdZ4AaABAg","@Pageoncentered2","UCZdWT_apsQzVpUua00j9Xiw","is it just me or his frame rate is so low",1,"2026-09-19T06:20:29Z",1,2026-09-19 06:20:29,"Career Mode","MAN UTD FC 27 CAREER MODE! EPISODE 1","Mark Goldbridge"
"AtMIZq5ukD8","Ugy3GUdzISL_FS66Bbl4AaABAg","@Raphael16045","UCS3Gb-ws8eBIbgFHoflpLPA","23:30 So understandable.😂😂😂😂",13,"2026-09-19T06:08:34Z",0,2026-09-19 06:08:34,"Career Mode","MAN UTD FC 27 CAREER MODE! EPISODE 1","Mark Goldbridge"
"AtMIZq5ukD8","UgxkYPJhL66WEgnaG_p4AaABAg","@abhi_9909","UCqciarsZbodbRfRvT04znrA","we have to suffer",0,"2026-09-19T05:57:03Z",0,2026-09-19 05:57:03,"Career Mode","MAN UTD FC 27 CAREER MODE! EPISODE 1","Mark Goldbridge"
"AtMIZq5ukD8","UgxjpryVF0WZpBFKaid4AaABAg","@ashhndrxx_2","UCtwadCLhtwomdRvsXkJ0XDw","Always a great watch, Thanks Mark!",0,"2026-09-19T05:36:25Z",0,2026-09-19 05:36:25,"Career Mode","MAN UTD FC 27 CAREER MODE! EPISODE 1","Mark Goldbridge"
"AtMIZq5ukD8","UgxURHFiJZjLzHpGnYZ4AaABAg","@neils19","UCM57z970TdXwrkBP8kdqQTw","The idiots moaning about the game volume need to shut up!!! No one cares about that!!!  We’re here to hear goldbridge rants!!!",0,"2026-09-19T05:15:40Z",0,2026-09-19 05:15:40,"Career Mode","MAN UTD FC 27 CAREER MODE! EPISODE 1","Mark Goldbridge"
"AtMIZq5ukD8","Ugz4yvlMiC2BErDtI-94AaABAg","@lyallwilliams","UCZePvum_W_gOA0UkTwEbX1g","All the years Marks passing is crap",0,"2026-09-19T05:08:49Z",0,2026-09-19 05:08:49,"Career Mode","MAN UTD FC 27 CAREER MODE! EPISODE 1","Mark Goldbridge"
"AtMIZq5ukD8","UgyP8L2VfKjYhIUXyZR4AaABAg","@Shushcunt","UCuIAJwYMVDO-sFaXMYnqBWg","Marks way to slow with the passing, he’s gotta be a lot quicker",0,"2026-09-19T04:59:02Z",0,2026-09-19 04:59:02,"Career Mode","MAN UTD FC 27 CAREER MODE! EPISODE 1","Mark Goldbridge"
"AtMIZq5ukD8","Ugy573_LBvbkH8phS414AaABAg","@MyklYTB","UCSO_ggO_btU2Nx8nnyY_66Q","goldbridge fifa streams are always hilarious. Great to be back",2,"2026-09-19T04:00:58Z",0,2026-09-19 04:00:58,"Career Mode","MAN UTD FC 27 CAREER MODE! EPISODE 1","Mark Goldbridge"
"AtMIZq5ukD8","UgysKb_SiugybDd1Hpl4AaABAg","@gtavicer8","UCOr1enn6D7DvGmIH_fcGavw","27:06 what's with the 4 goalless draws lol?",2,"2026-09-19T03:51:57Z",1,2026-09-19 03:51:57,"Career Mode","MAN UTD FC 27 CAREER MODE! EPISODE 1","Mark Goldbridge"
"AtMIZq5ukD8","UgwAAYK_j4OXP33461l4AaABAg","@Hunterb7689","UCn7L2vmltmGqc8QXr5zEGiQ","Great video Mark. This brought me to tears",0,"2026-09-19T03:48:56Z",0,2026-09-19 03:48:56,"Career Mode","MAN UTD FC 27 CAREER MODE! EPISODE 1","Mark Goldbridge"
"AtMIZq5ukD8","UgwQ_qnZEBDNIYwJSVV4AaABAg","@ScottWhitworth-b9g","UCu9pG1m62dG0PlklQs1Fz5Q","chip pass addict",1,"2026-09-19T03:20:24Z",0,2026-09-19 03:20:24,"Career Mode","MAN UTD FC 27 CAREER MODE! EPISODE 1","Mark Goldbridge"
"AtMIZq5ukD8","UgwZjNWwAN5VHjoPUTJ4AaABAg","@KUTTY_VAADHI_OG","UCf0eegXnBbi6rULURdVX0Tg","20:40 - Very realistic 😂",6,"2026-09-19T03:16:23Z",0,2026-09-19 03:16:23,"Career Mode","MAN UTD FC 27 CAREER MODE! EPISODE 1","Mark Goldbridge"
"AtMIZq5ukD8","UgzUAz73PZOxmwOw5ix4AaABAg","@Mpb17-Music-","UCUNhzVw2jExdx8mZFYdz2kQ","Need to sign a new cb and rb and LB",0,"2026-09-19T03:12:57Z",0,2026-09-19 03:12:57,"Career Mode","MAN UTD FC 27 CAREER MODE! EPISODE 1","Mark Goldbridge"
"AtMIZq5ukD8","Ugyh_K2ELZvwYvhGPFJ4AaABAg","@lewisbrazier3064","UC-AilNXPac_qV9-d8T7i0IA","Mark fuming at the comments about game audio 😂",12,"2026-09-19T03:10:44Z",0,2026-09-19 03:10:44,"Career Mode","MAN UTD FC 27 CAREER MODE! EPISODE 1","Mark Goldbridge"
"AtMIZq5ukD8","Ugw2zWYWlprADz35Dkp4AaABAg","@th4realdeal","UCOewwq9td4dbpx1Jq0RUkww","What you should do, is play legendary but if you lose you go down to world class, if you draw you stay legendary, and if you win on world class you go back up to legendary, if you draw on world class, you stay world class",1,"2026-09-19T02:53:20Z",0,2026-09-19 02:53:20,"Career Mode","MAN UTD FC 27 CAREER MODE! EPISODE 1","Mark Goldbridge"
"AtMIZq5ukD8","Ugx0O_8b4GKbEKW65i94AaABAg","@Mpb17-Music-","UCUNhzVw2jExdx8mZFYdz2kQ","Get the youth academy going og career modes always have a youth academy players",1,"2026-09-19T02:51:52Z",0,2026-09-19 02:51:52,"Career Mode","MAN UTD FC 27 CAREER MODE! EPISODE 1","Mark Goldbridge"
"AtMIZq5ukD8","UgyXtsFwohvSv310w8x4AaABAg","@joshn3910","UCkIwYi_o8iA1Q3omrP-bp7Q","What a massive cry baby Mark is getting angry because people complain about audio",0,"2026-09-19T02:22:43Z",0,2026-09-19 02:22:43,"Career Mode","MAN UTD FC 27 CAREER MODE! EPISODE 1","Mark Goldbridge"
"AtMIZq5ukD8","UgwB2oH0kR7Yi7CGVpt4AaABAg","@vegansausageandbeans","UCGt2bHZ6VdL47ZRCUw_Gc3Q","of course they haven’t fixed that stupid kick off glitch 💀",0,"2026-09-19T02:13:03Z",0,2026-09-19 02:13:03,"Career Mode","MAN UTD FC 27 CAREER MODE! EPISODE 1","Mark Goldbridge"
"AtMIZq5ukD8","UgzzFqmybWh0fRPrpuN4AaABAg","@memonaiaa","UCeqVyKXW0iteB-2L9ns40Dg","Dynamic Potential",0,"2026-09-19T02:03:41Z",0,2026-09-19 02:03:41,"Career Mode","MAN UTD FC 27 CAREER MODE! EPISODE 1","Mark Goldbridge"
"AtMIZq5ukD8","Ugx0o6dtQ-Ckcwxmc894AaABAg","@MikaTikaChcken","UC_lNtb1-8la7L2uSD_yI4oQ","Hi Mark love the content keep it up❤",0,"2026-09-19T01:57:11Z",0,2026-09-19 01:57:11,"Career Mode","MAN UTD FC 27 CAREER MODE! EPISODE 1","Mark Goldbridge"
"AtMIZq5ukD8","UgyDERLMuK73MPbspyt4AaABAg","@apache3133","UCeQ5gWTWjz5XMfHCUJZaa_Q","38:15 Goldbridge with an all time moment right there",38,"2026-09-19T01:53:54Z",0,2026-09-19 01:53:54,"Career Mode","MAN UTD FC 27 CAREER MODE! EPISODE 1","Mark Goldbridge"
"AtMIZq5ukD8","Ugxw7AlQ5s4kD7KTWJZ4AaABAg","@TyroneHarris-n9t","UCmFFqpJpEwHD_j9RQJ9SU8A","I will never forget the COVID lock down career mode streams. Those were the best. Thank you Mark for bringing career mode back because United and Glineos are screwing with my mental health 😡",2,"2026-09-19T01:51:28Z",0,2026-09-19 01:51:28,"Career Mode","MAN UTD FC 27 CAREER MODE! EPISODE 1","Mark Goldbridge"
"AtMIZq5ukD8","UgwFT-Ab8bLw_0GZBbB4AaABAg","@Fqithh","UCWifrtOPyVHxHNzRZkitRug","its just the same game... how shit",1,"2026-09-19T01:47:06Z",0,2026-09-19 01:47:06,"Career Mode","MAN UTD FC 27 CAREER MODE! EPISODE 1","Mark Goldbridge"
"AtMIZq5ukD8","UgxJTHR9OWKA6M8RBap4AaABAg","@shahanmiah7489","UCTBGXbtwmf-qDL15_bV0HUg","How is mainoo 72 rating???????",0,"2026-09-19T01:32:17Z",0,2026-09-19 01:32:17,"Career Mode","MAN UTD FC 27 CAREER MODE! EPISODE 1","Mark Goldbridge"
"AtMIZq5ukD8","UgwI1F62BzyL1XNQxDl4AaABAg","@CameronGhee","UCfn7lRDTSdYp8YyCd7XXgbA","I struggle on world class lol",1,"2026-09-19T01:30:15Z",1,2026-09-19 01:30:15,"Career Mode","MAN UTD FC 27 CAREER MODE! EPISODE 1","Mark Goldbridge"
"AtMIZq5ukD8","Ugxe_IHrJIo7GmcL-OR4AaABAg","@monkeydave8060","UCoRitGz1vGDcM4i2lTCTUmw","Mark you should change your tactics when you go your team managment, it looks like your playing on standard you should change it to counter attack and change up player roles it helps a lot and makes players play more the way you wanna play, defensively you can be left open when attacking if you change your tactics to more attacking so bare that in mind sk maybe get a rapid full back on both sides like mendes and hakim keep the bids realistic so like £200 mil per signing 😂 nah but rapid full back with 85sprint speed and accelaration is a must in a attacking team since you play a lot of counters, also when you complain about shaw not overlaping you can chnage that in tactics, make him inverted full back while dalot or who ever on the other side attscking full back makes a big change",0,"2026-09-19T01:15:21Z",0,2026-09-19 01:15:21,"Career Mode","MAN UTD FC 27 CAREER MODE! EPISODE 1","Mark Goldbridge"
"AtMIZq5ukD8","UgwpP7GmRdB_ZWKFN9V4AaABAg","@kyglo.","UCw9AutZds1hWTla5w61lPdQ","I don't think baleba is in the squad",1,"2026-09-19T00:59:33Z",0,2026-09-19 00:59:33,"Career Mode","MAN UTD FC 27 CAREER MODE! EPISODE 1","Mark Goldbridge"
"AtMIZq5ukD8","Ugz46qAXyytwRXSR4dN4AaABAg","@Arsenal48","UC2Y4GCMvuYSwsS-6qqlm2Qg","39:30 is good 😂",6,"2026-09-19T00:58:13Z",1,2026-09-19 00:58:13,"Career Mode","MAN UTD FC 27 CAREER MODE! EPISODE 1","Mark Goldbridge"
"AtMIZq5ukD8","UgzVIq2WSHbr-qgnhcx4AaABAg","@jharvoncharles9763","UCwuSb-8iFuybA4d236opgAg","I hope this one last longer than fifa26",0,"2026-09-19T00:55:30Z",0,2026-09-19 00:55:30,"Career Mode","MAN UTD FC 27 CAREER MODE! EPISODE 1","Mark Goldbridge"
"AtMIZq5ukD8","UgwRaAKyzBRBSItIu914AaABAg","@anthonyfon6029","UC3XJdgeE_ct5Zu1NGbrjesg","Press a after the goal, all your celebrations are corner flags",0,"2026-09-19T00:41:55Z",0,2026-09-19 00:41:55,"Career Mode","MAN UTD FC 27 CAREER MODE! EPISODE 1","Mark Goldbridge"
"AtMIZq5ukD8","UgzPC7w1XPlFvy1Rmgh4AaABAg","@lyallwilliams","UCZePvum_W_gOA0UkTwEbX1g","14:53 just like in real life Bruno moans",0,"2026-09-19T00:24:44Z",0,2026-09-19 00:24:44,"Career Mode","MAN UTD FC 27 CAREER MODE! EPISODE 1","Mark Goldbridge"
"AtMIZq5ukD8","Ugz-A7FyoyjHEErQDV14AaABAg","@Badgerz72","UC3-lePDhAz3k1G1sII8SFNA","MATE stop playing  LEGENDRY. you need to play like 150% to play legendry ... but enjoy your games...",0,"2026-09-19T00:23:05Z",0,2026-09-19 00:23:05,"Career Mode","MAN UTD FC 27 CAREER MODE! EPISODE 1","Mark Goldbridge"
"AtMIZq5ukD8","UgyTwSUXl11M_Tay0EJ4AaABAg","@duncan3932","UCRG36p_y3aOeBVEMJ5ZDJKw","Graphics look so horrible for a 2026 game",5,"2026-09-19T00:01:51Z",0,2026-09-19 00:01:51,"Career Mode","MAN UTD FC 27 CAREER MODE! EPISODE 1","Mark Goldbridge"
"AtMIZq5ukD8","Ugz0OZYROKVsepKnIup4AaABAg","@aaronmitchell9292","UCuhS_SaTHReyg6lREPhM2Jw","what camera you using mark i cant seem to get mine right your seems right",0,"2026-09-19T00:01:35Z",0,2026-09-19 00:01:35,"Career Mode","MAN UTD FC 27 CAREER MODE! EPISODE 1","Mark Goldbridge"
"AtMIZq5ukD8","UgydBk5i1cBfqDSV1CN4AaABAg","@extinctionispossible","UChg3I5FlaCMAXtkJGBouczw","Bit of a over reaction putting the oven gas on .. things will get better",0,"2026-09-18T23:36:36Z",0,2026-09-18 23:36:36,"Career Mode","MAN UTD FC 27 CAREER MODE! EPISODE 1","Mark Goldbridge"
"AtMIZq5ukD8","UgwkcPYOPkPrEaeuUUF4AaABAg","@samuelbarnham6517","UCaxwmITcGkfek6Hv-d4NMHw","This is Comedy Central Mark 😂",0,"2026-09-18T23:31:44Z",0,2026-09-18 23:31:44,"Career Mode","MAN UTD FC 27 CAREER MODE! EPISODE 1","Mark Goldbridge"
"AtMIZq5ukD8","Ugyq64T9wKAsuQyiAQt4AaABAg","@paddaaweh","UCGoTYtDYrbtiRj41VrEhHQQ","Headphones you stubborn twat.",0,"2026-09-18T23:22:08Z",0,2026-09-18 23:22:08,"Career Mode","MAN UTD FC 27 CAREER MODE! EPISODE 1","Mark Goldbridge"
"AtMIZq5ukD8","Ugwx0KHVDZhza9XidNB4AaABAg","@PhillipArnold-q6w5s","UCn9jD78jcB2ZDRndJmCXgGA","I could hear the crowd",1,"2026-09-18T23:20:10Z",0,2026-09-18 23:20:10,"Career Mode","MAN UTD FC 27 CAREER MODE! EPISODE 1","Mark Goldbridge"
"AtMIZq5ukD8","UgyxEHBD3xP9F-1GVx14AaABAg","@PhillipArnold-q6w5s","UCn9jD78jcB2ZDRndJmCXgGA","It's the headphones  being in😂",5,"2026-09-18T23:19:46Z",0,2026-09-18 23:19:46,"Career Mode","MAN UTD FC 27 CAREER MODE! EPISODE 1","Mark Goldbridge"
"AtMIZq5ukD8","UgxEPWgHkCX8FfL718h4AaABAg","@Frivty39","UCWhaU93HWq1zwQ5jv8QTkzg","12:24 I’ve seen him less worked up over united performances,😂 trouble with the mrs?",1,"2026-09-18T23:08:55Z",2,2026-09-18 23:08:55,"Career Mode","MAN UTD FC 27 CAREER MODE! EPISODE 1","Mark Goldbridge"
"AtMIZq5ukD8","UgyhOvao08_BSS7J52R4AaABAg","@Boxot87","UCUJ4DmRe6GzdB3be28X1XGQ","Imagine boasting about beating villareal after being an absolute coward and go to world class..... lol",0,"2026-09-18T23:06:52Z",0,2026-09-18 23:06:52,"Career Mode","MAN UTD FC 27 CAREER MODE! EPISODE 1","Mark Goldbridge"
"AtMIZq5ukD8","UgzABfYHoPHtO0uXSmN4AaABAg","@MattBirch1991","UCOs-mi68kRk8J0NydlgNtJw","Dynamic overall is really gonna confuse Goldbridge this year",0,"2026-09-18T22:57:18Z",0,2026-09-18 22:57:18,"Career Mode","MAN UTD FC 27 CAREER MODE! EPISODE 1","Mark Goldbridge"
"AtMIZq5ukD8","Ugw7_eryFcj8kQLcuQd4AaABAg","@Adam-f8c","UCDBW2crfXImAP0IzdyFNORQ","Also afaik you can press RB and LB at the same time to get the lads in front of you to make curved runs in behind... might open up some extra passing opportunities for you.",0,"2026-09-18T22:56:53Z",0,2026-09-18 22:56:53,"Career Mode","MAN UTD FC 27 CAREER MODE! EPISODE 1","Mark Goldbridge"
"AtMIZq5ukD8","UgxSOekQn744Wfwv9j54AaABAg","@Anonymous89899","UCBRQovT3nJ723eUmusOVi0w","Brilliant video it's just mark shouting for 1hour 20 minutes because he's headphones so loud in his ears even Beckham got smoke 😂😂😂😂",20,"2026-09-18T22:56:20Z",0,2026-09-18 22:56:20,"Career Mode","MAN UTD FC 27 CAREER MODE! EPISODE 1","Mark Goldbridge"
"AtMIZq5ukD8","UgwqIEAEE3Vb2aIq0hF4AaABAg","@archieclark6699","UClj7tY0QKfVtFPfF24CjC2Q","Can someone tell me what sliders he is using?",0,"2026-09-18T22:48:48Z",0,2026-09-18 22:48:48,"Career Mode","MAN UTD FC 27 CAREER MODE! EPISODE 1","Mark Goldbridge"
"AtMIZq5ukD8","Ugwlkvx349NFmME6msB4AaABAg","@mantra1481","UCkj9o-RI5LQvSAGGTIjfYgA","The loss against hull was confirmed when they brought on the french fullback Targétt",1,"2026-09-18T22:41:17Z",0,2026-09-18 22:41:17,"Career Mode","MAN UTD FC 27 CAREER MODE! EPISODE 1","Mark Goldbridge"
"AtMIZq5ukD8","UgxPMZ969F7zoM13qfx4AaABAg","@domotime19","UCgdH8FjVEwmZa5KFybw1mdQ","Why does the in game Mark look better than the irl Mark?",0,"2026-09-18T22:39:18Z",0,2026-09-18 22:39:18,"Career Mode","MAN UTD FC 27 CAREER MODE! EPISODE 1","Mark Goldbridge"
"AtMIZq5ukD8","UgxZf1h8sK0Q7tBVR5Z4AaABAg","@primeeditz171","UC9dRAkI6-VYr0olhyRnrC-Q","Sacked in the morning!",3,"2026-09-18T22:32:37Z",0,2026-09-18 22:32:37,"Career Mode","MAN UTD FC 27 CAREER MODE! EPISODE 1","Mark Goldbridge"
"AtMIZq5ukD8","UgyhyeEszg5IJRvqT_94AaABAg","@domotime19","UCgdH8FjVEwmZa5KFybw1mdQ","You know the season goes bad when Mark roleplays Man Utd",1,"2026-09-18T22:31:38Z",0,2026-09-18 22:31:38,"Career Mode","MAN UTD FC 27 CAREER MODE! EPISODE 1","Mark Goldbridge"
"AtMIZq5ukD8","UgzzTy3VzoJrFSegrHJ4AaABAg","@Adam-f8c","UCDBW2crfXImAP0IzdyFNORQ","This is the one I was waiying for! 😂",0,"2026-09-18T22:22:37Z",0,2026-09-18 22:22:37,"Career Mode","MAN UTD FC 27 CAREER MODE! EPISODE 1","Mark Goldbridge"
"AtMIZq5ukD8","Ugze9YeUJ8misJZh5JV4AaABAg","@Vitaminsummary62123","UC95ICa0ROXMd74s-k6eIpcw","Looks worse than 26 ffs",0,"2026-09-18T22:14:37Z",0,2026-09-18 22:14:37,"Career Mode","MAN UTD FC 27 CAREER MODE! EPISODE 1","Mark Goldbridge"
"AtMIZq5ukD8","UgyVXSz54Ko1q4tXrzh4AaABAg","@eeeeeetp","UChbLTAFjVSuHfSYyMo-hM8w","I hope this game has stricter refereeing for example more red cards. Last year in career mode nothing was ever given, always a yellow or no card.",0,"2026-09-18T22:11:27Z",0,2026-09-18 22:11:27,"Career Mode","MAN UTD FC 27 CAREER MODE! EPISODE 1","Mark Goldbridge"
"AtMIZq5ukD8","UgzECIR0iXRBGfjkANN4AaABAg","@bigmoe44","UCpGBmoaHC-cMmH_HbkGgBAQ","Fc27 looks worse than fc26",4,"2026-09-18T22:04:41Z",1,2026-09-18 22:04:41,"Career Mode","MAN UTD FC 27 CAREER MODE! EPISODE 1","Mark Goldbridge"
"AtMIZq5ukD8","Ugz5k2ysSdWfpRtMwEN4AaABAg","@satierjames570","UCGLIthaIxJYjap7vPJAUUOg","You not using through passing and L2 plus triangle. To break the lines",0,"2026-09-18T22:04:31Z",0,2026-09-18 22:04:31,"Career Mode","MAN UTD FC 27 CAREER MODE! EPISODE 1","Mark Goldbridge"
"AtMIZq5ukD8","UgyGRZ1dxUcnJDSGJyx4AaABAg","@josfur1977","UCkTn8_Uc7KHrAY4A8RZPcdw","there was game audio but it was very very low",1,"2026-09-18T21:46:00Z",0,2026-09-18 21:46:00,"Career Mode","MAN UTD FC 27 CAREER MODE! EPISODE 1","Mark Goldbridge"
"AtMIZq5ukD8","UgzZtuFHlHi0QmCFNW14AaABAg","@Fighter_Jets26","UCO54eajmq035yzfzV7DKyAA","Mark got ploughed by the tractors",12,"2026-09-18T21:45:29Z",0,2026-09-18 21:45:29,"Career Mode","MAN UTD FC 27 CAREER MODE! EPISODE 1","Mark Goldbridge"
"AtMIZq5ukD8","UgxKAA1rFmbjk6aNMeB4AaABAg","@Swan94y","UCRt6Z27STeqsM4G4bZJkxWQ","Mauled by the tigers, plowed by the tractors, and chewed by the toffees! Great start",374,"2026-09-18T21:43:09Z",3,2026-09-18 21:43:09,"Career Mode","MAN UTD FC 27 CAREER MODE! EPISODE 1","Mark Goldbridge"
"AtMIZq5ukD8","UgyE26j1ekbsv0Qlz1x4AaABAg","@jerrydandrige1987","UCqWLezLnGhpqCGp5waWdYsA","Bet ya the difficulty level is professional 😂",0,"2026-09-18T21:39:35Z",0,2026-09-18 21:39:35,"Career Mode","MAN UTD FC 27 CAREER MODE! EPISODE 1","Mark Goldbridge"
"AtMIZq5ukD8","UgzojROldpp_PVkqJ6V4AaABAg","@Swan94y","UCRt6Z27STeqsM4G4bZJkxWQ","Mauled by the tigera irl and in fifa 😂",0,"2026-09-18T21:37:53Z",0,2026-09-18 21:37:53,"Career Mode","MAN UTD FC 27 CAREER MODE! EPISODE 1","Mark Goldbridge"
"AtMIZq5ukD8","UgyCH8abwJwVKnEhO3l4AaABAg","@This_Is_Something","UCyPXkZo_tIZ3jY_CuLXB0Aw","We are so back!",0,"2026-09-18T21:34:02Z",0,2026-09-18 21:34:02,"Career Mode","MAN UTD FC 27 CAREER MODE! EPISODE 1","Mark Goldbridge"
"AtMIZq5ukD8","Ugz0tJU57fZabtQ5VRt4AaABAg","@ZZZ0099ZZZ","UCAHEaplc1F-8sTrwFRA7hXQ","Mark would get mad at you for not knowing his password 🤣🤣",1,"2026-09-18T21:21:34Z",0,2026-09-18 21:21:34,"Career Mode","MAN UTD FC 27 CAREER MODE! EPISODE 1","Mark Goldbridge"
"AtMIZq5ukD8","UgzNljEYf3vbhlDJivx4AaABAg","@LC2K00","UCIMkltUgf-i2SsnPF48WVQw","The games back!",0,"2026-09-18T21:21:28Z",0,2026-09-18 21:21:28,"Career Mode","MAN UTD FC 27 CAREER MODE! EPISODE 1","Mark Goldbridge"
"AtMIZq5ukD8","Ugy0l0cfhi5SZs20ojl4AaABAg","@actorjaclynkora","UCzaMsWrpwnDEjgfbGKozXgQ","The game UI looks so minimalistic and boring compared to FIFA's of the past.",0,"2026-09-18T21:16:58Z",0,2026-09-18 21:16:58,"Career Mode","MAN UTD FC 27 CAREER MODE! EPISODE 1","Mark Goldbridge"
"AtMIZq5ukD8","Ugwly7sz0JLcLfJsHY94AaABAg","@MainNpc316","UC9AUlpCYaO9EFDre8y-3DXg","thats why you shouldnt buy this crap. games are meant to be fun, get your mind of the bull around you. why you wanna trigger yourself with this shyt. life aint hard enough?",0,"2026-09-18T21:16:57Z",1,2026-09-18 21:16:57,"Career Mode","MAN UTD FC 27 CAREER MODE! EPISODE 1","Mark Goldbridge"
"AtMIZq5ukD8","Ugx2PKIKs4-U9u-qfRp4AaABAg","@Psyckes","UCqwTRKDdYbzER03rHW7FDQg","Karim Konaté from RB Salzburg could be a good back up for Sesko if you need to rotate him out at some point during your career mode",0,"2026-09-18T21:11:20Z",0,2026-09-18 21:11:20,"Career Mode","MAN UTD FC 27 CAREER MODE! EPISODE 1","Mark Goldbridge"
"AtMIZq5ukD8","UgxltbYgDGsYtZcJKRZ4AaABAg","@ashleyward5933","UCGo6TEvGXaCzchE3YDkzPKQ","The game sound is a bug",1,"2026-09-18T21:05:54Z",0,2026-09-18 21:05:54,"Career Mode","MAN UTD FC 27 CAREER MODE! EPISODE 1","Mark Goldbridge"
"AtMIZq5ukD8","UgzF132c0uAITNGrcx54AaABAg","@leifb6429","UCjCBd3zhjJk5uqrvjWGzMfw","God that squad menu is unforgivably ugly isn't it",0,"2026-09-18T21:00:12Z",0,2026-09-18 21:00:12,"Career Mode","MAN UTD FC 27 CAREER MODE! EPISODE 1","Mark Goldbridge"
"AtMIZq5ukD8","UgwRighvY2f-8viNDDR4AaABAg","@akib2542","UCDFyxzFebtnqQWZbJoYN5KA","Santos is the new Fred. Both in real life (crap) and on EAFC (good) lol",0,"2026-09-18T20:57:41Z",0,2026-09-18 20:57:41,"Career Mode","MAN UTD FC 27 CAREER MODE! EPISODE 1","Mark Goldbridge"
"AtMIZq5ukD8","UgwyDTjK10rLuUGF1T54AaABAg","@SmokeyRuntz","UCxMNQy8L9usaoKmhfsuRa7w","HES BACKKKKK",0,"2026-09-18T20:53:11Z",0,2026-09-18 20:53:11,"Career Mode","MAN UTD FC 27 CAREER MODE! EPISODE 1","Mark Goldbridge"
"AtMIZq5ukD8","UgzC_QG4Nr0rVVQONxt4AaABAg","@diego_mcfunfun8191","UCsRA_ikFAtTPT7xuc1WmDmg","32:22 🤣🤣🤣🤣",0,"2026-09-18T20:45:11Z",0,2026-09-18 20:45:11,"Career Mode","MAN UTD FC 27 CAREER MODE! EPISODE 1","Mark Goldbridge"
"AtMIZq5ukD8","Ugyx9VPFIfS6PxJS9zF4AaABAg","@Viceace70","UCDCMEU5K299Tl2ygwhBAIbw","Will mark finish this season he didn't even bother finishing the last one.",71,"2026-09-18T20:41:53Z",0,2026-09-18 20:41:53,"Career Mode","MAN UTD FC 27 CAREER MODE! EPISODE 1","Mark Goldbridge"
"AtMIZq5ukD8","UgzNR0YFruf_RIZm79l4AaABAg","@wotchadave","UC-DSgX_AaLYRcNMvQzPOzaw","If you're being ploughed by a tractor, doesn't that make you a vegetable",0,"2026-09-18T20:38:50Z",0,2026-09-18 20:38:50,"Career Mode","MAN UTD FC 27 CAREER MODE! EPISODE 1","Mark Goldbridge"
"AtMIZq5ukD8","Ugxo3xLkRAvL7lLbucV4AaABAg","@Clip46-v1y","UC0jq0V4qvszeYCDHMW0Q5-A","So happy to see this back",1,"2026-09-18T20:38:24Z",0,2026-09-18 20:38:24,"Career Mode","MAN UTD FC 27 CAREER MODE! EPISODE 1","Mark Goldbridge"
"AtMIZq5ukD8","UgzeW-GsdoR40KSOfWN4AaABAg","@adamsteidl2110","UCbe0pBS7GwdLbbY0UkbPVdg","World class is tooo easy",0,"2026-09-18T20:34:24Z",0,2026-09-18 20:34:24,"Career Mode","MAN UTD FC 27 CAREER MODE! EPISODE 1","Mark Goldbridge"
"AtMIZq5ukD8","UgyC-_ZJYRXcFTau6rN4AaABAg","@daze77gaming","UCI_ubhw6ubMgrjdMm-QphGA","Why is the ratings so high on this game...i haven't kept up with the new FC lore",2,"2026-09-18T20:33:08Z",2,2026-09-18 20:33:08,"Career Mode","MAN UTD FC 27 CAREER MODE! EPISODE 1","Mark Goldbridge"
"AtMIZq5ukD8","UgwyfTWTgYk6lktcp4h4AaABAg","@henryo3025","UCf6m0sWQVLOXKVuF8ruSsCQ","Mark could the audio issue have something to do with the in game audio settings I know you can turn down the stadium volume and other sound effects there so could be low by default?",1,"2026-09-18T20:26:18Z",0,2026-09-18 20:26:18,"Career Mode","MAN UTD FC 27 CAREER MODE! EPISODE 1","Mark Goldbridge"
"AtMIZq5ukD8","UgwfLliZXM7xwtEiQNB4AaABAg","@gamerboy-c2u8u","UCctPchu7VQ5iqqieyMxh7Aw","Buy a new left back in the winter buy balde from barca and llorente from atletico madrid❤",0,"2026-09-18T20:20:17Z",0,2026-09-18 20:20:17,"Career Mode","MAN UTD FC 27 CAREER MODE! EPISODE 1","Mark Goldbridge"
"AtMIZq5ukD8","Ugzo5jy8g3y9THiT_Bl4AaABAg","@GATguy98","UCbakM19hZSIOCscSZr8pRBQ","Lets see how long this one lasts",2,"2026-09-18T20:15:21Z",1,2026-09-18 20:15:21,"Career Mode","MAN UTD FC 27 CAREER MODE! EPISODE 1","Mark Goldbridge"
"AtMIZq5ukD8","UgwTvC9PNjo1c62nshx4AaABAg","@onyex51","UCkvSXO6mip_yrnuqDYwFkqA","continue this",1,"2026-09-18T20:14:24Z",0,2026-09-18 20:14:24,"Career Mode","MAN UTD FC 27 CAREER MODE! EPISODE 1","Mark Goldbridge"
"AtMIZq5ukD8","UgwRIYNIQjl444mAXpN4AaABAg","@RuslanBronkhorst","UCzNrlUSu90twsqAOMM0umYQ","continue this",1,"2026-09-18T20:13:28Z",0,2026-09-18 20:13:28,"Career Mode","MAN UTD FC 27 CAREER MODE! EPISODE 1","Mark Goldbridge"
"AtMIZq5ukD8","UgymPKtA73FeOsus5rh4AaABAg","@anthonywhyte2926","UC-aEui3yv84VP5zlVWbEugg","And Goldbridge hasn’t done the new transfers yet 🤣🤣🤣🤣 you can’t buy who you want anymore",0,"2026-09-18T20:11:49Z",0,2026-09-18 20:11:49,"Career Mode","MAN UTD FC 27 CAREER MODE! EPISODE 1","Mark Goldbridge"
"AtMIZq5ukD8","Ugwanrv9Tm9uaWmLOc54AaABAg","@TheBluePhenom","UC6KQ1mjui5l1roa9XlelvEw","The EAFC United Stand is not happy with Goldbridge 😂😂 the Fan Forums I imagine are far worse than their real life counterparts",0,"2026-09-18T19:53:32Z",0,2026-09-18 19:53:32,"Career Mode","MAN UTD FC 27 CAREER MODE! EPISODE 1","Mark Goldbridge"
"AtMIZq5ukD8","UgzQhTxHstZUekvGsFB4AaABAg","@Ben-r4e","UCGBAVodjHAnhFEFjpt-Ji-Q","So glad I didn't buy this game it looks absolutely wank",0,"2026-09-18T19:51:02Z",0,2026-09-18 19:51:02,"Career Mode","MAN UTD FC 27 CAREER MODE! EPISODE 1","Mark Goldbridge"
"AtMIZq5ukD8","Ugw81nGj485vyPecVa54AaABAg","@NELO0hh","UC9E8t3rQ3kcYXAj4-fEmGEQ","4:59 it didn’t take long 😂😂😂",31,"2026-09-18T19:38:53Z",0,2026-09-18 19:38:53,"Career Mode","MAN UTD FC 27 CAREER MODE! EPISODE 1","Mark Goldbridge"
"AtMIZq5ukD8","UgzafcQxCWJgsVGicKh4AaABAg","@anders003","UC0x0SQiR49Lupq8-YXQUrWg","Will mark only survive 1 season or more last time he only played 1 season",0,"2026-09-18T19:37:18Z",0,2026-09-18 19:37:18,"Career Mode","MAN UTD FC 27 CAREER MODE! EPISODE 1","Mark Goldbridge"
"AtMIZq5ukD8","UgyQTjOVhVpXsfyou2h4AaABAg","@Fourstew123","UC1Qq3Cmjksfe-1gLPN2xDAQ","15:17 Who bought the united stand again mark?",6,"2026-09-18T19:36:12Z",0,2026-09-18 19:36:12,"Career Mode","MAN UTD FC 27 CAREER MODE! EPISODE 1","Mark Goldbridge"
"AtMIZq5ukD8","UgzAUNUvHBg5RtxYcmh4AaABAg","@JustAnotherYTChannel1","UCtX6Mp0S-T3TK_Gd0w75ocg","Start again fresh from the start Mark when the game is actually released. Then delete this shit show 😂",0,"2026-09-18T19:36:02Z",0,2026-09-18 19:36:02,"Career Mode","MAN UTD FC 27 CAREER MODE! EPISODE 1","Mark Goldbridge"
"AtMIZq5ukD8","UgyKI-YK9TFHu-XMb6l4AaABAg","@dootwoot","UCXQ-MSM-wbjh9znx8MHh38A","Back to legendary mate",0,"2026-09-18T19:32:51Z",0,2026-09-18 19:32:51,"Career Mode","MAN UTD FC 27 CAREER MODE! EPISODE 1","Mark Goldbridge"
"AtMIZq5ukD8","Ugwte3AJGIX4xz50hTp4AaABAg","@yudhabagaskara98","UCOqxowAa3TyDXQCpOTJTjEQ","Equally shite",0,"2026-09-18T19:25:12Z",0,2026-09-18 19:25:12,"Career Mode","MAN UTD FC 27 CAREER MODE! EPISODE 1","Mark Goldbridge"
"AtMIZq5ukD8","UgyHvYLVVPYxidHSJBp4AaABAg","@JackAJ2603","UCmQU-o-LuVSc3PLA8nGxt8w","Had a good laugh watching this. Mark absolutely raging 🤣🤣",8,"2026-09-18T19:24:50Z",0,2026-09-18 19:24:50,"Career Mode","MAN UTD FC 27 CAREER MODE! EPISODE 1","Mark Goldbridge"
"AtMIZq5ukD8","UgxBcCbNcd4QFcUoaHh4AaABAg","@geleza_7-h9g","UCYt5TWdDS_OvzXgWJzt0JCg","you made my day brother 😂😂😂😂 damn",1,"2026-09-18T19:20:42Z",0,2026-09-18 19:20:42,"Career Mode","MAN UTD FC 27 CAREER MODE! EPISODE 1","Mark Goldbridge"
"AtMIZq5ukD8","UgzvtmZYd3xZPdBcxEt4AaABAg","@JW0082","UCcXEX9EeBXHA7PLTAoBSxeQ","FC25/6/7 is muck. 
Franchise died at FIFA20. After that, dead. Still terrible.",0,"2026-09-18T19:15:15Z",0,2026-09-18 19:15:15,"Career Mode","MAN UTD FC 27 CAREER MODE! EPISODE 1","Mark Goldbridge"
"AtMIZq5ukD8","UgwIjNS65KnFRQFBorV4AaABAg","@wholovesorangesoda4696","UCVV5nVEVvMR8z7eYLmWr6Hg","Some bugs in the career mode, mainly around contracts.",0,"2026-09-18T18:57:39Z",0,2026-09-18 18:57:39,"Career Mode","MAN UTD FC 27 CAREER MODE! EPISODE 1","Mark Goldbridge"
"AtMIZq5ukD8","UgyuEYLJiJvcc7LAdEF4AaABAg","@BrooksideFC","UCreeCw0rJE-C6QEXSz2peBQ","With the audio issue, switch up the monitoring settings on OBS or whichever you use for the gameplay sound. That should fix it if you can hear it. Monitoring might need to be on?",0,"2026-09-18T18:57:32Z",0,2026-09-18 18:57:32,"Career Mode","MAN UTD FC 27 CAREER MODE! EPISODE 1","Mark Goldbridge"
"AtMIZq5ukD8","UgwviFL8Rr2CsK7ep_x4AaABAg","@nimish_l5727","UCPwHkfpDXiW5OJ8jUHUJXeg","38:17 - IT WAS AT THIS MOMENT HE KNEW HE F'd UP🤣🤣",108,"2026-09-18T18:55:39Z",1,2026-09-18 18:55:39,"Career Mode","MAN UTD FC 27 CAREER MODE! EPISODE 1","Mark Goldbridge"
"AtMIZq5ukD8","UgzqsspT9gkgu4XLfA94AaABAg","@thereconguy7352","UC9uZaShP72VS7tAVi8UXWQg","Already see some issues, when a player is making a run on the wing you need to play a through ball or ground pass to them, they will run onto it and create space for someone to overlap or for them to cross to Sesko, also when your playing in midfield with Bruno instead of trying to go over the defense do a through ball to someone whos making a run, also when your making a tackle or trying to win the ball back I notice your trying to pay attention to the ball, focus on the players movement and direction and antipate the way they will move, you will become 99 percent better at tackling if you do",2,"2026-09-18T18:53:30Z",0,2026-09-18 18:53:30,"Career Mode","MAN UTD FC 27 CAREER MODE! EPISODE 1","Mark Goldbridge"
"AtMIZq5ukD8","UgwTInRi6qwaCk02iQV4AaABAg","@ndkhang3465","UCY3k-VdiwNQhXMTy6XvmkmQ","Suffering with the real life United is not enough, he has to go on Eafc and suffer even more",712,"2026-09-18T18:41:07Z",3,2026-09-18 18:41:07,"Career Mode","MAN UTD FC 27 CAREER MODE! EPISODE 1","Mark Goldbridge"
"AtMIZq5ukD8","Ugx3UU6ftIfGPoUT_st4AaABAg","@CWB010","UCSX2mEErhDvLJmNqeEAZ8cQ","He’s lost his head already",77,"2026-09-18T18:40:17Z",0,2026-09-18 18:40:17,"Career Mode","MAN UTD FC 27 CAREER MODE! EPISODE 1","Mark Goldbridge"
"AtMIZq5ukD8","UgzS26eyvXUTC-cH13R4AaABAg","@M3G4-362","UC32bDdYzYmGvarZ7Mm9xQTw","🤣🤣🤣",1,"2026-09-18T18:38:10Z",0,2026-09-18 18:38:10,"Career Mode","MAN UTD FC 27 CAREER MODE! EPISODE 1","Mark Goldbridge"
"AtMIZq5ukD8","Ugyd0Ac6lvra_UbOXX94AaABAg","@khaithefrogface","UCrf7mFBwTVhYbfVAfzTXGJA","Play on Authentic mark, is to fast gameplay",2,"2026-09-18T18:37:29Z",0,2026-09-18 18:37:29,"Career Mode","MAN UTD FC 27 CAREER MODE! EPISODE 1","Mark Goldbridge"
"AtMIZq5ukD8","UgxezgZwkP3cASooLCN4AaABAg","@rvanleersum","UCRkV6rCzLFyInXvvtJNrsCQ","Like the game, Mark hasn't gotten any better in many years. Same old story. He dribbles into checks, makes dumb passes, and hits wrong button frequently... And never his fault. Always the game and/or AI.",1,"2026-09-18T18:36:27Z",0,2026-09-18 18:36:27,"Career Mode","MAN UTD FC 27 CAREER MODE! EPISODE 1","Mark Goldbridge"
"AtMIZq5ukD8","UgyY3i4Sk0AdGT0emiN4AaABAg","@RSRgamer23","UCLDp5dTYbOMFEI70i_XX0Hw","He insulted beckhams son instead 😂",78,"2026-09-18T18:35:55Z",0,2026-09-18 18:35:55,"Career Mode","MAN UTD FC 27 CAREER MODE! EPISODE 1","Mark Goldbridge"
"AtMIZq5ukD8","Ugyvt_7UA8OGu3ax4VN4AaABAg","@redemption-ie1bj","UCr44HzA7DzC_Z79c8VJSWyA","Who’s that shit is that David Beckham? Shit? I’m sorry don’t tell Gary ha ha ha ha ha landed yourself in it there Mike love it. I’m glad. Glad you’re back fucking streaming mate. Wow wow I’m sorry. I’m sorry. Don’t tell Gary classic.",0,"2026-09-18T18:33:16Z",0,2026-09-18 18:33:16,"Career Mode","MAN UTD FC 27 CAREER MODE! EPISODE 1","Mark Goldbridge"
"AtMIZq5ukD8","UgwR3JaXInAzMicT-PJ4AaABAg","@deathbystereo-","UC178w3lWF-0wWTnmSrj_JGA","He had to run it past dad ( gary)",6,"2026-09-18T18:30:59Z",0,2026-09-18 18:30:59,"Career Mode","MAN UTD FC 27 CAREER MODE! EPISODE 1","Mark Goldbridge"
"AtMIZq5ukD8","UgyBJ2hG8l8sDnzRtLR4AaABAg","@scottvanmac","UCnsFxnUHUCTwaVslcQowOyg","Definitely can't hear the game....very quiet",7,"2026-09-18T18:29:53Z",0,2026-09-18 18:29:53,"Career Mode","MAN UTD FC 27 CAREER MODE! EPISODE 1","Mark Goldbridge"
"AtMIZq5ukD8","UgyMzsb3m6QSISL3jIl4AaABAg","@GB_249","UCtJKK2Q8sGIUnL-wh_Wf6-A","Goldbridge career mode, THE GAME IS SOOOOOO BACK!",17,"2026-09-18T18:29:26Z",0,2026-09-18 18:29:26,"Career Mode","MAN UTD FC 27 CAREER MODE! EPISODE 1","Mark Goldbridge"
"AtMIZq5ukD8","UgyhDPbx854bPf59bVF4AaABAg","@Gary-p7y8l","UCc01cD6V47gi4w6qXrjkhVQ","When theyre happy rating and if they have a shit game it changes",0,"2026-09-18T18:26:36Z",0,2026-09-18 18:26:36,"Career Mode","MAN UTD FC 27 CAREER MODE! EPISODE 1","Mark Goldbridge"
"AtMIZq5ukD8","UgxO1hYC0Q5OEwS9WdN4AaABAg","@davidthompson662","UCq7aKpzkrDVIKby_x1_ghbQ","I hope we don't fall into the trend of changing difficulties constantly, alot of people who watch you live are hate watchers and just want to see you lose. Play a difficulty that you are comfortable with and makes sure to keep up with the emails your player roles will not update unless you check them manually.",3,"2026-09-18T18:12:56Z",0,2026-09-18 18:12:56,"Career Mode","MAN UTD FC 27 CAREER MODE! EPISODE 1","Mark Goldbridge"
"AtMIZq5ukD8","UgxYkdQnbZfZSlYMdN54AaABAg","@IZO135","UCx9PF4Fjok0he-sPIClW5_w","I forgot this game existed😭😭",5,"2026-09-18T18:12:28Z",0,2026-09-18 18:12:28,"Career Mode","MAN UTD FC 27 CAREER MODE! EPISODE 1","Mark Goldbridge"
"AtMIZq5ukD8","UgxZ2KRgRxQdXmSrOLR4AaABAg","@jaydenquiroga2737","UCiiZVTjoFtEulshKm2LVW0Q","Surely It's because you have the headphones in",182,"2026-09-18T18:10:58Z",2,2026-09-18 18:10:58,"Career Mode","MAN UTD FC 27 CAREER MODE! EPISODE 1","Mark Goldbridge"
"AtMIZq5ukD8","UgwGHz1pcVzk9qIrkdV4AaABAg","@semi_radical","UCPYOatL0XK3Z4b0YefH3TaQ","Lore accurate united",2,"2026-09-18T18:10:27Z",0,2026-09-18 18:10:27,"Career Mode","MAN UTD FC 27 CAREER MODE! EPISODE 1","Mark Goldbridge"
"AtMIZq5ukD8","Ugxr1n7QBePgzl0y1u14AaABAg","@redemption-ie1bj","UCr44HzA7DzC_Z79c8VJSWyA","Do it from the main menu, not the game menu when you’re in a career mode I’ll do it from there. It won’t work.",1,"2026-09-18T18:10:23Z",0,2026-09-18 18:10:23,"Career Mode","MAN UTD FC 27 CAREER MODE! EPISODE 1","Mark Goldbridge"
"AtMIZq5ukD8","Ugz1pBOz8-acRnuRH9B4AaABAg","@redemption-ie1bj","UCr44HzA7DzC_Z79c8VJSWyA","Mark, go on your Settings audio you’ve got music off bro. I do it because the music is pretty rubbish that’s if you’ve ever turned it off and if your live streaming has restrictions then check the Settings game.",0,"2026-09-18T18:10:01Z",0,2026-09-18 18:10:01,"Career Mode","MAN UTD FC 27 CAREER MODE! EPISODE 1","Mark Goldbridge"
"AtMIZq5ukD8","Ugx2HuFTsFLDvpJbtrp4AaABAg","@dambo8416","UCMpt_MezjUGqCRKkohDfQpA","It’s the same game, yet again. Looks absolutely shite and so uninspiring.",7,"2026-09-18T18:07:21Z",0,2026-09-18 18:07:21,"Career Mode","MAN UTD FC 27 CAREER MODE! EPISODE 1","Mark Goldbridge"
"AtMIZq5ukD8","Ugys_0yh2czZl_Dafud4AaABAg","@JimmyP980","UCligCeZd9t19HtPgaNH-izA","Oh we are so back... 🥲🤣",0,"2026-09-18T18:06:42Z",0,2026-09-18 18:06:42,"Career Mode","MAN UTD FC 27 CAREER MODE! EPISODE 1","Mark Goldbridge"
"AtMIZq5ukD8","UgxKb1u9BTCCHMyzBXV4AaABAg","@kylemerckel1445","UCBTqh6_qOZaBePZidu4Yfkg","we are back with fc27 yayyyyyyy",1,"2026-09-18T18:00:51Z",0,2026-09-18 18:00:51,"Career Mode","MAN UTD FC 27 CAREER MODE! EPISODE 1","Mark Goldbridge"
"AtMIZq5ukD8","Ugww_-iRKyqH-4yPF3l4AaABAg","@Artetaschildrensboy","UC1lQLHjVQaFtZzS-tAbb_ag","Mark is the Carrick of fifa 😂😂😂",1,"2026-09-18T17:57:50Z",0,2026-09-18 17:57:50,"Career Mode","MAN UTD FC 27 CAREER MODE! EPISODE 1","Mark Goldbridge"
"AtMIZq5ukD8","UgwY_BM_Andz174vg854AaABAg","@Skorpion800","UCVfn2JIIvCxA8yoT6wnAunA","God the UX designers need to all be fired. It gets worse every year, how is that possible.",43,"2026-09-18T17:47:50Z",4,2026-09-18 17:47:50,"Career Mode","MAN UTD FC 27 CAREER MODE! EPISODE 1","Mark Goldbridge"
"AtMIZq5ukD8","UgwI7KZZwy0qVSw0IC54AaABAg","@buda7326","UCfxvkfPDGekEJGGcDZ9nvtg","In my 1st game Cunha and Mbeumo both got injured. I think injuries this season might be an issue, well until 1st patch at least",1,"2026-09-18T17:43:22Z",6,2026-09-18 17:43:22,"Career Mode","MAN UTD FC 27 CAREER MODE! EPISODE 1","Mark Goldbridge"
"AtMIZq5ukD8","UgwBQAevlosO_ej2BXF4AaABAg","@thehpn1097","UC-eEgQ93Ny55FDjWkiTMQlQ","Real life United like",0,"2026-09-18T17:40:34Z",0,2026-09-18 17:40:34,"Career Mode","MAN UTD FC 27 CAREER MODE! EPISODE 1","Mark Goldbridge"
"AtMIZq5ukD8","UgyaA03pjfEE4gkGl6Z4AaABAg","@wearegodsofolympus","UCRrJDUwduNzF1j2yc4zsPaA","leave it to bruno as hes been sent to the shops for a meal deal",3,"2026-09-18T17:29:19Z",0,2026-09-18 17:29:19,"Career Mode","MAN UTD FC 27 CAREER MODE! EPISODE 1","Mark Goldbridge"
"AtMIZq5ukD8","Ugw5fZza33Mgcfdp7Qd4AaABAg","@UnitedStand","UCMmVPVb0BwSIOWVeDwlPocQ","I will sort the game audio for next episide",300,"2026-09-18T17:28:11Z",7,2026-09-18 17:28:11,"Career Mode","MAN UTD FC 27 CAREER MODE! EPISODE 1","Mark Goldbridge"
"AtMIZq5ukD8","Ugyt05CPgDOSN2EUIaR4AaABAg","@ChelseaCFC77","UCrEC4gZJrhYMKiB5tZx9hrA","Just look at how sad the ""new"" game is. its literally been the same game for so many years now. just kit updates and nothing else",90,"2026-09-18T17:28:06Z",8,2026-09-18 17:28:06,"Career Mode","MAN UTD FC 27 CAREER MODE! EPISODE 1","Mark Goldbridge"
"AtMIZq5ukD8","UgyQC-GOlp7gudVcALd4AaABAg","@RANDOM_STUFF7-u9z","UC4X31PAAQ1MlSmu5DFKu4gw","I can hear the crowd np",1,"2026-09-18T17:27:45Z",0,2026-09-18 17:27:45,"Career Mode","MAN UTD FC 27 CAREER MODE! EPISODE 1","Mark Goldbridge"
"AtMIZq5ukD8","UgyuwrOnO-QOdOdo7wp4AaABAg","@Razor123aa","UCPjjHpYrfoHANd4ABMMTf-Q","Petition to get mark to play fut champs for one weekend",31,"2026-09-18T17:27:08Z",1,2026-09-18 17:27:08,"Career Mode","MAN UTD FC 27 CAREER MODE! EPISODE 1","Mark Goldbridge"
"AtMIZq5ukD8","UgyEIs-kJUG2GD9E4dd4AaABAg","@ChelseaCFC77","UCrEC4gZJrhYMKiB5tZx9hrA","bro might get the sack like carrick. won't make it past christmas",64,"2026-09-18T17:26:27Z",0,2026-09-18 17:26:27,"Career Mode","MAN UTD FC 27 CAREER MODE! EPISODE 1","Mark Goldbridge"
"AtMIZq5ukD8","UgxkxBzl7INRuE6rzwp4AaABAg","@United_Wings","UCNQhwnEMZYfa7rEO_15mhIw","GG",1,"2026-09-18T17:25:52Z",0,2026-09-18 17:25:52,"Career Mode","MAN UTD FC 27 CAREER MODE! EPISODE 1","Mark Goldbridge"
"EnXDvcc3TqM","UgxPb-VbN4TQJ1_yNk54AaABAg","@BFordLancer","UCNWgHP_0lBoB8QqECjZTgoQ","10,000 likes for episode 2 👀👍",164,"2026-09-20T13:54:31Z",11,2026-09-20 13:54:31,"Career Mode","I Takeover Chelsea in FC27 Career Mode!","BFordLancer"
"EnXDvcc3TqM","Ugysox6hrdHXac1u6kx4AaABAg","@ChessMuriithi","UC90u9WJcctetZ17Fdy5rcvg","VERY UNREALISTIC CAREER MODE LMAO.",0,"2026-09-23T12:57:38Z",1,2026-09-23 12:57:38,"Career Mode","I Takeover Chelsea in FC27 Career Mode!","BFordLancer"
"EnXDvcc3TqM","UgxlO-mh2irXVdTKw414AaABAg","@airsea314","UCYDQqDc0K0rmNYumJZ-HMlg","I love the gameplay bford, more of this",1,"2026-09-23T11:58:27Z",0,2026-09-23 11:58:27,"Career Mode","I Takeover Chelsea in FC27 Career Mode!","BFordLancer"
"EnXDvcc3TqM","UgyxBhBehrmvLSWeGlJ4AaABAg","@mehtabbajwa9951","UCk2DBVgNLM_-TIsKSliij1A","Sell Pedro Neto he's a fraud",0,"2026-09-23T09:59:32Z",0,2026-09-23 09:59:32,"Career Mode","I Takeover Chelsea in FC27 Career Mode!","BFordLancer"
"EnXDvcc3TqM","Ugz7lgIjxHzEZoUc7QF4AaABAg","@mwansachenda455","UC6yaduTjEYVXB47YOpout2A","It really hurts seeing Palmer on the left side whilst Rogers is in the right 😭
Even the cbs, why Is colwill on the right side",0,"2026-09-23T06:51:16Z",0,2026-09-23 06:51:16,"Career Mode","I Takeover Chelsea in FC27 Career Mode!","BFordLancer"
"EnXDvcc3TqM","Ugx_4dbTpDvUnUMYaJ54AaABAg","@hazimhazim9322","UCLqpUNy9n7g5GCRqLWqy_iQ","Try using Indonesian",1,"2026-09-23T05:22:32Z",0,2026-09-23 05:22:32,"Career Mode","I Takeover Chelsea in FC27 Career Mode!","BFordLancer"
"EnXDvcc3TqM","UgwbX02xaKdJ7-QzkF14AaABAg","@kertasandpena","UC_SuE6SYlqSQYh7wJDYd29g","20:16 For a full-back who is not widely known, he runs very fast, like a thief being chased by the police.",0,"2026-09-22T15:45:14Z",0,2026-09-22 15:45:14,"Career Mode","I Takeover Chelsea in FC27 Career Mode!","BFordLancer"
"EnXDvcc3TqM","UgyvtV7wsO7_atQCvN14AaABAg","@Leo-gm3gc","UCDhwq8xupaGP37COjl6MD2Q","Camera settings?",0,"2026-09-22T12:49:23Z",0,2026-09-22 12:49:23,"Career Mode","I Takeover Chelsea in FC27 Career Mode!","BFordLancer"
"EnXDvcc3TqM","Ugzqc9iNJvw1AoCyjbt4AaABAg","@jonaaqua9580","UC6AJP03K6lI8gXeqmfbfJzw","Difficulty? 😂😂😂😂",0,"2026-09-22T08:31:47Z",0,2026-09-22 08:31:47,"Career Mode","I Takeover Chelsea in FC27 Career Mode!","BFordLancer"
"EnXDvcc3TqM","Ugya6nVpeVIDLV-xEY94AaABAg","@Stephenhoops30","UC6YPXgBPsI0wTcSRouEVfzA","31:40 was a robbery",0,"2026-09-22T07:45:01Z",0,2026-09-22 07:45:01,"Career Mode","I Takeover Chelsea in FC27 Career Mode!","BFordLancer"
"EnXDvcc3TqM","UgxUYMeooiDLoCoDbKJ4AaABAg","@Oliverot-c9b","UC03ERdVL22OxWE8MxccLhZw","The fact that you play Mexican music everytime Quinones scores is crazy",1,"2026-09-22T07:22:37Z",1,2026-09-22 07:22:37,"Career Mode","I Takeover Chelsea in FC27 Career Mode!","BFordLancer"
"EnXDvcc3TqM","UgxAoaMVXs3iHpMCBBp4AaABAg","@Narizonee","UC93V3YuSaiBZaQoBt2PBQEw","Mexican viewer 🙋🏻‍♂️",0,"2026-09-22T07:15:32Z",0,2026-09-22 07:15:32,"Career Mode","I Takeover Chelsea in FC27 Career Mode!","BFordLancer"
"EnXDvcc3TqM","UgzN139R9pngddhM-WZ4AaABAg","@hakanyilmaz996","UCj2WhhKtOY-5Y9hjKHQbFUg","Why no sponsor on chelsea kit ?",0,"2026-09-22T05:41:48Z",0,2026-09-22 05:41:48,"Career Mode","I Takeover Chelsea in FC27 Career Mode!","BFordLancer"
"EnXDvcc3TqM","UgwPX6W5I-5bpuIihbd4AaABAg","@AuraPitchEditz","UCXloAtscZSRg5Ka2myRM-CQ","Do full grounds series",0,"2026-09-22T05:30:02Z",2,2026-09-22 05:30:02,"Career Mode","I Takeover Chelsea in FC27 Career Mode!","BFordLancer"
"EnXDvcc3TqM","UgyzEcareoiekGx7Tqd4AaABAg","@indukumari-zc5cs","UCAo-bZa28WHjCoZNW5EozEg","Bro play on legendary or ultimate difficulty",0,"2026-09-22T05:03:44Z",1,2026-09-22 05:03:44,"Career Mode","I Takeover Chelsea in FC27 Career Mode!","BFordLancer"
"EnXDvcc3TqM","Ugw48GJiyg94sZ487nB4AaABAg","@daanyaal1528","UCU1en-bVqEVL-zCqvm_jkiQ","If you sim the match you get more injuries then playing every game",0,"2026-09-22T00:19:01Z",0,2026-09-22 00:19:01,"Career Mode","I Takeover Chelsea in FC27 Career Mode!","BFordLancer"
"EnXDvcc3TqM","UgzqmDc2CwD91h0z57p4AaABAg","@ishakmess7643","UCGmiLqWuGSJ7fxigWbZOIBQ","The fuck are you doing dude chelsea have a great attacking trio for the future(rogers/joao/palmer) they don’t need vini at all ,plus quinones is a fucking striker hes not an attacking left back or left midfielder 🤦🏻‍♂️",0,"2026-09-21T23:22:56Z",0,2026-09-21 23:22:56,"Career Mode","I Takeover Chelsea in FC27 Career Mode!","BFordLancer"
"EnXDvcc3TqM","UgwtxosbcZtE1rAAADN4AaABAg","@d3nisoffc","UCzwbw0r3cZjs-GOht9Sx6Xg","You mistaken Maresca for Pep 😂 Cant even blame you they both got some shiny bald heads",0,"2026-09-21T23:06:16Z",0,2026-09-21 23:06:16,"Career Mode","I Takeover Chelsea in FC27 Career Mode!","BFordLancer"
"EnXDvcc3TqM","UgwvpxIy6crxXzhBxoJ4AaABAg","@louisbenitez-k8u","UCNg42URQ2S5YFoWXgVtKSCw","i can confirm you have mexican fans dale quinones 🇲🇽🇲🇽",0,"2026-09-21T22:35:25Z",0,2026-09-21 22:35:25,"Career Mode","I Takeover Chelsea in FC27 Career Mode!","BFordLancer"
"EnXDvcc3TqM","UgwZcaD6Qnsxc-5mLsN4AaABAg","@Aditzz10","UCaz4ucpq0opcd9CsOuPuZuQ","Crazy how caicedo is 87 overall while he s done absolutely nothing for football😂",0,"2026-09-21T20:42:48Z",0,2026-09-21 20:42:48,"Career Mode","I Takeover Chelsea in FC27 Career Mode!","BFordLancer"
"EnXDvcc3TqM","UgweEnQGFOCqKdSBnuJ4AaABAg","@scenxrioz2153","UCtZP2ODeai1rJ-FQGczmkHA","bford do you have your transfers on strict or lenient",0,"2026-09-21T18:32:35Z",0,2026-09-21 18:32:35,"Career Mode","I Takeover Chelsea in FC27 Career Mode!","BFordLancer"
"EnXDvcc3TqM","UgxtRlHxFsXObfeszRd4AaABAg","@MatanV009","UCnRxSS7LkWsqzxIhavZbltw","What are your camera and controller settings?",0,"2026-09-21T18:00:31Z",0,2026-09-21 18:00:31,"Career Mode","I Takeover Chelsea in FC27 Career Mode!","BFordLancer"
"EnXDvcc3TqM","UgziyUKL0KKjJNveuMZ4AaABAg","@fredynunez524","UC6_E2SALTDWReojaYIUSeTQ","LETS GOOOOO",0,"2026-09-21T17:48:26Z",0,2026-09-21 17:48:26,"Career Mode","I Takeover Chelsea in FC27 Career Mode!","BFordLancer"
"EnXDvcc3TqM","UgwHbvCKqfoVuEW32L54AaABAg","@Kngz.22","UCfwA7eMzON1xYPsgHj9_mwQ","9:53 so like chelsea irl",1,"2026-09-21T17:39:14Z",1,2026-09-21 17:39:14,"Career Mode","I Takeover Chelsea in FC27 Career Mode!","BFordLancer"
"EnXDvcc3TqM","UgxN5q0zB7fyoBWphx54AaABAg","@Harsh2309-l2t","UCyOXJ7es1ouzabaOYifCBPQ","Is it just me or BFord really looks like Ryan Reynolds",0,"2026-09-21T15:46:04Z",0,2026-09-21 15:46:04,"Career Mode","I Takeover Chelsea in FC27 Career Mode!","BFordLancer"
"EnXDvcc3TqM","Ugw6si1ZXb5HRg5SUNF4AaABAg","@estevanespinoza9428","UCp_G-1bhsVl32EW8rd9-XlA","Y si si 🇲🇽🇲🇽",0,"2026-09-21T15:30:38Z",0,2026-09-21 15:30:38,"Career Mode","I Takeover Chelsea in FC27 Career Mode!","BFordLancer"
"EnXDvcc3TqM","Ugwc6cVG_8Wul7I-cEp4AaABAg","@rpconway1973","UCbLIpbDt0o6YvC10JAf5mEA","Ima report this vid cause it made me watch 10 times it was too good",0,"2026-09-21T15:01:55Z",0,2026-09-21 15:01:55,"Career Mode","I Takeover Chelsea in FC27 Career Mode!","BFordLancer"
"EnXDvcc3TqM","UgyNwqNhJ0VfnmOwCm94AaABAg","@Wealth_chris","UC_wTEUOBxcLaiQ5owwjQsPw","Pronunciation of Lacroix is La crwer not lacroy",0,"2026-09-21T14:14:23Z",0,2026-09-21 14:14:23,"Career Mode","I Takeover Chelsea in FC27 Career Mode!","BFordLancer"
"EnXDvcc3TqM","UgwOKuYQkEFAVqDpwKh4AaABAg","@YanM6867","UCE3J9F5R6aV4gw4DaVFF4uA","UP THE CHELS",0,"2026-09-21T14:04:22Z",0,2026-09-21 14:04:22,"Career Mode","I Takeover Chelsea in FC27 Career Mode!","BFordLancer"
"EnXDvcc3TqM","UgxusiwI3L6SKfkEPXR4AaABAg","@Davi-t7h7t","UCFoIePlyr6OSiaKcQzHTl4Q","Yo bro i saw you played speed in 1v1🥹
you lost 5-1 tho😭",2,"2026-09-21T13:15:26Z",1,2026-09-21 13:15:26,"Career Mode","I Takeover Chelsea in FC27 Career Mode!","BFordLancer"
"EnXDvcc3TqM","UgxEIkqG_H7g6GbQooV4AaABAg","@3xclusive.kabelo","UCuUJ9hGbhSTKezn-aVUzorw","this guy is soo unrealistic",1,"2026-09-21T12:37:01Z",0,2026-09-21 12:37:01,"Career Mode","I Takeover Chelsea in FC27 Career Mode!","BFordLancer"
"EnXDvcc3TqM","UgyTN7Yq9PObwxcGpqZ4AaABAg","@lakshdhunputh1263","UCH4MoMCFHCmMItlNgGlersQ","Bro doesnt havr ball knowledge anymore, why buyihg more players when chelsea already bought 11 players this window, doesnt make sense",1,"2026-09-21T12:18:48Z",0,2026-09-21 12:18:48,"Career Mode","I Takeover Chelsea in FC27 Career Mode!","BFordLancer"
"EnXDvcc3TqM","UgztEPpE5b22HYQTNb14AaABAg","@yatfungcheung5939","UCIvDfoDNkye8Z2_rdgOHMNw","Breaking News, Bford to Chelsea. Here We Go, The American YouTube Content Creator is going to join Chelsea’s Managerial Team after the international break with high hopes from Xabi wanting the American to push the players forward in getting top 4 in pl this season",0,"2026-09-21T12:11:46Z",0,2026-09-21 12:11:46,"Career Mode","I Takeover Chelsea in FC27 Career Mode!","BFordLancer"
"EnXDvcc3TqM","Ugwm8IvHptoYQ2ajj_d4AaABAg","@denismcrath3400","UCAlPkrBon28eNMkZgoYVXWQ","What 3 icons you get went pre order the games career mode",0,"2026-09-21T11:46:33Z",0,2026-09-21 11:46:33,"Career Mode","I Takeover Chelsea in FC27 Career Mode!","BFordLancer"
"EnXDvcc3TqM","UgzHrbHllgrp5M05xZl4AaABAg","@Ghostline07","UCZdceBvTT_5UlAq35tok81A","Surprisingly no reece james injury 😭😂",1,"2026-09-21T10:54:09Z",0,2026-09-21 10:54:09,"Career Mode","I Takeover Chelsea in FC27 Career Mode!","BFordLancer"
"EnXDvcc3TqM","UgxaroILQv6UTYI2iJl4AaABAg","@Juniorwheelsadventures","UCgwZA5soUmZ0OxxIdF0o4QQ","Wow only 21 h ago",0,"2026-09-21T10:48:45Z",0,2026-09-21 10:48:45,"Career Mode","I Takeover Chelsea in FC27 Career Mode!","BFordLancer"
"EnXDvcc3TqM","Ugz_ZLVSNr5AZQ05sNB4AaABAg","@ZainHassanthegoat","UCg8qHfGqIGeQ4N85PZsjyVQ","1:30 no lacroix tiktok dance joke, BFord is gone 😞😞",0,"2026-09-21T10:34:03Z",1,2026-09-21 10:34:03,"Career Mode","I Takeover Chelsea in FC27 Career Mode!","BFordLancer"
"EnXDvcc3TqM","UgzctnysyLBBCNOOved4AaABAg","@iamSuperbloxx","UC9KgG6rY3E4ILF9G3ZWhQRA","0:012",0,"2026-09-21T10:12:17Z",0,2026-09-21 10:12:17,"Career Mode","I Takeover Chelsea in FC27 Career Mode!","BFordLancer"
"EnXDvcc3TqM","UgwetTKefBrO_Doh54l4AaABAg","@football360g","UCXlrNlwkyxLAC2qCNYH8VgA","Why not Man utd? 😂",0,"2026-09-21T08:23:58Z",0,2026-09-21 08:23:58,"Career Mode","I Takeover Chelsea in FC27 Career Mode!","BFordLancer"
"EnXDvcc3TqM","UgzViMXuPMvYcW8PH7d4AaABAg","@Rajwhite21","UCxr_bB6q_I8_CnH18OAnVHg","I can’t seem to get my game to work at all",0,"2026-09-21T07:47:46Z",1,2026-09-21 07:47:46,"Career Mode","I Takeover Chelsea in FC27 Career Mode!","BFordLancer"
"EnXDvcc3TqM","Ugx5bfhcNKQNr9XCuT14AaABAg","@riaanzaal2988","UCXu3JBGpuO709ya82ywne-A","Bros playing on begginer mode",0,"2026-09-21T07:27:49Z",0,2026-09-21 07:27:49,"Career Mode","I Takeover Chelsea in FC27 Career Mode!","BFordLancer"
"EnXDvcc3TqM","UgxPHPmATgnb8kT2jrh4AaABAg","@FulPlayz","UCOyFcCvAM5yCwvCCtPvPeaQ","5:41 BFord. Thiago Silva retired in Brazil not at Chelsea. Im not even sure if he is retired yet cause he might still be in Brazil.",0,"2026-09-21T06:28:50Z",0,2026-09-21 06:28:50,"Career Mode","I Takeover Chelsea in FC27 Career Mode!","BFordLancer"
"EnXDvcc3TqM","Ugx4q037uljgOwBjTch4AaABAg","@The-Weststand","UCoKjBYRXwZa4RSF1wq-hi0A","16:49it’s actually his celebration",4,"2026-09-21T05:56:45Z",1,2026-09-21 05:56:45,"Career Mode","I Takeover Chelsea in FC27 Career Mode!","BFordLancer"
"EnXDvcc3TqM","Ugx_YoPfVDFBG1aQ15l4AaABAg","@fw.williamss","UCguOFS_wc92x6NpbBt_q8BQ","5:44 Jake’s ball knowledge 😭 Silva is still playing at 42 in fluminese",6,"2026-09-21T05:33:02Z",0,2026-09-21 05:33:02,"Career Mode","I Takeover Chelsea in FC27 Career Mode!","BFordLancer"
"EnXDvcc3TqM","Ugx2d9hD_WZco3FTCPt4AaABAg","@fw.williamss","UCguOFS_wc92x6NpbBt_q8BQ","2:36 wtf did fc do bro, that’s not quinones wtf 😭",17,"2026-09-21T05:28:19Z",1,2026-09-21 05:28:19,"Career Mode","I Takeover Chelsea in FC27 Career Mode!","BFordLancer"
"EnXDvcc3TqM","UgwXKC6R_0v3dDwt6_N4AaABAg","@fw.williamss","UCguOFS_wc92x6NpbBt_q8BQ","Day 16 of asking Jake/Bford to play/replay the career of Jamal Musiala and to bring him to man city at some point.",0,"2026-09-21T05:23:50Z",0,2026-09-21 05:23:50,"Career Mode","I Takeover Chelsea in FC27 Career Mode!","BFordLancer"
"EnXDvcc3TqM","UgyuFTI2wNxDtYg2ft94AaABAg","@ZAX-824","UCt4AJ0ftQV_oGindIHJA0OA","“Who is disgusted of Indians” all of us 🌎🌍🌏",2,"2026-09-21T05:16:12Z",0,2026-09-21 05:16:12,"Career Mode","I Takeover Chelsea in FC27 Career Mode!","BFordLancer"
"EnXDvcc3TqM","UgwJlPZFo-XU9HmoFFp4AaABAg","@zippycomb0652","UCXgkUiuf-ApOwep6yxbVOig","10:07 nahhhh the music 😂😂😂😂😂😂🇲🇽❤",7,"2026-09-21T04:13:16Z",0,2026-09-21 04:13:16,"Career Mode","I Takeover Chelsea in FC27 Career Mode!","BFordLancer"
"EnXDvcc3TqM","Ugw_Hn5AI9DGhJLlYSR4AaABAg","@vexsrx5830","UCoGmcvpBztAPJbOcY99jEpQ","We need a fc 27 my career",0,"2026-09-21T03:46:46Z",0,2026-09-21 03:46:46,"Career Mode","I Takeover Chelsea in FC27 Career Mode!","BFordLancer"
"EnXDvcc3TqM","UgyQzwL3c07E6MCcoG14AaABAg","@GonzoMFahri","UCmbS4x7_E6wQB8qXglOINKw","where's our FOS sponsor?",0,"2026-09-21T03:32:40Z",0,2026-09-21 03:32:40,"Career Mode","I Takeover Chelsea in FC27 Career Mode!","BFordLancer"
"EnXDvcc3TqM","UgzW7bGB2pztYepWLGZ4AaABAg","@6767MtZ","UCPSHgM9g_Rd0znX33sux8-A","Mexican here thank you for bringing quiñones to a big club 🎉🎉🎉",0,"2026-09-21T03:13:20Z",0,2026-09-21 03:13:20,"Career Mode","I Takeover Chelsea in FC27 Career Mode!","BFordLancer"
"EnXDvcc3TqM","UgzlA5OVuJK6n7E4bn14AaABAg","@BonaventureSankale-s9n","UCknlfXNvbPYr8rNEqQx9aXg","I hate how you're not playing Palestra for one thing. Another, why would u sign vinni immediately after getting Rogers. And why are u playing Palmer on the left and Morgan on the right. And where do u intend on playing estevao after buying vinni. You need to think these ideas through man",0,"2026-09-21T02:50:22Z",0,2026-09-21 02:50:22,"Career Mode","I Takeover Chelsea in FC27 Career Mode!","BFordLancer"
"EnXDvcc3TqM","UgyuHolXOBg1KkrCant4AaABAg","@hypebossmia3477","UCHKdvM_1T2VOwl95-aYCCpw","Buy Summerville instead of vini",0,"2026-09-21T02:34:53Z",0,2026-09-21 02:34:53,"Career Mode","I Takeover Chelsea in FC27 Career Mode!","BFordLancer"
"EnXDvcc3TqM","UgyZtihDTfIy5HQPkmh4AaABAg","@JaydonStHill-b9g","UCMLxHGdqt77Aui756RISHow","Jah man",0,"2026-09-21T02:04:44Z",0,2026-09-21 02:04:44,"Career Mode","I Takeover Chelsea in FC27 Career Mode!","BFordLancer"
"EnXDvcc3TqM","UgySgExbwp7cgYJZ0ul4AaABAg","@Safari_223s","UCFlY0zLj1cKF6Zlqs1n7BcQ","You should let the computers play the games so the outcome is dependent on the managing not on you.",0,"2026-09-21T01:04:02Z",1,2026-09-21 01:04:02,"Career Mode","I Takeover Chelsea in FC27 Career Mode!","BFordLancer"
"EnXDvcc3TqM","Ugz_L28L9vxJjfuNO794AaABAg","@zakidzpro9688","UCHT3fB5p8d2E28c3N6y1mxw","Can u give me ur camera settings",0,"2026-09-21T00:37:25Z",0,2026-09-21 00:37:25,"Career Mode","I Takeover Chelsea in FC27 Career Mode!","BFordLancer"
"EnXDvcc3TqM","UgyK2p_0oDBMzClo--x4AaABAg","@HargunSingh11-7","UCrVgZ5GV8oSXkZ781GpO6Aw","Guys what camera angle is that plz let me know 😅",0,"2026-09-21T00:30:42Z",0,2026-09-21 00:30:42,"Career Mode","I Takeover Chelsea in FC27 Career Mode!","BFordLancer"
"EnXDvcc3TqM","Ugw_TPOyHngMDd7m7FB4AaABAg","@kingtshilobo1849","UCtY_luoKDU_QJv4Rue88fgw","Does everyone finally have in game commentary names?Estavao, Gittens, Hato and Colwill?",0,"2026-09-21T00:22:57Z",1,2026-09-21 00:22:57,"Career Mode","I Takeover Chelsea in FC27 Career Mode!","BFordLancer"
"EnXDvcc3TqM","UgwyMlNyOX2JezovFhR4AaABAg","@Blueisthecolorrr","UCBaaAKJJsF_dG3QeyAoiwMQ","this AI is too dumm to be released in 2026",0,"2026-09-20T23:13:45Z",0,2026-09-20 23:13:45,"Career Mode","I Takeover Chelsea in FC27 Career Mode!","BFordLancer"
"EnXDvcc3TqM","Ugw31mqo0LwSiRMkztJ4AaABAg","@Blueisthecolorrr","UCBaaAKJJsF_dG3QeyAoiwMQ","the Negotiating AI so dumm",0,"2026-09-20T23:01:42Z",0,2026-09-20 23:01:42,"Career Mode","I Takeover Chelsea in FC27 Career Mode!","BFordLancer"
"EnXDvcc3TqM","UgyzP3vqaoR9ics27xt4AaABAg","@Kobyiie","UC-zyh2EgPZP3MstqVmitnAw","How do you say ""Cole Palmers Celebration"" knowing theyre best mates and its both theyre celebrations",0,"2026-09-20T22:12:10Z",0,2026-09-20 22:12:10,"Career Mode","I Takeover Chelsea in FC27 Career Mode!","BFordLancer"
"EnXDvcc3TqM","UgyeNZSx_3Tj9BfhP2N4AaABAg","@Kobyiie","UC-zyh2EgPZP3MstqVmitnAw","FC need to patch this injury BS",0,"2026-09-20T22:10:49Z",0,2026-09-20 22:10:49,"Career Mode","I Takeover Chelsea in FC27 Career Mode!","BFordLancer"
"EnXDvcc3TqM","Ugz4Ywe7Ra46jna55_d4AaABAg","@thatguy-r3b","UC8JbhPzt00P2jD5lTeD8hOg","Do Liverpool next pleasee",0,"2026-09-20T22:02:51Z",0,2026-09-20 22:02:51,"Career Mode","I Takeover Chelsea in FC27 Career Mode!","BFordLancer"
"EnXDvcc3TqM","UgwvA8PU6SkSG2OSGx14AaABAg","@israeladebayo3933","UCPThbFb_pvzhpoAz7LovFJw","Pls do more of this.",0,"2026-09-20T21:14:30Z",0,2026-09-20 21:14:30,"Career Mode","I Takeover Chelsea in FC27 Career Mode!","BFordLancer"
"EnXDvcc3TqM","UgzFS9PmQImIAgZjd814AaABAg","@MalekElebshihy","UCuNEGVgxePDesmqfyVbJYDA","Please do a career replay of Mo Salah",0,"2026-09-20T20:45:07Z",0,2026-09-20 20:45:07,"Career Mode","I Takeover Chelsea in FC27 Career Mode!","BFordLancer"
"EnXDvcc3TqM","UgwmeUTAt_nx1KArN154AaABAg","@mohammadvahid3515","UCtu2oyUWWzAkeM42agLcqMQ","What camera angle is this?",0,"2026-09-20T20:42:31Z",0,2026-09-20 20:42:31,"Career Mode","I Takeover Chelsea in FC27 Career Mode!","BFordLancer"
"EnXDvcc3TqM","UgzmIUKpAiOTzAAqztJ4AaABAg","@Twinyresa-321","UCwOub32-FipUZBjHICtRiNw","17:09 ""why's spurs attack so good, this game is unrealistic""",4,"2026-09-20T20:36:34Z",1,2026-09-20 20:36:34,"Career Mode","I Takeover Chelsea in FC27 Career Mode!","BFordLancer"
"EnXDvcc3TqM","UgwUJFFVYY39sWr0Or14AaABAg","@cesc188","UCQL7LxLuZzmf9pL8KQxyqgA","crazy i started watching you 2021 when you rebuild chelsea",0,"2026-09-20T20:35:54Z",0,2026-09-20 20:35:54,"Career Mode","I Takeover Chelsea in FC27 Career Mode!","BFordLancer"
"EnXDvcc3TqM","UgzgBY58UK2F9eod8_14AaABAg","@aobakweramalosa9673","UCEhe9vYQeS58HY6jbnkBN7w","Sign El Mala sell Gittens. Sign Lamine Camara (Monaco) and  Kone from Roma",0,"2026-09-20T20:13:11Z",0,2026-09-20 20:13:11,"Career Mode","I Takeover Chelsea in FC27 Career Mode!","BFordLancer"
"EnXDvcc3TqM","Ugye3gnHNgzNyltUzdN4AaABAg","@iainagraham9504","UCxmwrOVBSwrC2SxoWYf9Mww","Always a great day when you upload a new video, and it's great to see you uploading FC content again as I always enjoyed watching all of your older FIFA content.  Great first video, hopefully more to come.  Can't wait to see what other FC 27 content you bring out over the course of the game cycle",0,"2026-09-20T20:12:41Z",0,2026-09-20 20:12:41,"Career Mode","I Takeover Chelsea in FC27 Career Mode!","BFordLancer"
"EnXDvcc3TqM","UgwhdHhUEZiSsq6qFHt4AaABAg","@aobakweramalosa9673","UCEhe9vYQeS58HY6jbnkBN7w","Turn Estevao and Quenda to CAM so that they can be back ups for Rogers and Palmer.",0,"2026-09-20T20:10:52Z",0,2026-09-20 20:10:52,"Career Mode","I Takeover Chelsea in FC27 Career Mode!","BFordLancer"
"EnXDvcc3TqM","Ugz4ZkrxmZSxCFKw7Et4AaABAg","@Edelebaldock","UCp3RY7VqGAfVzylK2EKsaPw","whats playing on your tv",1,"2026-09-20T19:52:29Z",0,2026-09-20 19:52:29,"Career Mode","I Takeover Chelsea in FC27 Career Mode!","BFordLancer"
"EnXDvcc3TqM","Ugzd5pnIRDc2aEcYsw94AaABAg","@lukeburton176","UCn3zihPD61C7SxS7UZj3IlA","Is the mobile fifa the graphics look shit",0,"2026-09-20T19:48:49Z",0,2026-09-20 19:48:49,"Career Mode","I Takeover Chelsea in FC27 Career Mode!","BFordLancer"
"EnXDvcc3TqM","UgyfI1J5Wugepn4To4Z4AaABAg","@Ben-e2o8x","UCzAHGsSJ4O6Lg8EjH_4EAEQ","No ball knowledge 😭😭",0,"2026-09-20T19:45:36Z",0,2026-09-20 19:45:36,"Career Mode","I Takeover Chelsea in FC27 Career Mode!","BFordLancer"
"EnXDvcc3TqM","UgwkwRTjw50mkmr78zd4AaABAg","@planb788","UCNDG4KpNOwZHiYbTsbTvVsQ","My goat quiñones 🇲🇽",0,"2026-09-20T19:32:39Z",0,2026-09-20 19:32:39,"Career Mode","I Takeover Chelsea in FC27 Career Mode!","BFordLancer"
"EnXDvcc3TqM","UgxmNQFeslttt1H1BnB4AaABAg","@GragothGames","UCTa0qWZxPoAZo2DSXKTRE6w","Pitch feels small",0,"2026-09-20T18:19:43Z",0,2026-09-20 18:19:43,"Career Mode","I Takeover Chelsea in FC27 Career Mode!","BFordLancer"
"EnXDvcc3TqM","UgzCPTSlDkV7Wb65GZF4AaABAg","@K10.COLDEDITZ","UC3JCO6wzfZn-MLVm3KYAlkw","Bro got rid if palestra 😮😮 the best defender in serie a last year",0,"2026-09-20T18:18:18Z",0,2026-09-20 18:18:18,"Career Mode","I Takeover Chelsea in FC27 Career Mode!","BFordLancer"
"EnXDvcc3TqM","UgyRqMQgN8yUdGXkYMN4AaABAg","@riperson-dt5xi","UCxiqtgdQJkyeAKHwCbtP5nw","Bro love the Chelsea career pls bring out a season 2",0,"2026-09-20T18:14:25Z",0,2026-09-20 18:14:25,"Career Mode","I Takeover Chelsea in FC27 Career Mode!","BFordLancer"
"EnXDvcc3TqM","UgwdSgaaK44hdhA8PUJ4AaABAg","@Creteboy7","UCSOMp-sHePbjRCfwgt_imUw","i love that you are playing some of the games,makes the video so much better🔥🔥",0,"2026-09-20T18:13:11Z",0,2026-09-20 18:13:11,"Career Mode","I Takeover Chelsea in FC27 Career Mode!","BFordLancer"
"EnXDvcc3TqM","UgyuPnG9G3PDC_TaGYB4AaABAg","@benito456","UCfH8XqHztelFo2u3tLXDNvw","The manager is older than my whole bloodline 😭😭😭",1,"2026-09-20T18:04:37Z",0,2026-09-20 18:04:37,"Career Mode","I Takeover Chelsea in FC27 Career Mode!","BFordLancer"
"EnXDvcc3TqM","Ugx5WTpfNKLCihOByFF4AaABAg","@DefaultSetting-s2v","UCR9Km--NyxRkjzWyC7I6pCg","11:22 67",0,"2026-09-20T18:00:57Z",0,2026-09-20 18:00:57,"Career Mode","I Takeover Chelsea in FC27 Career Mode!","BFordLancer"
"EnXDvcc3TqM","Ugzjg8Z6jvE5zESu53B4AaABAg","@Ismael-p6e8t","UCtY8haF2atxxtlDcGhOWgzg","Does 50% mexican count",0,"2026-09-20T17:52:07Z",0,2026-09-20 17:52:07,"Career Mode","I Takeover Chelsea in FC27 Career Mode!","BFordLancer"
"EnXDvcc3TqM","UgyYF7fQDmeqb0KeQPt4AaABAg","@ZoneGeesSquad","UCuUVRVkKhcVPQbxB2Wuc70g","Back three in fc 💩",0,"2026-09-20T17:51:00Z",0,2026-09-20 17:51:00,"Career Mode","I Takeover Chelsea in FC27 Career Mode!","BFordLancer"
"EnXDvcc3TqM","UgwOOYSboRge7djSty14AaABAg","@ZvenoBlox","UCbcqswjO7aU-GdSnsEqoVpQ","25:38 pelvis injury 😭😭",13,"2026-09-20T17:47:01Z",1,2026-09-20 17:47:01,"Career Mode","I Takeover Chelsea in FC27 Career Mode!","BFordLancer"
"EnXDvcc3TqM","Ugzfm291D6kIlSU73ER4AaABAg","@andromedaghostgames","UCTfgHTQ7ifCwHozEBcxxhAw","Struggling with defence? Just like the real Chelsea too. 😅🙌💔my club is not doing so good in that department",0,"2026-09-20T17:39:46Z",0,2026-09-20 17:39:46,"Career Mode","I Takeover Chelsea in FC27 Career Mode!","BFordLancer"
"EnXDvcc3TqM","Ugyw1c3Bj8Qd-jWQWA94AaABAg","@Dianne-s4s","UCgDajI-RoFN1jhsWlMYKAPw","I love bfords videos been watching fir 8 years",0,"2026-09-20T17:39:43Z",0,2026-09-20 17:39:43,"Career Mode","I Takeover Chelsea in FC27 Career Mode!","BFordLancer"
"EnXDvcc3TqM","Ugy03xKbTu3K92rGDEt4AaABAg","@movirgala","UCSBQJU0_Z7Ix691Bw_4EJUw","Bruh penders was there😅😅 you ignored him 😂 😒",0,"2026-09-20T17:36:21Z",0,2026-09-20 17:36:21,"Career Mode","I Takeover Chelsea in FC27 Career Mode!","BFordLancer"
"EnXDvcc3TqM","Ugydvb5p2KYXZ6a0Bmh4AaABAg","@Keyticker","UCQ1qB78BDpiPkMvwLeIKBoA","W career mode love the vids ❤",0,"2026-09-20T17:30:25Z",0,2026-09-20 17:30:25,"Career Mode","I Takeover Chelsea in FC27 Career Mode!","BFordLancer"
"EnXDvcc3TqM","UgwfHYHtN1tcZ8vPrMd4AaABAg","@ZoneGeesSquad","UCuUVRVkKhcVPQbxB2Wuc70g","you just earned a subscriber my first video seeing you love it mate",0,"2026-09-20T17:28:18Z",1,2026-09-20 17:28:18,"Career Mode","I Takeover Chelsea in FC27 Career Mode!","BFordLancer"
"EnXDvcc3TqM","UgwLNvO3e01t2bHv7XR4AaABAg","@ZvenoBlox","UCbcqswjO7aU-GdSnsEqoVpQ","8:34 camera mode name?",2,"2026-09-20T17:26:14Z",0,2026-09-20 17:26:14,"Career Mode","I Takeover Chelsea in FC27 Career Mode!","BFordLancer"
"EnXDvcc3TqM","Ugwcy5c5xZbCZNLyuxx4AaABAg","@Mateo-m4b","UCbo3GvbCgyTq_TH49j-Irhw","W bford  for bringing quiñones to Chelsea viva México and lets go Chelsea 
there now wining the premier league",0,"2026-09-20T17:25:11Z",0,2026-09-20 17:25:11,"Career Mode","I Takeover Chelsea in FC27 Career Mode!","BFordLancer"
"EnXDvcc3TqM","UgwKjqsKR3q6hVojB7V4AaABAg","@rayha_n10","UCDJtjLJ87N6OxhvaCL2735Q","My bro is older than Adam",0,"2026-09-20T17:20:25Z",0,2026-09-20 17:20:25,"Career Mode","I Takeover Chelsea in FC27 Career Mode!","BFordLancer"
"EnXDvcc3TqM","UgxCKwkV5SW6ofbGJ814AaABAg","@Henry-g1s7b","UCyYV2q5NJYoqP-hnEvxPIEA","The manager was the face scan for him 😂",0,"2026-09-20T17:11:30Z",0,2026-09-20 17:11:30,"Career Mode","I Takeover Chelsea in FC27 Career Mode!","BFordLancer"
"EnXDvcc3TqM","UgyWcI3zZSHQI6mJitx4AaABAg","@bossbaby4466-l3d","UCJSTQRneFj-bmToMdBRDK1g","paez is ecuadorian, my boi",2,"2026-09-20T17:04:56Z",1,2026-09-20 17:04:56,"Career Mode","I Takeover Chelsea in FC27 Career Mode!","BFordLancer"
"EnXDvcc3TqM","UgwOeJun_ClbGxcTdIF4AaABAg","@dylansousa5571","UCudW5tjH0ryO_CHM3ID7xBQ","Great video",0,"2026-09-20T16:57:12Z",0,2026-09-20 16:57:12,"Career Mode","I Takeover Chelsea in FC27 Career Mode!","BFordLancer"
"EnXDvcc3TqM","Ugx5bhmpYibWBJV0Jsp4AaABAg","@KIRA_088","UCGpBPzfw2P1dBrDY7jAJLdA","Finally an fc creator who is a fan of my club too",7,"2026-09-20T16:53:48Z",3,2026-09-20 16:53:48,"Career Mode","I Takeover Chelsea in FC27 Career Mode!","BFordLancer"
"EnXDvcc3TqM","UgwBe09P8gbBOKe-By54AaABAg","@Josh-184","UCDuXPD17u5eC3A27J0HcZDg","8:59 anyone playing 3 at the back with Chelsea and not putting Hato as the left sided CB and  Lacroix as the right sided CB is crazy 😂😂",34,"2026-09-20T16:49:41Z",1,2026-09-20 16:49:41,"Career Mode","I Takeover Chelsea in FC27 Career Mode!","BFordLancer"
"EnXDvcc3TqM","Ugwk8MvrU7ynDZVPu5R4AaABAg","@AidenMens","UCf8B5pIoZuJGLcOoynNG3pw","We want more bro",0,"2026-09-20T16:49:03Z",0,2026-09-20 16:49:03,"Career Mode","I Takeover Chelsea in FC27 Career Mode!","BFordLancer"
"EnXDvcc3TqM","UgzjwobCw_IJV3C-Z3x4AaABAg","@Pando1773","UCov-oSaTSAwrfpkmaSBa7AQ","11:15 ngl doing this just ruins the game. Just don’t buy players like vini coz its just so unrealistic as well as i say ur first season u shouldn’t make new signings as its starting like it would irl. but none the less decent vid",2,"2026-09-20T16:45:05Z",1,2026-09-20 16:45:05,"Career Mode","I Takeover Chelsea in FC27 Career Mode!","BFordLancer"
"EnXDvcc3TqM","Ugw57JIjou9dKe_6nqR4AaABAg","@Xenon3Æ","UCZkTmUBR0NqJWbzgaKEx5tw","17:22 the eyebrows lol 😂",1,"2026-09-20T16:43:17Z",0,2026-09-20 16:43:17,"Career Mode","I Takeover Chelsea in FC27 Career Mode!","BFordLancer"
"EnXDvcc3TqM","Ugw_xPP8X2A16RTr5ll4AaABAg","@Donnyollie09","UCHFnibdA2PgZkb8-4dBrWxg","22:06 🤔🤔🤔 thats not pep thats the snake maresca",9,"2026-09-20T16:36:11Z",0,2026-09-20 16:36:11,"Career Mode","I Takeover Chelsea in FC27 Career Mode!","BFordLancer"
"EnXDvcc3TqM","UgzNQsNEro81aGtWpbB4AaABAg","@MVNR14","UCkxugn1hXHLNe9G2gVSLq0Q","i think you should play palmer at left cam , you can use his finesse shots this would also help as he is left footed , also rogers on the left would be better",0,"2026-09-20T16:28:22Z",0,2026-09-20 16:28:22,"Career Mode","I Takeover Chelsea in FC27 Career Mode!","BFordLancer"
"EnXDvcc3TqM","UgxpVmMa61DR7IPi4ER4AaABAg","@Zaydoun_Palmer","UCBTx1luFkJxE1GaPg5QSk8Q","chelsea",0,"2026-09-20T16:26:03Z",0,2026-09-20 16:26:03,"Career Mode","I Takeover Chelsea in FC27 Career Mode!","BFordLancer"
"EnXDvcc3TqM","UgwQw0rIfbP3p8sNUaZ4AaABAg","@altaafadams","UCBC7dxf02FIMa7l7HGuNqUA","I swear bro called maresca ""pep"" 😂😂",0,"2026-09-20T16:13:32Z",0,2026-09-20 16:13:32,"Career Mode","I Takeover Chelsea in FC27 Career Mode!","BFordLancer"
"EnXDvcc3TqM","Ugz_APQfYCuCStqP_-94AaABAg","@JOAOPEDROGLAZER","UCR2KZ3icT_S_gnUzY8idpeA","Bford what are your camera settings❤",0,"2026-09-20T16:11:33Z",1,2026-09-20 16:11:33,"Career Mode","I Takeover Chelsea in FC27 Career Mode!","BFordLancer"
"EnXDvcc3TqM","UgwZR8ieiCKtRY3x6yh4AaABAg","@JacobTownsend-i6p","UCemk_ZEwzGx4xu0P76uX0dg","Ive got to shake hands with pep you mean enzo marescia 😂",0,"2026-09-20T15:58:45Z",0,2026-09-20 15:58:45,"Career Mode","I Takeover Chelsea in FC27 Career Mode!","BFordLancer"
"EnXDvcc3TqM","Ugx4ntuYzK7tIebMUGB4AaABAg","@Cain915","UC_b7jqZWBgjrfm-Z8dqlXuA","Banger vid could u do a Newcastle career mode after Chelsea's?",0,"2026-09-20T15:55:02Z",0,2026-09-20 15:55:02,"Career Mode","I Takeover Chelsea in FC27 Career Mode!","BFordLancer"
"EnXDvcc3TqM","UgwVFMiGpOOLYDbdrtx4AaABAg","@Petra-f7z","UCXRAdJ3owKyh_kDN3crm8Pg","Bro actual goat :world class;)",0,"2026-09-20T15:44:30Z",0,2026-09-20 15:44:30,"Career Mode","I Takeover Chelsea in FC27 Career Mode!","BFordLancer"
"EnXDvcc3TqM","UgxcWzsoqiJMdiUsfjp4AaABAg","@senatorarmstrong4168","UCV2TDce3YvwD6FR0g42K3Pw","Mexican viewer here",1,"2026-09-20T15:43:57Z",1,2026-09-20 15:43:57,"Career Mode","I Takeover Chelsea in FC27 Career Mode!","BFordLancer"
"EnXDvcc3TqM","UgwTUq6JNPVc7a8GDh94AaABAg","@WXYK-k","UC2_RQ1VOTHGp7Tx9FMAg6XQ","Can anyone game share me fc27 pls am on ps5",0,"2026-09-20T15:43:04Z",0,2026-09-20 15:43:04,"Career Mode","I Takeover Chelsea in FC27 Career Mode!","BFordLancer"
"EnXDvcc3TqM","UgyTUd7zgManb2eKMzt4AaABAg","@ihatearsenal-u3c","UCrovnFIFX-RqXMwuppwyumA","22:05 that's NOT pep 😭😭",0,"2026-09-20T15:28:58Z",0,2026-09-20 15:28:58,"Career Mode","I Takeover Chelsea in FC27 Career Mode!","BFordLancer"
"EnXDvcc3TqM","UgxQEl4vNcVqMhgLaUV4AaABAg","@AbdulrahmanAlAli-y8w","UC1Nn0FmmWCsV8ZKmqv-qLcA","Hey Jake",0,"2026-09-20T15:26:34Z",1,2026-09-20 15:26:34,"Career Mode","I Takeover Chelsea in FC27 Career Mode!","BFordLancer"
"EnXDvcc3TqM","Ugwc4p7cMEYmHl6TMtt4AaABAg","@waylin.0t2","UCFRpD72VkKFCg4wJxoiSOcQ","Bro the player face of quiniores does not look like him",1,"2026-09-20T15:21:29Z",0,2026-09-20 15:21:29,"Career Mode","I Takeover Chelsea in FC27 Career Mode!","BFordLancer"
"EnXDvcc3TqM","Ugw5NWrvxaSz82Zoxgx4AaABAg","@RaidGamingofficial-k95","UCZN1vtcG-2qPG3G0af4jSIA","Up the Chels!🔵🔵",1,"2026-09-20T15:19:55Z",0,2026-09-20 15:19:55,"Career Mode","I Takeover Chelsea in FC27 Career Mode!","BFordLancer"
"EnXDvcc3TqM","UgxERCBn4RX9qZ1I1SV4AaABAg","@KratosTantan","UCxNUrN0a9g_II3H_Ma1LQYw","Why does everyone have blue eyebrows 😭😭",0,"2026-09-20T15:19:13Z",0,2026-09-20 15:19:13,"Career Mode","I Takeover Chelsea in FC27 Career Mode!","BFordLancer"
"EnXDvcc3TqM","Ugzc4Qn807lY1Pg6QNJ4AaABAg","@Serenadesactum","UCHJ_A9jO3sQ7Fgwlk7cXC4w","This was so fun but tense at the same time 😂🎉",3,"2026-09-20T15:18:53Z",0,2026-09-20 15:18:53,"Career Mode","I Takeover Chelsea in FC27 Career Mode!","BFordLancer"
"EnXDvcc3TqM","Ugx5ltP9W3cyHW4-YeB4AaABAg","@ihatearsenal-u3c","UCrovnFIFX-RqXMwuppwyumA","You have to sign a center mid 
James ain't a CM",0,"2026-09-20T15:16:33Z",0,2026-09-20 15:16:33,"Career Mode","I Takeover Chelsea in FC27 Career Mode!","BFordLancer"
"EnXDvcc3TqM","UgxD_lJ9inVlbgZ80NN4AaABAg","@harry_maguire934","UCy3Nnfpd3VxXtyAJuhAJ1Kw","My fav Prem team",0,"2026-09-20T15:08:06Z",0,2026-09-20 15:08:06,"Career Mode","I Takeover Chelsea in FC27 Career Mode!","BFordLancer"
"EnXDvcc3TqM","UgzrTWvaLnaI-MP243p4AaABAg","@GiftKhumalo-p3k","UC08xWswphC48eLAruBZo02g","JP MORGAN sounds better",0,"2026-09-20T15:05:20Z",0,2026-09-20 15:05:20,"Career Mode","I Takeover Chelsea in FC27 Career Mode!","BFordLancer"
"EnXDvcc3TqM","UgxdILTlGRCdgHYPX8R4AaABAg","@EchoLounge-e2k","UCmjp8TMDRHQmn53ysSYYKrQ","Petition to bring back FIFA 22 like player acreer modes with neymar,messi,ronaldo,and  even garnacho.(Sign it).",0,"2026-09-20T14:58:05Z",0,2026-09-20 14:58:05,"Career Mode","I Takeover Chelsea in FC27 Career Mode!","BFordLancer"
"EnXDvcc3TqM","UgwelmbLwV3ug_wlTLJ4AaABAg","@raoufzibra7522","UCYd-7L-Qox3L7KWsQEkDaSQ","22:04 no way he even confused Maresca for Pep",125,"2026-09-20T14:55:21Z",3,2026-09-20 14:55:21,"Career Mode","I Takeover Chelsea in FC27 Career Mode!","BFordLancer"
"EnXDvcc3TqM","UgxlOx-PXp6dmEpN9Dl4AaABAg","@Leviah-s6m","UCTJcRWhw4GzaKLLd8hbRnMQ","Vaaaaaaaaaaaa so funny",0,"2026-09-20T14:53:54Z",0,2026-09-20 14:53:54,"Career Mode","I Takeover Chelsea in FC27 Career Mode!","BFordLancer"
"EnXDvcc3TqM","UgwTGG69QpSjvwuzKLZ4AaABAg","@TrashcanFn","UCpf0rNwz_Zwx9YNQPPAgMFQ","Jesus loves you, God bless! ❤️",0,"2026-09-20T14:34:22Z",0,2026-09-20 14:34:22,"Career Mode","I Takeover Chelsea in FC27 Career Mode!","BFordLancer"
"EnXDvcc3TqM","UgxcHDPIcOW9HrK6FuJ4AaABAg","@NelsonEgya-u2z","UCMjF5wKd9iAcPvfSEEU2D8Q","His videos are bangers",0,"2026-09-20T14:31:53Z",1,2026-09-20 14:31:53,"Career Mode","I Takeover Chelsea in FC27 Career Mode!","BFordLancer"
"EnXDvcc3TqM","UgwdvEPR4bVyT0TCc3R4AaABAg","@yxxiip","UCyEO-yFFd8wFFnheeyGQ8rQ","manager is a wannabe Na Hwa Jin 😭(those who know)",1,"2026-09-20T14:28:05Z",0,2026-09-20 14:28:05,"Career Mode","I Takeover Chelsea in FC27 Career Mode!","BFordLancer"
"EnXDvcc3TqM","Ugzl8N2EuO06-ckUuYB4AaABAg","@AlfredEthanKuzanga","UCAtGLsMzD6VArNAleQ1hhOQ","That manager looks like Maguire",0,"2026-09-20T14:25:36Z",0,2026-09-20 14:25:36,"Career Mode","I Takeover Chelsea in FC27 Career Mode!","BFordLancer"
"EnXDvcc3TqM","UgzD45WafMQmOkaI77h4AaABAg","@Mustafa-f5e9v","UCLyOnP90rmEWC-3CPnJI_KA","s2g struggling to try making any signings
while bfordlancer ......",60,"2026-09-20T14:18:01Z",3,2026-09-20 14:18:01,"Career Mode","I Takeover Chelsea in FC27 Career Mode!","BFordLancer"
"EnXDvcc3TqM","Ugw3kLi7BxqnYcCwey54AaABAg","@sadaticonic","UC73HTXxG_b6HjXadr9GbRNA","28:26  bro could have just played penders",35,"2026-09-20T14:17:06Z",0,2026-09-20 14:17:06,"Career Mode","I Takeover Chelsea in FC27 Career Mode!","BFordLancer"
"EnXDvcc3TqM","UgwuCpJOoKr7MUCdv7J4AaABAg","@Stitchthathead","UC12Z2bn69EIhMzJyX4n25aQ","Why did you not start estvow",0,"2026-09-20T14:16:15Z",0,2026-09-20 14:16:15,"Career Mode","I Takeover Chelsea in FC27 Career Mode!","BFordLancer"
"EnXDvcc3TqM","Ugxd3FYN76T6gyYFjLd4AaABAg","@danielletchanque1441","UCR91HSkZPUJ49v2JJXWroMA","B Ford is one of the best YouTuber ever. Hope you make a episode too.",0,"2026-09-20T14:13:54Z",1,2026-09-20 14:13:54,"Career Mode","I Takeover Chelsea in FC27 Career Mode!","BFordLancer"
"EnXDvcc3TqM","UgzPR4B9clzEl_NcBvR4AaABAg","@YusufMasnadi-Shirazi","UC2bTR4ImoPNiQgsBjUoDuBg","How dare YouTube hide me this for an hour🐐",26,"2026-09-20T14:12:08Z",1,2026-09-20 14:12:08,"Career Mode","I Takeover Chelsea in FC27 Career Mode!","BFordLancer"
"EnXDvcc3TqM","UgwNtv9Xt-SnYw6rV2J4AaABAg","@FFC-sdr","UCsUUAtF3rnKEgVb1RmFI1ZQ","FUN FACT: If you ""declare interest"" before ""enquire to buy"", it might boost up the player interest, which can be very  useful if it isn't very high currently",2,"2026-09-20T14:11:38Z",2,2026-09-20 14:11:38,"Career Mode","I Takeover Chelsea in FC27 Career Mode!","BFordLancer"
"EnXDvcc3TqM","Ugwr7BuauxhX-_vSecp4AaABAg","@NJR10P","UCDQf2a-3GlS70Au2CkWsUww","HOW DARE YT HIDE THIS FROM ME FOR 1 HR",0,"2026-09-20T14:06:42Z",0,2026-09-20 14:06:42,"Career Mode","I Takeover Chelsea in FC27 Career Mode!","BFordLancer"
"EnXDvcc3TqM","UgyebVz_8i2aWSSsO0Z4AaABAg","@mbkcsuad3516","UCF9IvfAZValGNyidbmmtDxw","That Chelsea attack is nuts but the defence 👀",0,"2026-09-20T14:06:37Z",0,2026-09-20 14:06:37,"Career Mode","I Takeover Chelsea in FC27 Career Mode!","BFordLancer"
"EnXDvcc3TqM","UgxOXl1MsUBNuljnY3B4AaABAg","@JoshuaRathnam-r9c","UCzZZJVxWag8-gj__nAnRf3g","Silva didnt end his career at Chelsea he plays for fluminense now",5,"2026-09-20T14:02:29Z",0,2026-09-20 14:02:29,"Career Mode","I Takeover Chelsea in FC27 Career Mode!","BFordLancer"
"EnXDvcc3TqM","Ugzl4q9tiA6s2KGmUWl4AaABAg","@michaelgiardina8617","UCBe86oWg6iK_pLGOPRoDpgg","Under one hour",1,"2026-09-20T14:00:37Z",0,2026-09-20 14:00:37,"Career Mode","I Takeover Chelsea in FC27 Career Mode!","BFordLancer"
"EnXDvcc3TqM","Ugx_ftmnIXHBF334Lz94AaABAg","@victoriaasieduwaa4751","UCo6ETrMljA9EYVV6BcFKEwg","BFORD PLEASE CAN U GET ME FC 27",0,"2026-09-20T13:54:52Z",0,2026-09-20 13:54:52,"Career Mode","I Takeover Chelsea in FC27 Career Mode!","BFordLancer"
"EnXDvcc3TqM","UgySoMsECNxSeIQRIIJ4AaABAg","@Luke_-_","UCkheKf17d_CLFoMl2LTbF5Q","Emi Martinez is worse than Sanchez",0,"2026-09-20T13:53:03Z",0,2026-09-20 13:53:03,"Career Mode","I Takeover Chelsea in FC27 Career Mode!","BFordLancer"
"EnXDvcc3TqM","UgyUrz9lF6TYICnrru54AaABAg","@Teddles2025","UCkJYgs7wTnaUyfuAaMpgHLg","Bford is goated🐐",0,"2026-09-20T13:43:23Z",0,2026-09-20 13:43:23,"Career Mode","I Takeover Chelsea in FC27 Career Mode!","BFordLancer"
"EnXDvcc3TqM","UgzJBTEnGmSKK7vRyhR4AaABAg","@connorabernethy1997","UCrs6FPtqsrvq5EOwW3ZOEYg","Thiago silva is still playing 😂😂",12,"2026-09-20T13:42:49Z",0,2026-09-20 13:42:49,"Career Mode","I Takeover Chelsea in FC27 Career Mode!","BFordLancer"
"EnXDvcc3TqM","Ugyqg2Bhk-Svm_0S0wZ4AaABAg","@okkotsue","UCclxnq9AZZBSSbhAfE2PNKQ","Bford blud",1,"2026-09-20T13:41:40Z",0,2026-09-20 13:41:40,"Career Mode","I Takeover Chelsea in FC27 Career Mode!","BFordLancer"
"EnXDvcc3TqM","Ugy09MMmgSSCHkeJbIV4AaABAg","@rep9303","UCHn_VPPR9jyZ81t5ZB0bAIQ","Lah-croo-ah, not lakroee",0,"2026-09-20T13:37:40Z",1,2026-09-20 13:37:40,"Career Mode","I Takeover Chelsea in FC27 Career Mode!","BFordLancer"
"EnXDvcc3TqM","UgzYLlkFRvUreha97bN4AaABAg","@Jaxoon17","UCIG7opkm7eAhkBYzHGvL9rQ","so unrealistic icl but your having fun and also the instalments are bad i recommend not using it unless you don’t have the budget",0,"2026-09-20T13:32:51Z",1,2026-09-20 13:32:51,"Career Mode","I Takeover Chelsea in FC27 Career Mode!","BFordLancer"
"EnXDvcc3TqM","UgzKvdXzJytdJscfnqN4AaABAg","@SarahWalsh-i3g","UCi5Y5C9usO_wYxS_BD0klBg","Hi",0,"2026-09-20T13:32:16Z",0,2026-09-20 13:32:16,"Career Mode","I Takeover Chelsea in FC27 Career Mode!","BFordLancer"
"EnXDvcc3TqM","UgzK9l3ao9WAXuQHZ054AaABAg","@Jaxoon17","UCIG7opkm7eAhkBYzHGvL9rQ","Manager looks like hasbulla🫩",0,"2026-09-20T13:25:42Z",0,2026-09-20 13:25:42,"Career Mode","I Takeover Chelsea in FC27 Career Mode!","BFordLancer"
"EnXDvcc3TqM","Ugxw3M-GRMktrZdpFjR4AaABAg","@EpicWave-cy9ki","UCQMruv352l_2nFTEL5jUeZQ","What is your favourite chelsea player of all time",0,"2026-09-20T13:24:20Z",0,2026-09-20 13:24:20,"Career Mode","I Takeover Chelsea in FC27 Career Mode!","BFordLancer"
"EnXDvcc3TqM","Ugz4vPDTFMZHTE6xoOl4AaABAg","@DreGaming09","UC52lF4uK8SfgS3ZI1WLyfVA","Can you do a Dortmund career mode FC27 please ? 🙏😭",0,"2026-09-20T13:23:42Z",0,2026-09-20 13:23:42,"Career Mode","I Takeover Chelsea in FC27 Career Mode!","BFordLancer"
"EnXDvcc3TqM","UgzdAGioQvMzeDeuCCd4AaABAg","@Finn-t1n7p","UCb93q0XLqsR-vbvlyppCV_Q","Yo 14 mins is crazy 😮",0,"2026-09-20T13:23:39Z",2,2026-09-20 13:23:39,"Career Mode","I Takeover Chelsea in FC27 Career Mode!","BFordLancer"
"EnXDvcc3TqM","UgysaslgMTr1AXIOCGp4AaABAg","@Ragebaiter7x7","UCaO7TEDtcW05MfA7oGVvTGA","The manager is older than chelsea's entire squad combined😭😭",220,"2026-09-20T13:22:43Z",10,2026-09-20 13:22:43,"Career Mode","I Takeover Chelsea in FC27 Career Mode!","BFordLancer"
"EnXDvcc3TqM","UgzzSfxBitmh6nejz7B4AaABAg","@DJMINIMAR2006","UCV8dCcFrXjzSbM-ahzyIEOA","We gonna move past the face he said thiago silva ended his career with Chelsea? Unc is still playing bro, your ball knowledge is washed for real 😂",1,"2026-09-20T13:22:15Z",0,2026-09-20 13:22:15,"Career Mode","I Takeover Chelsea in FC27 Career Mode!","BFordLancer"
"EnXDvcc3TqM","UgzbIgytQLpLjPI01DN4AaABAg","@Codww2Clips2","UCMkwiftqBRW1KmMX1f99YDw","my goat bford",0,"2026-09-20T13:21:44Z",0,2026-09-20 13:21:44,"Career Mode","I Takeover Chelsea in FC27 Career Mode!","BFordLancer"
"EnXDvcc3TqM","UgwCGnsVYIdTtyYShyZ4AaABAg","@charskull","UCdVw91MCDyr5l1PYEJwTWtA","Doing a chelsea career mode and not wanting to sign a cm is NEGATIVE ball knowledge",11,"2026-09-20T13:21:39Z",4,2026-09-20 13:21:39,"Career Mode","I Takeover Chelsea in FC27 Career Mode!","BFordLancer"
"EnXDvcc3TqM","UgxegaMDzYUh5IkBphB4AaABAg","@DreGaming09","UC52lF4uK8SfgS3ZI1WLyfVA","0:10 ngl he looks kinda like Kim Jong Un long lost brother ☠️🔥🥀",45,"2026-09-20T13:21:21Z",3,2026-09-20 13:21:21,"Career Mode","I Takeover Chelsea in FC27 Career Mode!","BFordLancer"
"EnXDvcc3TqM","UgwQOXYPl79ZsV4FrE54AaABAg","@crispybacon8078","UCZZ8WCdw6Xikx5hqZUKWFtw","1:33 dissapointed there was no caught a vibe reference iykyk",4,"2026-09-20T13:19:32Z",4,2026-09-20 13:19:32,"Career Mode","I Takeover Chelsea in FC27 Career Mode!","BFordLancer"
"EnXDvcc3TqM","Ugxxle_C7rdTYFg_7JF4AaABAg","@J9primetime","UC6WVC11Ob4EjixZOQHM-OaA","Bford can you please do a video about Matt freese because he plays for the us men’s national team and New York City fc. He is also one of my favorite players and I would suggest you make him a wonder kid. Also love your vids.",1,"2026-09-20T13:16:10Z",1,2026-09-20 13:16:10,"Career Mode","I Takeover Chelsea in FC27 Career Mode!","BFordLancer"
"EnXDvcc3TqM","Ugw4D177gppk5_KjV414AaABAg","@Samsaberi52","UCw-uJmmaZCMpdstH9trEu9g","Dude be careful you might get spurs job I'm saying this for your safety",0,"2026-09-20T13:13:41Z",0,2026-09-20 13:13:41,"Career Mode","I Takeover Chelsea in FC27 Career Mode!","BFordLancer"
"EnXDvcc3TqM","UgxJUGnE8JVILV2kvUd4AaABAg","@BallerBLN","UCobx5mPNsUQ-LQTPs1VGy2g","Does the goat reply",0,"2026-09-20T13:13:01Z",1,2026-09-20 13:13:01,"Career Mode","I Takeover Chelsea in FC27 Career Mode!","BFordLancer"
"EnXDvcc3TqM","UgzvhjQofmsDWGfhIJB4AaABAg","@Sportsbythenumbers67","UC14D08svbRZu6A-hlfYLlmg","Under 11 minutes
👇",1,"2026-09-20T13:12:01Z",0,2026-09-20 13:12:01,"Career Mode","I Takeover Chelsea in FC27 Career Mode!","BFordLancer"
"EnXDvcc3TqM","UgyyZk5J9QdB1hutVuJ4AaABAg","@mredit23h","UCxGjqGh2T1AGrItMLnFdSUA","how dare yt hides this from me for 9 mins",4,"2026-09-20T13:10:53Z",0,2026-09-20 13:10:53,"Career Mode","I Takeover Chelsea in FC27 Career Mode!","BFordLancer"
"EnXDvcc3TqM","UgyUrOlEMauYEg6Lbg54AaABAg","@HamzaElOuali-Official","UC8cHDsEa2EN_8Y5KctrkvfQ","Under 9 mins",1,"2026-09-20T13:10:10Z",0,2026-09-20 13:10:10,"Career Mode","I Takeover Chelsea in FC27 Career Mode!","BFordLancer"
"EnXDvcc3TqM","UgzzbpwIoPRHp1Ge5Ml4AaABAg","@top10yt24","UC99r6gfquKcJueIb1ZqTFTg","21st😊",0,"2026-09-20T13:09:48Z",0,2026-09-20 13:09:48,"Career Mode","I Takeover Chelsea in FC27 Career Mode!","BFordLancer"
"EnXDvcc3TqM","Ugz1jad8YorGnkrI0Ed4AaABAg","@qaali2103","UClDlzX0Ha0YlHFEAacvRStg","ur my fav utuber since 2022 Edit : THERE IS NO WAY BFORD ❤ MY COMMENT",1,"2026-09-20T13:07:35Z",0,2026-09-20 13:07:35,"Career Mode","I Takeover Chelsea in FC27 Career Mode!","BFordLancer"
"EnXDvcc3TqM","UgwEWc6XrPeHH5bkGMF4AaABAg","@NotIrish7","UC0ZxS8-r6wmg5EIWsZV4m3A","Yo w vid",0,"2026-09-20T13:07:05Z",0,2026-09-20 13:07:05,"Career Mode","I Takeover Chelsea in FC27 Career Mode!","BFordLancer"
"EnXDvcc3TqM","UgxfkIIahbwfliNi06J4AaABAg","@SoccerMasterBillion","UCj3Mly_auliM3CK60QTqYRA","I was playing with Chelsea yesterday in career mode",9,"2026-09-20T13:07:03Z",1,2026-09-20 13:07:03,"Career Mode","I Takeover Chelsea in FC27 Career Mode!","BFordLancer"
"EnXDvcc3TqM","UgyN_fA4CZxFkhhvEQ14AaABAg","@ugochiokeke3294","UCFrYPXDJy4NGzmtySfFUlUw","Arsenal are better",1,"2026-09-20T13:06:06Z",0,2026-09-20 13:06:06,"Career Mode","I Takeover Chelsea in FC27 Career Mode!","BFordLancer"
"EnXDvcc3TqM","UgxL72MBMEEsFlczL_N4AaABAg","@DaeguCityFCWasTaken-alt","UC-zFrwuFoYjhcGF9EBz02eQ","BFord, try it with the newly promoted club from South Korea's K League 1, Bucheon FC 1995. If they win it within 5 seasons, you will have to buy the Bucheon FC home kit. Rule: you will have to sign a bunch of Korean players and Brazilian players. As a biggest Daegu FC fan, we have officially removed from FC27, but we have to return to FC28 if we got promoted. Good luck, from Daegu City FC. ❤️❤️❤️",6,"2026-09-20T13:05:55Z",6,2026-09-20 13:05:55,"Career Mode","I Takeover Chelsea in FC27 Career Mode!","BFordLancer"
"EnXDvcc3TqM","UgwxQGsP5XcaQf07c8N4AaABAg","@ugochiokeke3294","UCFrYPXDJy4NGzmtySfFUlUw","W",0,"2026-09-20T13:05:48Z",0,2026-09-20 13:05:48,"Career Mode","I Takeover Chelsea in FC27 Career Mode!","BFordLancer"
"EnXDvcc3TqM","Ugx3R0iP-oJbI62UKDl4AaABAg","@nothingtolookat_132","UCEbr5iHeWKvuJz_rBZ6BdKQ","Holy refreshed pull 🫥😶‍🌫️🙏🦾",1,"2026-09-20T13:05:46Z",0,2026-09-20 13:05:46,"Career Mode","I Takeover Chelsea in FC27 Career Mode!","BFordLancer"
"EnXDvcc3TqM","UgzcGh3q3ziidwgqx2V4AaABAg","@Slayottto","UCQ_8Mh3FCpMG69k-kCgxtzA","Hello",0,"2026-09-20T13:05:24Z",0,2026-09-20 13:05:24,"Career Mode","I Takeover Chelsea in FC27 Career Mode!","BFordLancer"
"EnXDvcc3TqM","UgwZIlbpTJbZl7xU7AR4AaABAg","@HlomphoMngomezulu-i5p","UCrCZiatLW1hwWyu2AgCvR4g","Love vids 😍",0,"2026-09-20T13:04:12Z",0,2026-09-20 13:04:12,"Career Mode","I Takeover Chelsea in FC27 Career Mode!","BFordLancer"
"EnXDvcc3TqM","Ugy0RDZzb_5Yzo5v8054AaABAg","@o.p_reacts","UC37QRXJZ_TKzA6CeytwpaFg","Fire video 🔥
Excited for episode 2",2,"2026-09-20T13:03:47Z",0,2026-09-20 13:03:47,"Career Mode","I Takeover Chelsea in FC27 Career Mode!","BFordLancer"
"EnXDvcc3TqM","Ugz3_EPDfRkEPi3h7AB4AaABAg","@Brody-pg8jv","UCSp8DH6xJwKcIA8zqXfFWqA","The Legends who saw this before 1 day are gathered here",1,"2026-09-20T13:03:01Z",0,2026-09-20 13:03:01,"Career Mode","I Takeover Chelsea in FC27 Career Mode!","BFordLancer"
"EnXDvcc3TqM","UgytMBTnZ0Lomo1-hIt4AaABAg","@RealSimple__Editzz7","UCbIUhpwOdfeBYBbGTtwrOcQ","I hope BFORD C's dis LUV BRO",0,"2026-09-20T13:02:54Z",0,2026-09-20 13:02:54,"Career Mode","I Takeover Chelsea in FC27 Career Mode!","BFordLancer"
"EnXDvcc3TqM","UgwB3ebMrBHJf0DC9g14AaABAg","@perajarvo","UCfrLvbwUcf3LKbR3HNEZFxw","criminal to be this early",0,"2026-09-20T13:02:51Z",0,2026-09-20 13:02:51,"Career Mode","I Takeover Chelsea in FC27 Career Mode!","BFordLancer"
"EnXDvcc3TqM","UgwgAY0U0gz0A4oA69d4AaABAg","@YadonMoonie-i2t","UCif_knG0IOK8I7w_b6arKww","yoooo 9th",0,"2026-09-20T13:02:45Z",0,2026-09-20 13:02:45,"Career Mode","I Takeover Chelsea in FC27 Career Mode!","BFordLancer"
"EnXDvcc3TqM","Ugx0_0knjozo9cxNx094AaABAg","@Jdd_d","UCa2_3R3SOmESyhiLJ9w9C-w","25 seconds w",1,"2026-09-20T13:02:40Z",0,2026-09-20 13:02:40,"Career Mode","I Takeover Chelsea in FC27 Career Mode!","BFordLancer"
"EnXDvcc3TqM","UgyvKId3f7AtLkZ463h4AaABAg","@JaydenDoh-f6l","UCb1IiV4HG26_6i2cjsBVZCw","unemployment got me here early",0,"2026-09-20T13:02:18Z",0,2026-09-20 13:02:18,"Career Mode","I Takeover Chelsea in FC27 Career Mode!","BFordLancer"
"EnXDvcc3TqM","UgzHQ-ZNlsJlHcMo6eR4AaABAg","@gurukumarkumar2971","UCWoJVkvp19263m-JPWlJUhA","Big fan of u bro love u keep going next video replay career of ronaldo and messi and compare both",0,"2026-09-20T13:02:09Z",0,2026-09-20 13:02:09,"Career Mode","I Takeover Chelsea in FC27 Career Mode!","BFordLancer"
"EnXDvcc3TqM","UgwDshwkn_eExXh745J4AaABAg","@thomythom","UC_-oWdtu01atO_exmTAiPSw","First",0,"2026-09-20T13:02:09Z",1,2026-09-20 13:02:09,"Career Mode","I Takeover Chelsea in FC27 Career Mode!","BFordLancer"
"EnXDvcc3TqM","UgwF3HTZWzmJJBXbwpl4AaABAg","@Juniorgeorgeedison","UCV1ygwtEDY_hfDGIuyhqNcg","5th viewer",0,"2026-09-20T13:02:04Z",0,2026-09-20 13:02:04,"Career Mode","I Takeover Chelsea in FC27 Career Mode!","BFordLancer"
"EnXDvcc3TqM","UgzKmisKxq2yTvVBc6p4AaABAg","@Safanxpofficial","UCY4zpqL9hrXOLonTVuX8y7Q","Yo boi",0,"2026-09-20T13:01:59Z",0,2026-09-20 13:01:59,"Career Mode","I Takeover Chelsea in FC27 Career Mode!","BFordLancer"
"EnXDvcc3TqM","UgxBwWV1mgPqOQnP3D14AaABAg","@Theocreates-gta","UCa62ZDAlY0yucvv8kbNqEoA","Woah",0,"2026-09-20T13:01:43Z",0,2026-09-20 13:01:43,"Career Mode","I Takeover Chelsea in FC27 Career Mode!","BFordLancer"
"EnXDvcc3TqM","UgxlwJcf3lJpx0kNrUN4AaABAg","@Hyd_Icy","UC53zeKeaxVtYuGiP63FCn8Q","Holy timing 🙏",7,"2026-09-20T13:01:38Z",0,2026-09-20 13:01:38,"Career Mode","I Takeover Chelsea in FC27 Career Mode!","BFordLancer"
"EnXDvcc3TqM","UgxWw3EMmP_204DtKyl4AaABAg","@Jdd_d","UCa2_3R3SOmESyhiLJ9w9C-w","Yo this manager is cursed lol",2,"2026-09-20T13:01:37Z",0,2026-09-20 13:01:37,"Career Mode","I Takeover Chelsea in FC27 Career Mode!","BFordLancer"
"EnXDvcc3TqM","UgwL6_praYNlSNsWU3l4AaABAg","@Owenthegowen","UCm_yas9TNWyDW4BQkaxMpKA","Came in 49 seconds",0,"2026-09-20T13:01:37Z",0,2026-09-20 13:01:37,"Career Mode","I Takeover Chelsea in FC27 Career Mode!","BFordLancer"
"EnXDvcc3TqM","UgwaDwVkbot3EBRJzj14AaABAg","@ThePrinceWhoNeverBecameTheKing","UCcVp7hTl4lbsIGy6gr2B0KA","How dare youtube hit this from me for 30 secs",0,"2026-09-20T13:01:33Z",0,2026-09-20 13:01:33,"Career Mode","I Takeover Chelsea in FC27 Career Mode!","BFordLancer"
"EnXDvcc3TqM","Ugyj8bKtEnSx_yah0Jh4AaABAg","@MadhavSreekumar-e5x","UCkCkvBJsk7kdG1MuZzKMyRQ","Second viewer please pin😢",0,"2026-09-20T13:01:27Z",0,2026-09-20 13:01:27,"Career Mode","I Takeover Chelsea in FC27 Career Mode!","BFordLancer"
"EnXDvcc3TqM","UgzL2SErmnazQnGlcu54AaABAg","@CarlosSantos-fw9ze","UC4DJ5Rc4Q5zwqFbDRrXZxhw","Woah",0,"2026-09-20T13:01:09Z",0,2026-09-20 13:01:09,"Career Mode","I Takeover Chelsea in FC27 Career Mode!","BFordLancer"
